"replication","scenario_id","seed"
1,1,20360930
2,1,20360931
3,1,20360932
4,1,20360933
5,1,20360934
6,1,20360935
7,1,20360936
8,1,20360937
9,1,20360938
10,1,20360939
11,1,20360940
12,1,20360941
13,1,20360942
14,1,20360943
15,1,20360944
16,1,20360945
17,1,20360946
18,1,20360947
19,1,20360948
20,1,20360949
21,1,20360950
22,1,20360951
23,1,20360952
24,1,20360953
25,1,20360954
26,1,20360955
27,1,20360956
28,1,20360957
29,1,20360958
30,1,20360959
31,1,20360960
32,1,20360961
33,1,20360962
34,1,20360963
35,1,20360964
36,1,20360965
37,1,20360966
38,1,20360967
39,1,20360968
40,1,20360969
41,1,20360970
42,1,20360971
43,1,20360972
44,1,20360973
45,1,20360974
46,1,20360975
47,1,20360976
48,1,20360977
49,1,20360978
50,1,20360979
51,1,20360980
52,1,20360981
53,1,20360982
54,1,20360983
55,1,20360984
56,1,20360985
57,1,20360986
58,1,20360987
59,1,20360988
60,1,20360989
61,1,20360990
62,1,20360991
63,1,20360992
64,1,20360993
65,1,20360994
66,1,20360995
67,1,20360996
68,1,20360997
69,1,20360998
70,1,20360999
71,1,20361000
72,1,20361001
73,1,20361002
74,1,20361003
75,1,20361004
76,1,20361005
77,1,20361006
78,1,20361007
79,1,20361008
80,1,20361009
81,1,20361010
82,1,20361011
83,1,20361012
84,1,20361013
85,1,20361014
86,1,20361015
87,1,20361016
88,1,20361017
89,1,20361018
90,1,20361019
91,1,20361020
92,1,20361021
93,1,20361022
94,1,20361023
95,1,20361024
96,1,20361025
97,1,20361026
98,1,20361027
99,1,20361028
100,1,20361029
101,1,20361030
102,1,20361031
103,1,20361032
104,1,20361033
105,1,20361034
106,1,20361035
107,1,20361036
108,1,20361037
109,1,20361038
110,1,20361039
111,1,20361040
112,1,20361041
113,1,20361042
114,1,20361043
115,1,20361044
116,1,20361045
117,1,20361046
118,1,20361047
119,1,20361048
120,1,20361049
121,1,20361050
122,1,20361051
123,1,20361052
124,1,20361053
125,1,20361054
126,1,20361055
127,1,20361056
128,1,20361057
129,1,20361058
130,1,20361059
131,1,20361060
132,1,20361061
133,1,20361062
134,1,20361063
135,1,20361064
136,1,20361065
137,1,20361066
138,1,20361067
139,1,20361068
140,1,20361069
141,1,20361070
142,1,20361071
143,1,20361072
144,1,20361073
145,1,20361074
146,1,20361075
147,1,20361076
148,1,20361077
149,1,20361078
150,1,20361079
151,1,20361080
152,1,20361081
153,1,20361082
154,1,20361083
155,1,20361084
156,1,20361085
157,1,20361086
158,1,20361087
159,1,20361088
160,1,20361089
161,1,20361090
162,1,20361091
163,1,20361092
164,1,20361093
165,1,20361094
166,1,20361095
167,1,20361096
168,1,20361097
169,1,20361098
170,1,20361099
171,1,20361100
172,1,20361101
173,1,20361102
174,1,20361103
175,1,20361104
176,1,20361105
177,1,20361106
178,1,20361107
179,1,20361108
180,1,20361109
181,1,20361110
182,1,20361111
183,1,20361112
184,1,20361113
185,1,20361114
186,1,20361115
187,1,20361116
188,1,20361117
189,1,20361118
190,1,20361119
191,1,20361120
192,1,20361121
193,1,20361122
194,1,20361123
195,1,20361124
196,1,20361125
197,1,20361126
198,1,20361127
199,1,20361128
200,1,20361129
201,1,20361130
202,1,20361131
203,1,20361132
204,1,20361133
205,1,20361134
206,1,20361135
207,1,20361136
208,1,20361137
209,1,20361138
210,1,20361139
211,1,20361140
212,1,20361141
213,1,20361142
214,1,20361143
215,1,20361144
216,1,20361145
217,1,20361146
218,1,20361147
219,1,20361148
220,1,20361149
221,1,20361150
222,1,20361151
223,1,20361152
224,1,20361153
225,1,20361154
226,1,20361155
227,1,20361156
228,1,20361157
229,1,20361158
230,1,20361159
231,1,20361160
232,1,20361161
233,1,20361162
234,1,20361163
235,1,20361164
236,1,20361165
237,1,20361166
238,1,20361167
239,1,20361168
240,1,20361169
241,1,20361170
242,1,20361171
243,1,20361172
244,1,20361173
245,1,20361174
246,1,20361175
247,1,20361176
248,1,20361177
249,1,20361178
250,1,20361179
251,1,20361180
252,1,20361181
253,1,20361182
254,1,20361183
255,1,20361184
256,1,20361185
257,1,20361186
258,1,20361187
259,1,20361188
260,1,20361189
261,1,20361190
262,1,20361191
263,1,20361192
264,1,20361193
265,1,20361194
266,1,20361195
267,1,20361196
268,1,20361197
269,1,20361198
270,1,20361199
271,1,20361200
272,1,20361201
273,1,20361202
274,1,20361203
275,1,20361204
276,1,20361205
277,1,20361206
278,1,20361207
279,1,20361208
280,1,20361209
281,1,20361210
282,1,20361211
283,1,20361212
284,1,20361213
285,1,20361214
286,1,20361215
287,1,20361216
288,1,20361217
289,1,20361218
290,1,20361219
291,1,20361220
292,1,20361221
293,1,20361222
294,1,20361223
295,1,20361224
296,1,20361225
297,1,20361226
298,1,20361227
299,1,20361228
300,1,20361229
301,1,20361230
302,1,20361231
303,1,20361232
304,1,20361233
305,1,20361234
306,1,20361235
307,1,20361236
308,1,20361237
309,1,20361238
310,1,20361239
311,1,20361240
312,1,20361241
313,1,20361242
314,1,20361243
315,1,20361244
316,1,20361245
317,1,20361246
318,1,20361247
319,1,20361248
320,1,20361249
321,1,20361250
322,1,20361251
323,1,20361252
324,1,20361253
325,1,20361254
326,1,20361255
327,1,20361256
328,1,20361257
329,1,20361258
330,1,20361259
331,1,20361260
332,1,20361261
333,1,20361262
334,1,20361263
335,1,20361264
336,1,20361265
337,1,20361266
338,1,20361267
339,1,20361268
340,1,20361269
341,1,20361270
342,1,20361271
343,1,20361272
344,1,20361273
345,1,20361274
346,1,20361275
347,1,20361276
348,1,20361277
349,1,20361278
350,1,20361279
351,1,20361280
352,1,20361281
353,1,20361282
354,1,20361283
355,1,20361284
356,1,20361285
357,1,20361286
358,1,20361287
359,1,20361288
360,1,20361289
361,1,20361290
362,1,20361291
363,1,20361292
364,1,20361293
365,1,20361294
366,1,20361295
367,1,20361296
368,1,20361297
369,1,20361298
370,1,20361299
371,1,20361300
372,1,20361301
373,1,20361302
374,1,20361303
375,1,20361304
376,1,20361305
377,1,20361306
378,1,20361307
379,1,20361308
380,1,20361309
381,1,20361310
382,1,20361311
383,1,20361312
384,1,20361313
385,1,20361314
386,1,20361315
387,1,20361316
388,1,20361317
389,1,20361318
390,1,20361319
391,1,20361320
392,1,20361321
393,1,20361322
394,1,20361323
395,1,20361324
396,1,20361325
397,1,20361326
398,1,20361327
399,1,20361328
400,1,20361329
401,1,20361330
402,1,20361331
403,1,20361332
404,1,20361333
405,1,20361334
406,1,20361335
407,1,20361336
408,1,20361337
409,1,20361338
410,1,20361339
411,1,20361340
412,1,20361341
413,1,20361342
414,1,20361343
415,1,20361344
416,1,20361345
417,1,20361346
418,1,20361347
419,1,20361348
420,1,20361349
421,1,20361350
422,1,20361351
423,1,20361352
424,1,20361353
425,1,20361354
426,1,20361355
427,1,20361356
428,1,20361357
429,1,20361358
430,1,20361359
431,1,20361360
432,1,20361361
433,1,20361362
434,1,20361363
435,1,20361364
436,1,20361365
437,1,20361366
438,1,20361367
439,1,20361368
440,1,20361369
441,1,20361370
442,1,20361371
443,1,20361372
444,1,20361373
445,1,20361374
446,1,20361375
447,1,20361376
448,1,20361377
449,1,20361378
450,1,20361379
451,1,20361380
452,1,20361381
453,1,20361382
454,1,20361383
455,1,20361384
456,1,20361385
457,1,20361386
458,1,20361387
459,1,20361388
460,1,20361389
461,1,20361390
462,1,20361391
463,1,20361392
464,1,20361393
465,1,20361394
466,1,20361395
467,1,20361396
468,1,20361397
469,1,20361398
470,1,20361399
471,1,20361400
472,1,20361401
473,1,20361402
474,1,20361403
475,1,20361404
476,1,20361405
477,1,20361406
478,1,20361407
479,1,20361408
480,1,20361409
481,1,20361410
482,1,20361411
483,1,20361412
484,1,20361413
485,1,20361414
486,1,20361415
487,1,20361416
488,1,20361417
489,1,20361418
490,1,20361419
491,1,20361420
492,1,20361421
493,1,20361422
494,1,20361423
495,1,20361424
496,1,20361425
497,1,20361426
498,1,20361427
499,1,20361428
500,1,20361429
501,1,20361430
502,1,20361431
503,1,20361432
504,1,20361433
505,1,20361434
506,1,20361435
507,1,20361436
508,1,20361437
509,1,20361438
510,1,20361439
511,1,20361440
512,1,20361441
513,1,20361442
514,1,20361443
515,1,20361444
516,1,20361445
517,1,20361446
518,1,20361447
519,1,20361448
520,1,20361449
521,1,20361450
522,1,20361451
523,1,20361452
524,1,20361453
525,1,20361454
526,1,20361455
527,1,20361456
528,1,20361457
529,1,20361458
530,1,20361459
531,1,20361460
532,1,20361461
533,1,20361462
534,1,20361463
535,1,20361464
536,1,20361465
537,1,20361466
538,1,20361467
539,1,20361468
540,1,20361469
541,1,20361470
542,1,20361471
543,1,20361472
544,1,20361473
545,1,20361474
546,1,20361475
547,1,20361476
548,1,20361477
549,1,20361478
550,1,20361479
551,1,20361480
552,1,20361481
553,1,20361482
554,1,20361483
555,1,20361484
556,1,20361485
557,1,20361486
558,1,20361487
559,1,20361488
560,1,20361489
561,1,20361490
562,1,20361491
563,1,20361492
564,1,20361493
565,1,20361494
566,1,20361495
567,1,20361496
568,1,20361497
569,1,20361498
570,1,20361499
571,1,20361500
572,1,20361501
573,1,20361502
574,1,20361503
575,1,20361504
576,1,20361505
577,1,20361506
578,1,20361507
579,1,20361508
580,1,20361509
581,1,20361510
582,1,20361511
583,1,20361512
584,1,20361513
585,1,20361514
586,1,20361515
587,1,20361516
588,1,20361517
589,1,20361518
590,1,20361519
591,1,20361520
592,1,20361521
593,1,20361522
594,1,20361523
595,1,20361524
596,1,20361525
597,1,20361526
598,1,20361527
599,1,20361528
600,1,20361529
601,1,20361530
602,1,20361531
603,1,20361532
604,1,20361533
605,1,20361534
606,1,20361535
607,1,20361536
608,1,20361537
609,1,20361538
610,1,20361539
611,1,20361540
612,1,20361541
613,1,20361542
614,1,20361543
615,1,20361544
616,1,20361545
617,1,20361546
618,1,20361547
619,1,20361548
620,1,20361549
621,1,20361550
622,1,20361551
623,1,20361552
624,1,20361553
625,1,20361554
626,1,20361555
627,1,20361556
628,1,20361557
629,1,20361558
630,1,20361559
631,1,20361560
632,1,20361561
633,1,20361562
634,1,20361563
635,1,20361564
636,1,20361565
637,1,20361566
638,1,20361567
639,1,20361568
640,1,20361569
641,1,20361570
642,1,20361571
643,1,20361572
644,1,20361573
645,1,20361574
646,1,20361575
647,1,20361576
648,1,20361577
649,1,20361578
650,1,20361579
651,1,20361580
652,1,20361581
653,1,20361582
654,1,20361583
655,1,20361584
656,1,20361585
657,1,20361586
658,1,20361587
659,1,20361588
660,1,20361589
661,1,20361590
662,1,20361591
663,1,20361592
664,1,20361593
665,1,20361594
666,1,20361595
667,1,20361596
668,1,20361597
669,1,20361598
670,1,20361599
671,1,20361600
672,1,20361601
673,1,20361602
674,1,20361603
675,1,20361604
676,1,20361605
677,1,20361606
678,1,20361607
679,1,20361608
680,1,20361609
681,1,20361610
682,1,20361611
683,1,20361612
684,1,20361613
685,1,20361614
686,1,20361615
687,1,20361616
688,1,20361617
689,1,20361618
690,1,20361619
691,1,20361620
692,1,20361621
693,1,20361622
694,1,20361623
695,1,20361624
696,1,20361625
697,1,20361626
698,1,20361627
699,1,20361628
700,1,20361629
701,1,20361630
702,1,20361631
703,1,20361632
704,1,20361633
705,1,20361634
706,1,20361635
707,1,20361636
708,1,20361637
709,1,20361638
710,1,20361639
711,1,20361640
712,1,20361641
713,1,20361642
714,1,20361643
715,1,20361644
716,1,20361645
717,1,20361646
718,1,20361647
719,1,20361648
720,1,20361649
721,1,20361650
722,1,20361651
723,1,20361652
724,1,20361653
725,1,20361654
726,1,20361655
727,1,20361656
728,1,20361657
729,1,20361658
730,1,20361659
731,1,20361660
732,1,20361661
733,1,20361662
734,1,20361663
735,1,20361664
736,1,20361665
737,1,20361666
738,1,20361667
739,1,20361668
740,1,20361669
741,1,20361670
742,1,20361671
743,1,20361672
744,1,20361673
745,1,20361674
746,1,20361675
747,1,20361676
748,1,20361677
749,1,20361678
750,1,20361679
751,1,20361680
752,1,20361681
753,1,20361682
754,1,20361683
755,1,20361684
756,1,20361685
757,1,20361686
758,1,20361687
759,1,20361688
760,1,20361689
761,1,20361690
762,1,20361691
763,1,20361692
764,1,20361693
765,1,20361694
766,1,20361695
767,1,20361696
768,1,20361697
769,1,20361698
770,1,20361699
771,1,20361700
772,1,20361701
773,1,20361702
774,1,20361703
775,1,20361704
776,1,20361705
777,1,20361706
778,1,20361707
779,1,20361708
780,1,20361709
781,1,20361710
782,1,20361711
783,1,20361712
784,1,20361713
785,1,20361714
786,1,20361715
787,1,20361716
788,1,20361717
789,1,20361718
790,1,20361719
791,1,20361720
792,1,20361721
793,1,20361722
794,1,20361723
795,1,20361724
796,1,20361725
797,1,20361726
798,1,20361727
799,1,20361728
800,1,20361729
801,1,20361730
802,1,20361731
803,1,20361732
804,1,20361733
805,1,20361734
806,1,20361735
807,1,20361736
808,1,20361737
809,1,20361738
810,1,20361739
811,1,20361740
812,1,20361741
813,1,20361742
814,1,20361743
815,1,20361744
816,1,20361745
817,1,20361746
818,1,20361747
819,1,20361748
820,1,20361749
821,1,20361750
822,1,20361751
823,1,20361752
824,1,20361753
825,1,20361754
826,1,20361755
827,1,20361756
828,1,20361757
829,1,20361758
830,1,20361759
831,1,20361760
832,1,20361761
833,1,20361762
834,1,20361763
835,1,20361764
836,1,20361765
837,1,20361766
838,1,20361767
839,1,20361768
840,1,20361769
841,1,20361770
842,1,20361771
843,1,20361772
844,1,20361773
845,1,20361774
846,1,20361775
847,1,20361776
848,1,20361777
849,1,20361778
850,1,20361779
851,1,20361780
852,1,20361781
853,1,20361782
854,1,20361783
855,1,20361784
856,1,20361785
857,1,20361786
858,1,20361787
859,1,20361788
860,1,20361789
861,1,20361790
862,1,20361791
863,1,20361792
864,1,20361793
865,1,20361794
866,1,20361795
867,1,20361796
868,1,20361797
869,1,20361798
870,1,20361799
871,1,20361800
872,1,20361801
873,1,20361802
874,1,20361803
875,1,20361804
876,1,20361805
877,1,20361806
878,1,20361807
879,1,20361808
880,1,20361809
881,1,20361810
882,1,20361811
883,1,20361812
884,1,20361813
885,1,20361814
886,1,20361815
887,1,20361816
888,1,20361817
889,1,20361818
890,1,20361819
891,1,20361820
892,1,20361821
893,1,20361822
894,1,20361823
895,1,20361824
896,1,20361825
897,1,20361826
898,1,20361827
899,1,20361828
900,1,20361829
901,1,20361830
902,1,20361831
903,1,20361832
904,1,20361833
905,1,20361834
906,1,20361835
907,1,20361836
908,1,20361837
909,1,20361838
910,1,20361839
911,1,20361840
912,1,20361841
913,1,20361842
914,1,20361843
915,1,20361844
916,1,20361845
917,1,20361846
918,1,20361847
919,1,20361848
920,1,20361849
921,1,20361850
922,1,20361851
923,1,20361852
924,1,20361853
925,1,20361854
926,1,20361855
927,1,20361856
928,1,20361857
929,1,20361858
930,1,20361859
931,1,20361860
932,1,20361861
933,1,20361862
934,1,20361863
935,1,20361864
936,1,20361865
937,1,20361866
938,1,20361867
939,1,20361868
940,1,20361869
941,1,20361870
942,1,20361871
943,1,20361872
944,1,20361873
945,1,20361874
946,1,20361875
947,1,20361876
948,1,20361877
949,1,20361878
950,1,20361879
951,1,20361880
952,1,20361881
953,1,20361882
954,1,20361883
955,1,20361884
956,1,20361885
957,1,20361886
958,1,20361887
959,1,20361888
960,1,20361889
961,1,20361890
962,1,20361891
963,1,20361892
964,1,20361893
965,1,20361894
966,1,20361895
967,1,20361896
968,1,20361897
969,1,20361898
970,1,20361899
971,1,20361900
972,1,20361901
973,1,20361902
974,1,20361903
975,1,20361904
976,1,20361905
977,1,20361906
978,1,20361907
979,1,20361908
980,1,20361909
981,1,20361910
982,1,20361911
983,1,20361912
984,1,20361913
985,1,20361914
986,1,20361915
987,1,20361916
988,1,20361917
989,1,20361918
990,1,20361919
991,1,20361920
992,1,20361921
993,1,20361922
994,1,20361923
995,1,20361924
996,1,20361925
997,1,20361926
998,1,20361927
999,1,20361928
1000,1,20361929
1001,1,20361930
1002,1,20361931
1003,1,20361932
1004,1,20361933
1005,1,20361934
1006,1,20361935
1007,1,20361936
1008,1,20361937
1009,1,20361938
1010,1,20361939
1011,1,20361940
1012,1,20361941
1013,1,20361942
1014,1,20361943
1015,1,20361944
1016,1,20361945
1017,1,20361946
1018,1,20361947
1019,1,20361948
1020,1,20361949
1021,1,20361950
1022,1,20361951
1023,1,20361952
1024,1,20361953
1025,1,20361954
1026,1,20361955
1027,1,20361956
1028,1,20361957
1029,1,20361958
1030,1,20361959
1031,1,20361960
1032,1,20361961
1033,1,20361962
1034,1,20361963
1035,1,20361964
1036,1,20361965
1037,1,20361966
1038,1,20361967
1039,1,20361968
1040,1,20361969
1041,1,20361970
1042,1,20361971
1043,1,20361972
1044,1,20361973
1045,1,20361974
1046,1,20361975
1047,1,20361976
1048,1,20361977
1049,1,20361978
1050,1,20361979
1051,1,20361980
1052,1,20361981
1053,1,20361982
1054,1,20361983
1055,1,20361984
1056,1,20361985
1057,1,20361986
1058,1,20361987
1059,1,20361988
1060,1,20361989
1061,1,20361990
1062,1,20361991
1063,1,20361992
1064,1,20361993
1065,1,20361994
1066,1,20361995
1067,1,20361996
1068,1,20361997
1069,1,20361998
1070,1,20361999
1071,1,20362000
1072,1,20362001
1073,1,20362002
1074,1,20362003
1075,1,20362004
1076,1,20362005
1077,1,20362006
1078,1,20362007
1079,1,20362008
1080,1,20362009
1081,1,20362010
1082,1,20362011
1083,1,20362012
1084,1,20362013
1085,1,20362014
1086,1,20362015
1087,1,20362016
1088,1,20362017
1089,1,20362018
1090,1,20362019
1091,1,20362020
1092,1,20362021
1093,1,20362022
1094,1,20362023
1095,1,20362024
1096,1,20362025
1097,1,20362026
1098,1,20362027
1099,1,20362028
1100,1,20362029
1101,1,20362030
1102,1,20362031
1103,1,20362032
1104,1,20362033
1105,1,20362034
1106,1,20362035
1107,1,20362036
1108,1,20362037
1109,1,20362038
1110,1,20362039
1111,1,20362040
1112,1,20362041
1113,1,20362042
1114,1,20362043
1115,1,20362044
1116,1,20362045
1117,1,20362046
1118,1,20362047
1119,1,20362048
1120,1,20362049
1121,1,20362050
1122,1,20362051
1123,1,20362052
1124,1,20362053
1125,1,20362054
1126,1,20362055
1127,1,20362056
1128,1,20362057
1129,1,20362058
1130,1,20362059
1131,1,20362060
1132,1,20362061
1133,1,20362062
1134,1,20362063
1135,1,20362064
1136,1,20362065
1137,1,20362066
1138,1,20362067
1139,1,20362068
1140,1,20362069
1141,1,20362070
1142,1,20362071
1143,1,20362072
1144,1,20362073
1145,1,20362074
1146,1,20362075
1147,1,20362076
1148,1,20362077
1149,1,20362078
1150,1,20362079
1151,1,20362080
1152,1,20362081
1153,1,20362082
1154,1,20362083
1155,1,20362084
1156,1,20362085
1157,1,20362086
1158,1,20362087
1159,1,20362088
1160,1,20362089
1161,1,20362090
1162,1,20362091
1163,1,20362092
1164,1,20362093
1165,1,20362094
1166,1,20362095
1167,1,20362096
1168,1,20362097
1169,1,20362098
1170,1,20362099
1171,1,20362100
1172,1,20362101
1173,1,20362102
1174,1,20362103
1175,1,20362104
1176,1,20362105
1177,1,20362106
1178,1,20362107
1179,1,20362108
1180,1,20362109
1181,1,20362110
1182,1,20362111
1183,1,20362112
1184,1,20362113
1185,1,20362114
1186,1,20362115
1187,1,20362116
1188,1,20362117
1189,1,20362118
1190,1,20362119
1191,1,20362120
1192,1,20362121
1193,1,20362122
1194,1,20362123
1195,1,20362124
1196,1,20362125
1197,1,20362126
1198,1,20362127
1199,1,20362128
1200,1,20362129
1201,1,20362130
1202,1,20362131
1203,1,20362132
1204,1,20362133
1205,1,20362134
1206,1,20362135
1207,1,20362136
1208,1,20362137
1209,1,20362138
1210,1,20362139
1211,1,20362140
1212,1,20362141
1213,1,20362142
1214,1,20362143
1215,1,20362144
1216,1,20362145
1217,1,20362146
1218,1,20362147
1219,1,20362148
1220,1,20362149
1221,1,20362150
1222,1,20362151
1223,1,20362152
1224,1,20362153
1225,1,20362154
1226,1,20362155
1227,1,20362156
1228,1,20362157
1229,1,20362158
1230,1,20362159
1231,1,20362160
1232,1,20362161
1233,1,20362162
1234,1,20362163
1235,1,20362164
1236,1,20362165
1237,1,20362166
1238,1,20362167
1239,1,20362168
1240,1,20362169
1241,1,20362170
1242,1,20362171
1243,1,20362172
1244,1,20362173
1245,1,20362174
1246,1,20362175
1247,1,20362176
1248,1,20362177
1249,1,20362178
1250,1,20362179
1251,1,20362180
1252,1,20362181
1253,1,20362182
1254,1,20362183
1255,1,20362184
1256,1,20362185
1257,1,20362186
1258,1,20362187
1259,1,20362188
1260,1,20362189
1261,1,20362190
1262,1,20362191
1263,1,20362192
1264,1,20362193
1265,1,20362194
1266,1,20362195
1267,1,20362196
1268,1,20362197
1269,1,20362198
1270,1,20362199
1271,1,20362200
1272,1,20362201
1273,1,20362202
1274,1,20362203
1275,1,20362204
1276,1,20362205
1277,1,20362206
1278,1,20362207
1279,1,20362208
1280,1,20362209
1281,1,20362210
1282,1,20362211
1283,1,20362212
1284,1,20362213
1285,1,20362214
1286,1,20362215
1287,1,20362216
1288,1,20362217
1289,1,20362218
1290,1,20362219
1291,1,20362220
1292,1,20362221
1293,1,20362222
1294,1,20362223
1295,1,20362224
1296,1,20362225
1297,1,20362226
1298,1,20362227
1299,1,20362228
1300,1,20362229
1301,1,20362230
1302,1,20362231
1303,1,20362232
1304,1,20362233
1305,1,20362234
1306,1,20362235
1307,1,20362236
1308,1,20362237
1309,1,20362238
1310,1,20362239
1311,1,20362240
1312,1,20362241
1313,1,20362242
1314,1,20362243
1315,1,20362244
1316,1,20362245
1317,1,20362246
1318,1,20362247
1319,1,20362248
1320,1,20362249
1321,1,20362250
1322,1,20362251
1323,1,20362252
1324,1,20362253
1325,1,20362254
1326,1,20362255
1327,1,20362256
1328,1,20362257
1329,1,20362258
1330,1,20362259
1331,1,20362260
1332,1,20362261
1333,1,20362262
1334,1,20362263
1335,1,20362264
1336,1,20362265
1337,1,20362266
1338,1,20362267
1339,1,20362268
1340,1,20362269
1341,1,20362270
1342,1,20362271
1343,1,20362272
1344,1,20362273
1345,1,20362274
1346,1,20362275
1347,1,20362276
1348,1,20362277
1349,1,20362278
1350,1,20362279
1351,1,20362280
1352,1,20362281
1353,1,20362282
1354,1,20362283
1355,1,20362284
1356,1,20362285
1357,1,20362286
1358,1,20362287
1359,1,20362288
1360,1,20362289
1361,1,20362290
1362,1,20362291
1363,1,20362292
1364,1,20362293
1365,1,20362294
1366,1,20362295
1367,1,20362296
1368,1,20362297
1369,1,20362298
1370,1,20362299
1371,1,20362300
1372,1,20362301
1373,1,20362302
1374,1,20362303
1375,1,20362304
1376,1,20362305
1377,1,20362306
1378,1,20362307
1379,1,20362308
1380,1,20362309
1381,1,20362310
1382,1,20362311
1383,1,20362312
1384,1,20362313
1385,1,20362314
1386,1,20362315
1387,1,20362316
1388,1,20362317
1389,1,20362318
1390,1,20362319
1391,1,20362320
1392,1,20362321
1393,1,20362322
1394,1,20362323
1395,1,20362324
1396,1,20362325
1397,1,20362326
1398,1,20362327
1399,1,20362328
1400,1,20362329
1401,1,20362330
1402,1,20362331
1403,1,20362332
1404,1,20362333
1405,1,20362334
1406,1,20362335
1407,1,20362336
1408,1,20362337
1409,1,20362338
1410,1,20362339
1411,1,20362340
1412,1,20362341
1413,1,20362342
1414,1,20362343
1415,1,20362344
1416,1,20362345
1417,1,20362346
1418,1,20362347
1419,1,20362348
1420,1,20362349
1421,1,20362350
1422,1,20362351
1423,1,20362352
1424,1,20362353
1425,1,20362354
1426,1,20362355
1427,1,20362356
1428,1,20362357
1429,1,20362358
1430,1,20362359
1431,1,20362360
1432,1,20362361
1433,1,20362362
1434,1,20362363
1435,1,20362364
1436,1,20362365
1437,1,20362366
1438,1,20362367
1439,1,20362368
1440,1,20362369
1441,1,20362370
1442,1,20362371
1443,1,20362372
1444,1,20362373
1445,1,20362374
1446,1,20362375
1447,1,20362376
1448,1,20362377
1449,1,20362378
1450,1,20362379
1451,1,20362380
1452,1,20362381
1453,1,20362382
1454,1,20362383
1455,1,20362384
1456,1,20362385
1457,1,20362386
1458,1,20362387
1459,1,20362388
1460,1,20362389
1461,1,20362390
1462,1,20362391
1463,1,20362392
1464,1,20362393
1465,1,20362394
1466,1,20362395
1467,1,20362396
1468,1,20362397
1469,1,20362398
1470,1,20362399
1471,1,20362400
1472,1,20362401
1473,1,20362402
1474,1,20362403
1475,1,20362404
1476,1,20362405
1477,1,20362406
1478,1,20362407
1479,1,20362408
1480,1,20362409
1481,1,20362410
1482,1,20362411
1483,1,20362412
1484,1,20362413
1485,1,20362414
1486,1,20362415
1487,1,20362416
1488,1,20362417
1489,1,20362418
1490,1,20362419
1491,1,20362420
1492,1,20362421
1493,1,20362422
1494,1,20362423
1495,1,20362424
1496,1,20362425
1497,1,20362426
1498,1,20362427
1499,1,20362428
1500,1,20362429
1501,1,20362430
1502,1,20362431
1503,1,20362432
1504,1,20362433
1505,1,20362434
1506,1,20362435
1507,1,20362436
1508,1,20362437
1509,1,20362438
1510,1,20362439
1511,1,20362440
1512,1,20362441
1513,1,20362442
1514,1,20362443
1515,1,20362444
1516,1,20362445
1517,1,20362446
1518,1,20362447
1519,1,20362448
1520,1,20362449
1521,1,20362450
1522,1,20362451
1523,1,20362452
1524,1,20362453
1525,1,20362454
1526,1,20362455
1527,1,20362456
1528,1,20362457
1529,1,20362458
1530,1,20362459
1531,1,20362460
1532,1,20362461
1533,1,20362462
1534,1,20362463
1535,1,20362464
1536,1,20362465
1537,1,20362466
1538,1,20362467
1539,1,20362468
1540,1,20362469
1541,1,20362470
1542,1,20362471
1543,1,20362472
1544,1,20362473
1545,1,20362474
1546,1,20362475
1547,1,20362476
1548,1,20362477
1549,1,20362478
1550,1,20362479
1551,1,20362480
1552,1,20362481
1553,1,20362482
1554,1,20362483
1555,1,20362484
1556,1,20362485
1557,1,20362486
1558,1,20362487
1559,1,20362488
1560,1,20362489
1561,1,20362490
1562,1,20362491
1563,1,20362492
1564,1,20362493
1565,1,20362494
1566,1,20362495
1567,1,20362496
1568,1,20362497
1569,1,20362498
1570,1,20362499
1571,1,20362500
1572,1,20362501
1573,1,20362502
1574,1,20362503
1575,1,20362504
1576,1,20362505
1577,1,20362506
1578,1,20362507
1579,1,20362508
1580,1,20362509
1581,1,20362510
1582,1,20362511
1583,1,20362512
1584,1,20362513
1585,1,20362514
1586,1,20362515
1587,1,20362516
1588,1,20362517
1589,1,20362518
1590,1,20362519
1591,1,20362520
1592,1,20362521
1593,1,20362522
1594,1,20362523
1595,1,20362524
1596,1,20362525
1597,1,20362526
1598,1,20362527
1599,1,20362528
1600,1,20362529
1601,1,20362530
1602,1,20362531
1603,1,20362532
1604,1,20362533
1605,1,20362534
1606,1,20362535
1607,1,20362536
1608,1,20362537
1609,1,20362538
1610,1,20362539
1611,1,20362540
1612,1,20362541
1613,1,20362542
1614,1,20362543
1615,1,20362544
1616,1,20362545
1617,1,20362546
1618,1,20362547
1619,1,20362548
1620,1,20362549
1621,1,20362550
1622,1,20362551
1623,1,20362552
1624,1,20362553
1625,1,20362554
1626,1,20362555
1627,1,20362556
1628,1,20362557
1629,1,20362558
1630,1,20362559
1631,1,20362560
1632,1,20362561
1633,1,20362562
1634,1,20362563
1635,1,20362564
1636,1,20362565
1637,1,20362566
1638,1,20362567
1639,1,20362568
1640,1,20362569
1641,1,20362570
1642,1,20362571
1643,1,20362572
1644,1,20362573
1645,1,20362574
1646,1,20362575
1647,1,20362576
1648,1,20362577
1649,1,20362578
1650,1,20362579
1651,1,20362580
1652,1,20362581
1653,1,20362582
1654,1,20362583
1655,1,20362584
1656,1,20362585
1657,1,20362586
1658,1,20362587
1659,1,20362588
1660,1,20362589
1661,1,20362590
1662,1,20362591
1663,1,20362592
1664,1,20362593
1665,1,20362594
1666,1,20362595
1667,1,20362596
1668,1,20362597
1669,1,20362598
1670,1,20362599
1671,1,20362600
1672,1,20362601
1673,1,20362602
1674,1,20362603
1675,1,20362604
1676,1,20362605
1677,1,20362606
1678,1,20362607
1679,1,20362608
1680,1,20362609
1681,1,20362610
1682,1,20362611
1683,1,20362612
1684,1,20362613
1685,1,20362614
1686,1,20362615
1687,1,20362616
1688,1,20362617
1689,1,20362618
1690,1,20362619
1691,1,20362620
1692,1,20362621
1693,1,20362622
1694,1,20362623
1695,1,20362624
1696,1,20362625
1697,1,20362626
1698,1,20362627
1699,1,20362628
1700,1,20362629
1701,1,20362630
1702,1,20362631
1703,1,20362632
1704,1,20362633
1705,1,20362634
1706,1,20362635
1707,1,20362636
1708,1,20362637
1709,1,20362638
1710,1,20362639
1711,1,20362640
1712,1,20362641
1713,1,20362642
1714,1,20362643
1715,1,20362644
1716,1,20362645
1717,1,20362646
1718,1,20362647
1719,1,20362648
1720,1,20362649
1721,1,20362650
1722,1,20362651
1723,1,20362652
1724,1,20362653
1725,1,20362654
1726,1,20362655
1727,1,20362656
1728,1,20362657
1729,1,20362658
1730,1,20362659
1731,1,20362660
1732,1,20362661
1733,1,20362662
1734,1,20362663
1735,1,20362664
1736,1,20362665
1737,1,20362666
1738,1,20362667
1739,1,20362668
1740,1,20362669
1741,1,20362670
1742,1,20362671
1743,1,20362672
1744,1,20362673
1745,1,20362674
1746,1,20362675
1747,1,20362676
1748,1,20362677
1749,1,20362678
1750,1,20362679
1751,1,20362680
1752,1,20362681
1753,1,20362682
1754,1,20362683
1755,1,20362684
1756,1,20362685
1757,1,20362686
1758,1,20362687
1759,1,20362688
1760,1,20362689
1761,1,20362690
1762,1,20362691
1763,1,20362692
1764,1,20362693
1765,1,20362694
1766,1,20362695
1767,1,20362696
1768,1,20362697
1769,1,20362698
1770,1,20362699
1771,1,20362700
1772,1,20362701
1773,1,20362702
1774,1,20362703
1775,1,20362704
1776,1,20362705
1777,1,20362706
1778,1,20362707
1779,1,20362708
1780,1,20362709
1781,1,20362710
1782,1,20362711
1783,1,20362712
1784,1,20362713
1785,1,20362714
1786,1,20362715
1787,1,20362716
1788,1,20362717
1789,1,20362718
1790,1,20362719
1791,1,20362720
1792,1,20362721
1793,1,20362722
1794,1,20362723
1795,1,20362724
1796,1,20362725
1797,1,20362726
1798,1,20362727
1799,1,20362728
1800,1,20362729
1801,1,20362730
1802,1,20362731
1803,1,20362732
1804,1,20362733
1805,1,20362734
1806,1,20362735
1807,1,20362736
1808,1,20362737
1809,1,20362738
1810,1,20362739
1811,1,20362740
1812,1,20362741
1813,1,20362742
1814,1,20362743
1815,1,20362744
1816,1,20362745
1817,1,20362746
1818,1,20362747
1819,1,20362748
1820,1,20362749
1821,1,20362750
1822,1,20362751
1823,1,20362752
1824,1,20362753
1825,1,20362754
1826,1,20362755
1827,1,20362756
1828,1,20362757
1829,1,20362758
1830,1,20362759
1831,1,20362760
1832,1,20362761
1833,1,20362762
1834,1,20362763
1835,1,20362764
1836,1,20362765
1837,1,20362766
1838,1,20362767
1839,1,20362768
1840,1,20362769
1841,1,20362770
1842,1,20362771
1843,1,20362772
1844,1,20362773
1845,1,20362774
1846,1,20362775
1847,1,20362776
1848,1,20362777
1849,1,20362778
1850,1,20362779
1851,1,20362780
1852,1,20362781
1853,1,20362782
1854,1,20362783
1855,1,20362784
1856,1,20362785
1857,1,20362786
1858,1,20362787
1859,1,20362788
1860,1,20362789
1861,1,20362790
1862,1,20362791
1863,1,20362792
1864,1,20362793
1865,1,20362794
1866,1,20362795
1867,1,20362796
1868,1,20362797
1869,1,20362798
1870,1,20362799
1871,1,20362800
1872,1,20362801
1873,1,20362802
1874,1,20362803
1875,1,20362804
1876,1,20362805
1877,1,20362806
1878,1,20362807
1879,1,20362808
1880,1,20362809
1881,1,20362810
1882,1,20362811
1883,1,20362812
1884,1,20362813
1885,1,20362814
1886,1,20362815
1887,1,20362816
1888,1,20362817
1889,1,20362818
1890,1,20362819
1891,1,20362820
1892,1,20362821
1893,1,20362822
1894,1,20362823
1895,1,20362824
1896,1,20362825
1897,1,20362826
1898,1,20362827
1899,1,20362828
1900,1,20362829
1901,1,20362830
1902,1,20362831
1903,1,20362832
1904,1,20362833
1905,1,20362834
1906,1,20362835
1907,1,20362836
1908,1,20362837
1909,1,20362838
1910,1,20362839
1911,1,20362840
1912,1,20362841
1913,1,20362842
1914,1,20362843
1915,1,20362844
1916,1,20362845
1917,1,20362846
1918,1,20362847
1919,1,20362848
1920,1,20362849
1921,1,20362850
1922,1,20362851
1923,1,20362852
1924,1,20362853
1925,1,20362854
1926,1,20362855
1927,1,20362856
1928,1,20362857
1929,1,20362858
1930,1,20362859
1931,1,20362860
1932,1,20362861
1933,1,20362862
1934,1,20362863
1935,1,20362864
1936,1,20362865
1937,1,20362866
1938,1,20362867
1939,1,20362868
1940,1,20362869
1941,1,20362870
1942,1,20362871
1943,1,20362872
1944,1,20362873
1945,1,20362874
1946,1,20362875
1947,1,20362876
1948,1,20362877
1949,1,20362878
1950,1,20362879
1951,1,20362880
1952,1,20362881
1953,1,20362882
1954,1,20362883
1955,1,20362884
1956,1,20362885
1957,1,20362886
1958,1,20362887
1959,1,20362888
1960,1,20362889
1961,1,20362890
1962,1,20362891
1963,1,20362892
1964,1,20362893
1965,1,20362894
1966,1,20362895
1967,1,20362896
1968,1,20362897
1969,1,20362898
1970,1,20362899
1971,1,20362900
1972,1,20362901
1973,1,20362902
1974,1,20362903
1975,1,20362904
1976,1,20362905
1977,1,20362906
1978,1,20362907
1979,1,20362908
1980,1,20362909
1981,1,20362910
1982,1,20362911
1983,1,20362912
1984,1,20362913
1985,1,20362914
1986,1,20362915
1987,1,20362916
1988,1,20362917
1989,1,20362918
1990,1,20362919
1991,1,20362920
1992,1,20362921
1993,1,20362922
1994,1,20362923
1995,1,20362924
1996,1,20362925
1997,1,20362926
1998,1,20362927
1999,1,20362928
2000,1,20362929
1,2,20460930
2,2,20460931
3,2,20460932
4,2,20460933
5,2,20460934
6,2,20460935
7,2,20460936
8,2,20460937
9,2,20460938
10,2,20460939
11,2,20460940
12,2,20460941
13,2,20460942
14,2,20460943
15,2,20460944
16,2,20460945
17,2,20460946
18,2,20460947
19,2,20460948
20,2,20460949
21,2,20460950
22,2,20460951
23,2,20460952
24,2,20460953
25,2,20460954
26,2,20460955
27,2,20460956
28,2,20460957
29,2,20460958
30,2,20460959
31,2,20460960
32,2,20460961
33,2,20460962
34,2,20460963
35,2,20460964
36,2,20460965
37,2,20460966
38,2,20460967
39,2,20460968
40,2,20460969
41,2,20460970
42,2,20460971
43,2,20460972
44,2,20460973
45,2,20460974
46,2,20460975
47,2,20460976
48,2,20460977
49,2,20460978
50,2,20460979
51,2,20460980
52,2,20460981
53,2,20460982
54,2,20460983
55,2,20460984
56,2,20460985
57,2,20460986
58,2,20460987
59,2,20460988
60,2,20460989
61,2,20460990
62,2,20460991
63,2,20460992
64,2,20460993
65,2,20460994
66,2,20460995
67,2,20460996
68,2,20460997
69,2,20460998
70,2,20460999
71,2,20461000
72,2,20461001
73,2,20461002
74,2,20461003
75,2,20461004
76,2,20461005
77,2,20461006
78,2,20461007
79,2,20461008
80,2,20461009
81,2,20461010
82,2,20461011
83,2,20461012
84,2,20461013
85,2,20461014
86,2,20461015
87,2,20461016
88,2,20461017
89,2,20461018
90,2,20461019
91,2,20461020
92,2,20461021
93,2,20461022
94,2,20461023
95,2,20461024
96,2,20461025
97,2,20461026
98,2,20461027
99,2,20461028
100,2,20461029
101,2,20461030
102,2,20461031
103,2,20461032
104,2,20461033
105,2,20461034
106,2,20461035
107,2,20461036
108,2,20461037
109,2,20461038
110,2,20461039
111,2,20461040
112,2,20461041
113,2,20461042
114,2,20461043
115,2,20461044
116,2,20461045
117,2,20461046
118,2,20461047
119,2,20461048
120,2,20461049
121,2,20461050
122,2,20461051
123,2,20461052
124,2,20461053
125,2,20461054
126,2,20461055
127,2,20461056
128,2,20461057
129,2,20461058
130,2,20461059
131,2,20461060
132,2,20461061
133,2,20461062
134,2,20461063
135,2,20461064
136,2,20461065
137,2,20461066
138,2,20461067
139,2,20461068
140,2,20461069
141,2,20461070
142,2,20461071
143,2,20461072
144,2,20461073
145,2,20461074
146,2,20461075
147,2,20461076
148,2,20461077
149,2,20461078
150,2,20461079
151,2,20461080
152,2,20461081
153,2,20461082
154,2,20461083
155,2,20461084
156,2,20461085
157,2,20461086
158,2,20461087
159,2,20461088
160,2,20461089
161,2,20461090
162,2,20461091
163,2,20461092
164,2,20461093
165,2,20461094
166,2,20461095
167,2,20461096
168,2,20461097
169,2,20461098
170,2,20461099
171,2,20461100
172,2,20461101
173,2,20461102
174,2,20461103
175,2,20461104
176,2,20461105
177,2,20461106
178,2,20461107
179,2,20461108
180,2,20461109
181,2,20461110
182,2,20461111
183,2,20461112
184,2,20461113
185,2,20461114
186,2,20461115
187,2,20461116
188,2,20461117
189,2,20461118
190,2,20461119
191,2,20461120
192,2,20461121
193,2,20461122
194,2,20461123
195,2,20461124
196,2,20461125
197,2,20461126
198,2,20461127
199,2,20461128
200,2,20461129
201,2,20461130
202,2,20461131
203,2,20461132
204,2,20461133
205,2,20461134
206,2,20461135
207,2,20461136
208,2,20461137
209,2,20461138
210,2,20461139
211,2,20461140
212,2,20461141
213,2,20461142
214,2,20461143
215,2,20461144
216,2,20461145
217,2,20461146
218,2,20461147
219,2,20461148
220,2,20461149
221,2,20461150
222,2,20461151
223,2,20461152
224,2,20461153
225,2,20461154
226,2,20461155
227,2,20461156
228,2,20461157
229,2,20461158
230,2,20461159
231,2,20461160
232,2,20461161
233,2,20461162
234,2,20461163
235,2,20461164
236,2,20461165
237,2,20461166
238,2,20461167
239,2,20461168
240,2,20461169
241,2,20461170
242,2,20461171
243,2,20461172
244,2,20461173
245,2,20461174
246,2,20461175
247,2,20461176
248,2,20461177
249,2,20461178
250,2,20461179
251,2,20461180
252,2,20461181
253,2,20461182
254,2,20461183
255,2,20461184
256,2,20461185
257,2,20461186
258,2,20461187
259,2,20461188
260,2,20461189
261,2,20461190
262,2,20461191
263,2,20461192
264,2,20461193
265,2,20461194
266,2,20461195
267,2,20461196
268,2,20461197
269,2,20461198
270,2,20461199
271,2,20461200
272,2,20461201
273,2,20461202
274,2,20461203
275,2,20461204
276,2,20461205
277,2,20461206
278,2,20461207
279,2,20461208
280,2,20461209
281,2,20461210
282,2,20461211
283,2,20461212
284,2,20461213
285,2,20461214
286,2,20461215
287,2,20461216
288,2,20461217
289,2,20461218
290,2,20461219
291,2,20461220
292,2,20461221
293,2,20461222
294,2,20461223
295,2,20461224
296,2,20461225
297,2,20461226
298,2,20461227
299,2,20461228
300,2,20461229
301,2,20461230
302,2,20461231
303,2,20461232
304,2,20461233
305,2,20461234
306,2,20461235
307,2,20461236
308,2,20461237
309,2,20461238
310,2,20461239
311,2,20461240
312,2,20461241
313,2,20461242
314,2,20461243
315,2,20461244
316,2,20461245
317,2,20461246
318,2,20461247
319,2,20461248
320,2,20461249
321,2,20461250
322,2,20461251
323,2,20461252
324,2,20461253
325,2,20461254
326,2,20461255
327,2,20461256
328,2,20461257
329,2,20461258
330,2,20461259
331,2,20461260
332,2,20461261
333,2,20461262
334,2,20461263
335,2,20461264
336,2,20461265
337,2,20461266
338,2,20461267
339,2,20461268
340,2,20461269
341,2,20461270
342,2,20461271
343,2,20461272
344,2,20461273
345,2,20461274
346,2,20461275
347,2,20461276
348,2,20461277
349,2,20461278
350,2,20461279
351,2,20461280
352,2,20461281
353,2,20461282
354,2,20461283
355,2,20461284
356,2,20461285
357,2,20461286
358,2,20461287
359,2,20461288
360,2,20461289
361,2,20461290
362,2,20461291
363,2,20461292
364,2,20461293
365,2,20461294
366,2,20461295
367,2,20461296
368,2,20461297
369,2,20461298
370,2,20461299
371,2,20461300
372,2,20461301
373,2,20461302
374,2,20461303
375,2,20461304
376,2,20461305
377,2,20461306
378,2,20461307
379,2,20461308
380,2,20461309
381,2,20461310
382,2,20461311
383,2,20461312
384,2,20461313
385,2,20461314
386,2,20461315
387,2,20461316
388,2,20461317
389,2,20461318
390,2,20461319
391,2,20461320
392,2,20461321
393,2,20461322
394,2,20461323
395,2,20461324
396,2,20461325
397,2,20461326
398,2,20461327
399,2,20461328
400,2,20461329
401,2,20461330
402,2,20461331
403,2,20461332
404,2,20461333
405,2,20461334
406,2,20461335
407,2,20461336
408,2,20461337
409,2,20461338
410,2,20461339
411,2,20461340
412,2,20461341
413,2,20461342
414,2,20461343
415,2,20461344
416,2,20461345
417,2,20461346
418,2,20461347
419,2,20461348
420,2,20461349
421,2,20461350
422,2,20461351
423,2,20461352
424,2,20461353
425,2,20461354
426,2,20461355
427,2,20461356
428,2,20461357
429,2,20461358
430,2,20461359
431,2,20461360
432,2,20461361
433,2,20461362
434,2,20461363
435,2,20461364
436,2,20461365
437,2,20461366
438,2,20461367
439,2,20461368
440,2,20461369
441,2,20461370
442,2,20461371
443,2,20461372
444,2,20461373
445,2,20461374
446,2,20461375
447,2,20461376
448,2,20461377
449,2,20461378
450,2,20461379
451,2,20461380
452,2,20461381
453,2,20461382
454,2,20461383
455,2,20461384
456,2,20461385
457,2,20461386
458,2,20461387
459,2,20461388
460,2,20461389
461,2,20461390
462,2,20461391
463,2,20461392
464,2,20461393
465,2,20461394
466,2,20461395
467,2,20461396
468,2,20461397
469,2,20461398
470,2,20461399
471,2,20461400
472,2,20461401
473,2,20461402
474,2,20461403
475,2,20461404
476,2,20461405
477,2,20461406
478,2,20461407
479,2,20461408
480,2,20461409
481,2,20461410
482,2,20461411
483,2,20461412
484,2,20461413
485,2,20461414
486,2,20461415
487,2,20461416
488,2,20461417
489,2,20461418
490,2,20461419
491,2,20461420
492,2,20461421
493,2,20461422
494,2,20461423
495,2,20461424
496,2,20461425
497,2,20461426
498,2,20461427
499,2,20461428
500,2,20461429
501,2,20461430
502,2,20461431
503,2,20461432
504,2,20461433
505,2,20461434
506,2,20461435
507,2,20461436
508,2,20461437
509,2,20461438
510,2,20461439
511,2,20461440
512,2,20461441
513,2,20461442
514,2,20461443
515,2,20461444
516,2,20461445
517,2,20461446
518,2,20461447
519,2,20461448
520,2,20461449
521,2,20461450
522,2,20461451
523,2,20461452
524,2,20461453
525,2,20461454
526,2,20461455
527,2,20461456
528,2,20461457
529,2,20461458
530,2,20461459
531,2,20461460
532,2,20461461
533,2,20461462
534,2,20461463
535,2,20461464
536,2,20461465
537,2,20461466
538,2,20461467
539,2,20461468
540,2,20461469
541,2,20461470
542,2,20461471
543,2,20461472
544,2,20461473
545,2,20461474
546,2,20461475
547,2,20461476
548,2,20461477
549,2,20461478
550,2,20461479
551,2,20461480
552,2,20461481
553,2,20461482
554,2,20461483
555,2,20461484
556,2,20461485
557,2,20461486
558,2,20461487
559,2,20461488
560,2,20461489
561,2,20461490
562,2,20461491
563,2,20461492
564,2,20461493
565,2,20461494
566,2,20461495
567,2,20461496
568,2,20461497
569,2,20461498
570,2,20461499
571,2,20461500
572,2,20461501
573,2,20461502
574,2,20461503
575,2,20461504
576,2,20461505
577,2,20461506
578,2,20461507
579,2,20461508
580,2,20461509
581,2,20461510
582,2,20461511
583,2,20461512
584,2,20461513
585,2,20461514
586,2,20461515
587,2,20461516
588,2,20461517
589,2,20461518
590,2,20461519
591,2,20461520
592,2,20461521
593,2,20461522
594,2,20461523
595,2,20461524
596,2,20461525
597,2,20461526
598,2,20461527
599,2,20461528
600,2,20461529
601,2,20461530
602,2,20461531
603,2,20461532
604,2,20461533
605,2,20461534
606,2,20461535
607,2,20461536
608,2,20461537
609,2,20461538
610,2,20461539
611,2,20461540
612,2,20461541
613,2,20461542
614,2,20461543
615,2,20461544
616,2,20461545
617,2,20461546
618,2,20461547
619,2,20461548
620,2,20461549
621,2,20461550
622,2,20461551
623,2,20461552
624,2,20461553
625,2,20461554
626,2,20461555
627,2,20461556
628,2,20461557
629,2,20461558
630,2,20461559
631,2,20461560
632,2,20461561
633,2,20461562
634,2,20461563
635,2,20461564
636,2,20461565
637,2,20461566
638,2,20461567
639,2,20461568
640,2,20461569
641,2,20461570
642,2,20461571
643,2,20461572
644,2,20461573
645,2,20461574
646,2,20461575
647,2,20461576
648,2,20461577
649,2,20461578
650,2,20461579
651,2,20461580
652,2,20461581
653,2,20461582
654,2,20461583
655,2,20461584
656,2,20461585
657,2,20461586
658,2,20461587
659,2,20461588
660,2,20461589
661,2,20461590
662,2,20461591
663,2,20461592
664,2,20461593
665,2,20461594
666,2,20461595
667,2,20461596
668,2,20461597
669,2,20461598
670,2,20461599
671,2,20461600
672,2,20461601
673,2,20461602
674,2,20461603
675,2,20461604
676,2,20461605
677,2,20461606
678,2,20461607
679,2,20461608
680,2,20461609
681,2,20461610
682,2,20461611
683,2,20461612
684,2,20461613
685,2,20461614
686,2,20461615
687,2,20461616
688,2,20461617
689,2,20461618
690,2,20461619
691,2,20461620
692,2,20461621
693,2,20461622
694,2,20461623
695,2,20461624
696,2,20461625
697,2,20461626
698,2,20461627
699,2,20461628
700,2,20461629
701,2,20461630
702,2,20461631
703,2,20461632
704,2,20461633
705,2,20461634
706,2,20461635
707,2,20461636
708,2,20461637
709,2,20461638
710,2,20461639
711,2,20461640
712,2,20461641
713,2,20461642
714,2,20461643
715,2,20461644
716,2,20461645
717,2,20461646
718,2,20461647
719,2,20461648
720,2,20461649
721,2,20461650
722,2,20461651
723,2,20461652
724,2,20461653
725,2,20461654
726,2,20461655
727,2,20461656
728,2,20461657
729,2,20461658
730,2,20461659
731,2,20461660
732,2,20461661
733,2,20461662
734,2,20461663
735,2,20461664
736,2,20461665
737,2,20461666
738,2,20461667
739,2,20461668
740,2,20461669
741,2,20461670
742,2,20461671
743,2,20461672
744,2,20461673
745,2,20461674
746,2,20461675
747,2,20461676
748,2,20461677
749,2,20461678
750,2,20461679
751,2,20461680
752,2,20461681
753,2,20461682
754,2,20461683
755,2,20461684
756,2,20461685
757,2,20461686
758,2,20461687
759,2,20461688
760,2,20461689
761,2,20461690
762,2,20461691
763,2,20461692
764,2,20461693
765,2,20461694
766,2,20461695
767,2,20461696
768,2,20461697
769,2,20461698
770,2,20461699
771,2,20461700
772,2,20461701
773,2,20461702
774,2,20461703
775,2,20461704
776,2,20461705
777,2,20461706
778,2,20461707
779,2,20461708
780,2,20461709
781,2,20461710
782,2,20461711
783,2,20461712
784,2,20461713
785,2,20461714
786,2,20461715
787,2,20461716
788,2,20461717
789,2,20461718
790,2,20461719
791,2,20461720
792,2,20461721
793,2,20461722
794,2,20461723
795,2,20461724
796,2,20461725
797,2,20461726
798,2,20461727
799,2,20461728
800,2,20461729
801,2,20461730
802,2,20461731
803,2,20461732
804,2,20461733
805,2,20461734
806,2,20461735
807,2,20461736
808,2,20461737
809,2,20461738
810,2,20461739
811,2,20461740
812,2,20461741
813,2,20461742
814,2,20461743
815,2,20461744
816,2,20461745
817,2,20461746
818,2,20461747
819,2,20461748
820,2,20461749
821,2,20461750
822,2,20461751
823,2,20461752
824,2,20461753
825,2,20461754
826,2,20461755
827,2,20461756
828,2,20461757
829,2,20461758
830,2,20461759
831,2,20461760
832,2,20461761
833,2,20461762
834,2,20461763
835,2,20461764
836,2,20461765
837,2,20461766
838,2,20461767
839,2,20461768
840,2,20461769
841,2,20461770
842,2,20461771
843,2,20461772
844,2,20461773
845,2,20461774
846,2,20461775
847,2,20461776
848,2,20461777
849,2,20461778
850,2,20461779
851,2,20461780
852,2,20461781
853,2,20461782
854,2,20461783
855,2,20461784
856,2,20461785
857,2,20461786
858,2,20461787
859,2,20461788
860,2,20461789
861,2,20461790
862,2,20461791
863,2,20461792
864,2,20461793
865,2,20461794
866,2,20461795
867,2,20461796
868,2,20461797
869,2,20461798
870,2,20461799
871,2,20461800
872,2,20461801
873,2,20461802
874,2,20461803
875,2,20461804
876,2,20461805
877,2,20461806
878,2,20461807
879,2,20461808
880,2,20461809
881,2,20461810
882,2,20461811
883,2,20461812
884,2,20461813
885,2,20461814
886,2,20461815
887,2,20461816
888,2,20461817
889,2,20461818
890,2,20461819
891,2,20461820
892,2,20461821
893,2,20461822
894,2,20461823
895,2,20461824
896,2,20461825
897,2,20461826
898,2,20461827
899,2,20461828
900,2,20461829
901,2,20461830
902,2,20461831
903,2,20461832
904,2,20461833
905,2,20461834
906,2,20461835
907,2,20461836
908,2,20461837
909,2,20461838
910,2,20461839
911,2,20461840
912,2,20461841
913,2,20461842
914,2,20461843
915,2,20461844
916,2,20461845
917,2,20461846
918,2,20461847
919,2,20461848
920,2,20461849
921,2,20461850
922,2,20461851
923,2,20461852
924,2,20461853
925,2,20461854
926,2,20461855
927,2,20461856
928,2,20461857
929,2,20461858
930,2,20461859
931,2,20461860
932,2,20461861
933,2,20461862
934,2,20461863
935,2,20461864
936,2,20461865
937,2,20461866
938,2,20461867
939,2,20461868
940,2,20461869
941,2,20461870
942,2,20461871
943,2,20461872
944,2,20461873
945,2,20461874
946,2,20461875
947,2,20461876
948,2,20461877
949,2,20461878
950,2,20461879
951,2,20461880
952,2,20461881
953,2,20461882
954,2,20461883
955,2,20461884
956,2,20461885
957,2,20461886
958,2,20461887
959,2,20461888
960,2,20461889
961,2,20461890
962,2,20461891
963,2,20461892
964,2,20461893
965,2,20461894
966,2,20461895
967,2,20461896
968,2,20461897
969,2,20461898
970,2,20461899
971,2,20461900
972,2,20461901
973,2,20461902
974,2,20461903
975,2,20461904
976,2,20461905
977,2,20461906
978,2,20461907
979,2,20461908
980,2,20461909
981,2,20461910
982,2,20461911
983,2,20461912
984,2,20461913
985,2,20461914
986,2,20461915
987,2,20461916
988,2,20461917
989,2,20461918
990,2,20461919
991,2,20461920
992,2,20461921
993,2,20461922
994,2,20461923
995,2,20461924
996,2,20461925
997,2,20461926
998,2,20461927
999,2,20461928
1000,2,20461929
1001,2,20461930
1002,2,20461931
1003,2,20461932
1004,2,20461933
1005,2,20461934
1006,2,20461935
1007,2,20461936
1008,2,20461937
1009,2,20461938
1010,2,20461939
1011,2,20461940
1012,2,20461941
1013,2,20461942
1014,2,20461943
1015,2,20461944
1016,2,20461945
1017,2,20461946
1018,2,20461947
1019,2,20461948
1020,2,20461949
1021,2,20461950
1022,2,20461951
1023,2,20461952
1024,2,20461953
1025,2,20461954
1026,2,20461955
1027,2,20461956
1028,2,20461957
1029,2,20461958
1030,2,20461959
1031,2,20461960
1032,2,20461961
1033,2,20461962
1034,2,20461963
1035,2,20461964
1036,2,20461965
1037,2,20461966
1038,2,20461967
1039,2,20461968
1040,2,20461969
1041,2,20461970
1042,2,20461971
1043,2,20461972
1044,2,20461973
1045,2,20461974
1046,2,20461975
1047,2,20461976
1048,2,20461977
1049,2,20461978
1050,2,20461979
1051,2,20461980
1052,2,20461981
1053,2,20461982
1054,2,20461983
1055,2,20461984
1056,2,20461985
1057,2,20461986
1058,2,20461987
1059,2,20461988
1060,2,20461989
1061,2,20461990
1062,2,20461991
1063,2,20461992
1064,2,20461993
1065,2,20461994
1066,2,20461995
1067,2,20461996
1068,2,20461997
1069,2,20461998
1070,2,20461999
1071,2,20462000
1072,2,20462001
1073,2,20462002
1074,2,20462003
1075,2,20462004
1076,2,20462005
1077,2,20462006
1078,2,20462007
1079,2,20462008
1080,2,20462009
1081,2,20462010
1082,2,20462011
1083,2,20462012
1084,2,20462013
1085,2,20462014
1086,2,20462015
1087,2,20462016
1088,2,20462017
1089,2,20462018
1090,2,20462019
1091,2,20462020
1092,2,20462021
1093,2,20462022
1094,2,20462023
1095,2,20462024
1096,2,20462025
1097,2,20462026
1098,2,20462027
1099,2,20462028
1100,2,20462029
1101,2,20462030
1102,2,20462031
1103,2,20462032
1104,2,20462033
1105,2,20462034
1106,2,20462035
1107,2,20462036
1108,2,20462037
1109,2,20462038
1110,2,20462039
1111,2,20462040
1112,2,20462041
1113,2,20462042
1114,2,20462043
1115,2,20462044
1116,2,20462045
1117,2,20462046
1118,2,20462047
1119,2,20462048
1120,2,20462049
1121,2,20462050
1122,2,20462051
1123,2,20462052
1124,2,20462053
1125,2,20462054
1126,2,20462055
1127,2,20462056
1128,2,20462057
1129,2,20462058
1130,2,20462059
1131,2,20462060
1132,2,20462061
1133,2,20462062
1134,2,20462063
1135,2,20462064
1136,2,20462065
1137,2,20462066
1138,2,20462067
1139,2,20462068
1140,2,20462069
1141,2,20462070
1142,2,20462071
1143,2,20462072
1144,2,20462073
1145,2,20462074
1146,2,20462075
1147,2,20462076
1148,2,20462077
1149,2,20462078
1150,2,20462079
1151,2,20462080
1152,2,20462081
1153,2,20462082
1154,2,20462083
1155,2,20462084
1156,2,20462085
1157,2,20462086
1158,2,20462087
1159,2,20462088
1160,2,20462089
1161,2,20462090
1162,2,20462091
1163,2,20462092
1164,2,20462093
1165,2,20462094
1166,2,20462095
1167,2,20462096
1168,2,20462097
1169,2,20462098
1170,2,20462099
1171,2,20462100
1172,2,20462101
1173,2,20462102
1174,2,20462103
1175,2,20462104
1176,2,20462105
1177,2,20462106
1178,2,20462107
1179,2,20462108
1180,2,20462109
1181,2,20462110
1182,2,20462111
1183,2,20462112
1184,2,20462113
1185,2,20462114
1186,2,20462115
1187,2,20462116
1188,2,20462117
1189,2,20462118
1190,2,20462119
1191,2,20462120
1192,2,20462121
1193,2,20462122
1194,2,20462123
1195,2,20462124
1196,2,20462125
1197,2,20462126
1198,2,20462127
1199,2,20462128
1200,2,20462129
1201,2,20462130
1202,2,20462131
1203,2,20462132
1204,2,20462133
1205,2,20462134
1206,2,20462135
1207,2,20462136
1208,2,20462137
1209,2,20462138
1210,2,20462139
1211,2,20462140
1212,2,20462141
1213,2,20462142
1214,2,20462143
1215,2,20462144
1216,2,20462145
1217,2,20462146
1218,2,20462147
1219,2,20462148
1220,2,20462149
1221,2,20462150
1222,2,20462151
1223,2,20462152
1224,2,20462153
1225,2,20462154
1226,2,20462155
1227,2,20462156
1228,2,20462157
1229,2,20462158
1230,2,20462159
1231,2,20462160
1232,2,20462161
1233,2,20462162
1234,2,20462163
1235,2,20462164
1236,2,20462165
1237,2,20462166
1238,2,20462167
1239,2,20462168
1240,2,20462169
1241,2,20462170
1242,2,20462171
1243,2,20462172
1244,2,20462173
1245,2,20462174
1246,2,20462175
1247,2,20462176
1248,2,20462177
1249,2,20462178
1250,2,20462179
1251,2,20462180
1252,2,20462181
1253,2,20462182
1254,2,20462183
1255,2,20462184
1256,2,20462185
1257,2,20462186
1258,2,20462187
1259,2,20462188
1260,2,20462189
1261,2,20462190
1262,2,20462191
1263,2,20462192
1264,2,20462193
1265,2,20462194
1266,2,20462195
1267,2,20462196
1268,2,20462197
1269,2,20462198
1270,2,20462199
1271,2,20462200
1272,2,20462201
1273,2,20462202
1274,2,20462203
1275,2,20462204
1276,2,20462205
1277,2,20462206
1278,2,20462207
1279,2,20462208
1280,2,20462209
1281,2,20462210
1282,2,20462211
1283,2,20462212
1284,2,20462213
1285,2,20462214
1286,2,20462215
1287,2,20462216
1288,2,20462217
1289,2,20462218
1290,2,20462219
1291,2,20462220
1292,2,20462221
1293,2,20462222
1294,2,20462223
1295,2,20462224
1296,2,20462225
1297,2,20462226
1298,2,20462227
1299,2,20462228
1300,2,20462229
1301,2,20462230
1302,2,20462231
1303,2,20462232
1304,2,20462233
1305,2,20462234
1306,2,20462235
1307,2,20462236
1308,2,20462237
1309,2,20462238
1310,2,20462239
1311,2,20462240
1312,2,20462241
1313,2,20462242
1314,2,20462243
1315,2,20462244
1316,2,20462245
1317,2,20462246
1318,2,20462247
1319,2,20462248
1320,2,20462249
1321,2,20462250
1322,2,20462251
1323,2,20462252
1324,2,20462253
1325,2,20462254
1326,2,20462255
1327,2,20462256
1328,2,20462257
1329,2,20462258
1330,2,20462259
1331,2,20462260
1332,2,20462261
1333,2,20462262
1334,2,20462263
1335,2,20462264
1336,2,20462265
1337,2,20462266
1338,2,20462267
1339,2,20462268
1340,2,20462269
1341,2,20462270
1342,2,20462271
1343,2,20462272
1344,2,20462273
1345,2,20462274
1346,2,20462275
1347,2,20462276
1348,2,20462277
1349,2,20462278
1350,2,20462279
1351,2,20462280
1352,2,20462281
1353,2,20462282
1354,2,20462283
1355,2,20462284
1356,2,20462285
1357,2,20462286
1358,2,20462287
1359,2,20462288
1360,2,20462289
1361,2,20462290
1362,2,20462291
1363,2,20462292
1364,2,20462293
1365,2,20462294
1366,2,20462295
1367,2,20462296
1368,2,20462297
1369,2,20462298
1370,2,20462299
1371,2,20462300
1372,2,20462301
1373,2,20462302
1374,2,20462303
1375,2,20462304
1376,2,20462305
1377,2,20462306
1378,2,20462307
1379,2,20462308
1380,2,20462309
1381,2,20462310
1382,2,20462311
1383,2,20462312
1384,2,20462313
1385,2,20462314
1386,2,20462315
1387,2,20462316
1388,2,20462317
1389,2,20462318
1390,2,20462319
1391,2,20462320
1392,2,20462321
1393,2,20462322
1394,2,20462323
1395,2,20462324
1396,2,20462325
1397,2,20462326
1398,2,20462327
1399,2,20462328
1400,2,20462329
1401,2,20462330
1402,2,20462331
1403,2,20462332
1404,2,20462333
1405,2,20462334
1406,2,20462335
1407,2,20462336
1408,2,20462337
1409,2,20462338
1410,2,20462339
1411,2,20462340
1412,2,20462341
1413,2,20462342
1414,2,20462343
1415,2,20462344
1416,2,20462345
1417,2,20462346
1418,2,20462347
1419,2,20462348
1420,2,20462349
1421,2,20462350
1422,2,20462351
1423,2,20462352
1424,2,20462353
1425,2,20462354
1426,2,20462355
1427,2,20462356
1428,2,20462357
1429,2,20462358
1430,2,20462359
1431,2,20462360
1432,2,20462361
1433,2,20462362
1434,2,20462363
1435,2,20462364
1436,2,20462365
1437,2,20462366
1438,2,20462367
1439,2,20462368
1440,2,20462369
1441,2,20462370
1442,2,20462371
1443,2,20462372
1444,2,20462373
1445,2,20462374
1446,2,20462375
1447,2,20462376
1448,2,20462377
1449,2,20462378
1450,2,20462379
1451,2,20462380
1452,2,20462381
1453,2,20462382
1454,2,20462383
1455,2,20462384
1456,2,20462385
1457,2,20462386
1458,2,20462387
1459,2,20462388
1460,2,20462389
1461,2,20462390
1462,2,20462391
1463,2,20462392
1464,2,20462393
1465,2,20462394
1466,2,20462395
1467,2,20462396
1468,2,20462397
1469,2,20462398
1470,2,20462399
1471,2,20462400
1472,2,20462401
1473,2,20462402
1474,2,20462403
1475,2,20462404
1476,2,20462405
1477,2,20462406
1478,2,20462407
1479,2,20462408
1480,2,20462409
1481,2,20462410
1482,2,20462411
1483,2,20462412
1484,2,20462413
1485,2,20462414
1486,2,20462415
1487,2,20462416
1488,2,20462417
1489,2,20462418
1490,2,20462419
1491,2,20462420
1492,2,20462421
1493,2,20462422
1494,2,20462423
1495,2,20462424
1496,2,20462425
1497,2,20462426
1498,2,20462427
1499,2,20462428
1500,2,20462429
1501,2,20462430
1502,2,20462431
1503,2,20462432
1504,2,20462433
1505,2,20462434
1506,2,20462435
1507,2,20462436
1508,2,20462437
1509,2,20462438
1510,2,20462439
1511,2,20462440
1512,2,20462441
1513,2,20462442
1514,2,20462443
1515,2,20462444
1516,2,20462445
1517,2,20462446
1518,2,20462447
1519,2,20462448
1520,2,20462449
1521,2,20462450
1522,2,20462451
1523,2,20462452
1524,2,20462453
1525,2,20462454
1526,2,20462455
1527,2,20462456
1528,2,20462457
1529,2,20462458
1530,2,20462459
1531,2,20462460
1532,2,20462461
1533,2,20462462
1534,2,20462463
1535,2,20462464
1536,2,20462465
1537,2,20462466
1538,2,20462467
1539,2,20462468
1540,2,20462469
1541,2,20462470
1542,2,20462471
1543,2,20462472
1544,2,20462473
1545,2,20462474
1546,2,20462475
1547,2,20462476
1548,2,20462477
1549,2,20462478
1550,2,20462479
1551,2,20462480
1552,2,20462481
1553,2,20462482
1554,2,20462483
1555,2,20462484
1556,2,20462485
1557,2,20462486
1558,2,20462487
1559,2,20462488
1560,2,20462489
1561,2,20462490
1562,2,20462491
1563,2,20462492
1564,2,20462493
1565,2,20462494
1566,2,20462495
1567,2,20462496
1568,2,20462497
1569,2,20462498
1570,2,20462499
1571,2,20462500
1572,2,20462501
1573,2,20462502
1574,2,20462503
1575,2,20462504
1576,2,20462505
1577,2,20462506
1578,2,20462507
1579,2,20462508
1580,2,20462509
1581,2,20462510
1582,2,20462511
1583,2,20462512
1584,2,20462513
1585,2,20462514
1586,2,20462515
1587,2,20462516
1588,2,20462517
1589,2,20462518
1590,2,20462519
1591,2,20462520
1592,2,20462521
1593,2,20462522
1594,2,20462523
1595,2,20462524
1596,2,20462525
1597,2,20462526
1598,2,20462527
1599,2,20462528
1600,2,20462529
1601,2,20462530
1602,2,20462531
1603,2,20462532
1604,2,20462533
1605,2,20462534
1606,2,20462535
1607,2,20462536
1608,2,20462537
1609,2,20462538
1610,2,20462539
1611,2,20462540
1612,2,20462541
1613,2,20462542
1614,2,20462543
1615,2,20462544
1616,2,20462545
1617,2,20462546
1618,2,20462547
1619,2,20462548
1620,2,20462549
1621,2,20462550
1622,2,20462551
1623,2,20462552
1624,2,20462553
1625,2,20462554
1626,2,20462555
1627,2,20462556
1628,2,20462557
1629,2,20462558
1630,2,20462559
1631,2,20462560
1632,2,20462561
1633,2,20462562
1634,2,20462563
1635,2,20462564
1636,2,20462565
1637,2,20462566
1638,2,20462567
1639,2,20462568
1640,2,20462569
1641,2,20462570
1642,2,20462571
1643,2,20462572
1644,2,20462573
1645,2,20462574
1646,2,20462575
1647,2,20462576
1648,2,20462577
1649,2,20462578
1650,2,20462579
1651,2,20462580
1652,2,20462581
1653,2,20462582
1654,2,20462583
1655,2,20462584
1656,2,20462585
1657,2,20462586
1658,2,20462587
1659,2,20462588
1660,2,20462589
1661,2,20462590
1662,2,20462591
1663,2,20462592
1664,2,20462593
1665,2,20462594
1666,2,20462595
1667,2,20462596
1668,2,20462597
1669,2,20462598
1670,2,20462599
1671,2,20462600
1672,2,20462601
1673,2,20462602
1674,2,20462603
1675,2,20462604
1676,2,20462605
1677,2,20462606
1678,2,20462607
1679,2,20462608
1680,2,20462609
1681,2,20462610
1682,2,20462611
1683,2,20462612
1684,2,20462613
1685,2,20462614
1686,2,20462615
1687,2,20462616
1688,2,20462617
1689,2,20462618
1690,2,20462619
1691,2,20462620
1692,2,20462621
1693,2,20462622
1694,2,20462623
1695,2,20462624
1696,2,20462625
1697,2,20462626
1698,2,20462627
1699,2,20462628
1700,2,20462629
1701,2,20462630
1702,2,20462631
1703,2,20462632
1704,2,20462633
1705,2,20462634
1706,2,20462635
1707,2,20462636
1708,2,20462637
1709,2,20462638
1710,2,20462639
1711,2,20462640
1712,2,20462641
1713,2,20462642
1714,2,20462643
1715,2,20462644
1716,2,20462645
1717,2,20462646
1718,2,20462647
1719,2,20462648
1720,2,20462649
1721,2,20462650
1722,2,20462651
1723,2,20462652
1724,2,20462653
1725,2,20462654
1726,2,20462655
1727,2,20462656
1728,2,20462657
1729,2,20462658
1730,2,20462659
1731,2,20462660
1732,2,20462661
1733,2,20462662
1734,2,20462663
1735,2,20462664
1736,2,20462665
1737,2,20462666
1738,2,20462667
1739,2,20462668
1740,2,20462669
1741,2,20462670
1742,2,20462671
1743,2,20462672
1744,2,20462673
1745,2,20462674
1746,2,20462675
1747,2,20462676
1748,2,20462677
1749,2,20462678
1750,2,20462679
1751,2,20462680
1752,2,20462681
1753,2,20462682
1754,2,20462683
1755,2,20462684
1756,2,20462685
1757,2,20462686
1758,2,20462687
1759,2,20462688
1760,2,20462689
1761,2,20462690
1762,2,20462691
1763,2,20462692
1764,2,20462693
1765,2,20462694
1766,2,20462695
1767,2,20462696
1768,2,20462697
1769,2,20462698
1770,2,20462699
1771,2,20462700
1772,2,20462701
1773,2,20462702
1774,2,20462703
1775,2,20462704
1776,2,20462705
1777,2,20462706
1778,2,20462707
1779,2,20462708
1780,2,20462709
1781,2,20462710
1782,2,20462711
1783,2,20462712
1784,2,20462713
1785,2,20462714
1786,2,20462715
1787,2,20462716
1788,2,20462717
1789,2,20462718
1790,2,20462719
1791,2,20462720
1792,2,20462721
1793,2,20462722
1794,2,20462723
1795,2,20462724
1796,2,20462725
1797,2,20462726
1798,2,20462727
1799,2,20462728
1800,2,20462729
1801,2,20462730
1802,2,20462731
1803,2,20462732
1804,2,20462733
1805,2,20462734
1806,2,20462735
1807,2,20462736
1808,2,20462737
1809,2,20462738
1810,2,20462739
1811,2,20462740
1812,2,20462741
1813,2,20462742
1814,2,20462743
1815,2,20462744
1816,2,20462745
1817,2,20462746
1818,2,20462747
1819,2,20462748
1820,2,20462749
1821,2,20462750
1822,2,20462751
1823,2,20462752
1824,2,20462753
1825,2,20462754
1826,2,20462755
1827,2,20462756
1828,2,20462757
1829,2,20462758
1830,2,20462759
1831,2,20462760
1832,2,20462761
1833,2,20462762
1834,2,20462763
1835,2,20462764
1836,2,20462765
1837,2,20462766
1838,2,20462767
1839,2,20462768
1840,2,20462769
1841,2,20462770
1842,2,20462771
1843,2,20462772
1844,2,20462773
1845,2,20462774
1846,2,20462775
1847,2,20462776
1848,2,20462777
1849,2,20462778
1850,2,20462779
1851,2,20462780
1852,2,20462781
1853,2,20462782
1854,2,20462783
1855,2,20462784
1856,2,20462785
1857,2,20462786
1858,2,20462787
1859,2,20462788
1860,2,20462789
1861,2,20462790
1862,2,20462791
1863,2,20462792
1864,2,20462793
1865,2,20462794
1866,2,20462795
1867,2,20462796
1868,2,20462797
1869,2,20462798
1870,2,20462799
1871,2,20462800
1872,2,20462801
1873,2,20462802
1874,2,20462803
1875,2,20462804
1876,2,20462805
1877,2,20462806
1878,2,20462807
1879,2,20462808
1880,2,20462809
1881,2,20462810
1882,2,20462811
1883,2,20462812
1884,2,20462813
1885,2,20462814
1886,2,20462815
1887,2,20462816
1888,2,20462817
1889,2,20462818
1890,2,20462819
1891,2,20462820
1892,2,20462821
1893,2,20462822
1894,2,20462823
1895,2,20462824
1896,2,20462825
1897,2,20462826
1898,2,20462827
1899,2,20462828
1900,2,20462829
1901,2,20462830
1902,2,20462831
1903,2,20462832
1904,2,20462833
1905,2,20462834
1906,2,20462835
1907,2,20462836
1908,2,20462837
1909,2,20462838
1910,2,20462839
1911,2,20462840
1912,2,20462841
1913,2,20462842
1914,2,20462843
1915,2,20462844
1916,2,20462845
1917,2,20462846
1918,2,20462847
1919,2,20462848
1920,2,20462849
1921,2,20462850
1922,2,20462851
1923,2,20462852
1924,2,20462853
1925,2,20462854
1926,2,20462855
1927,2,20462856
1928,2,20462857
1929,2,20462858
1930,2,20462859
1931,2,20462860
1932,2,20462861
1933,2,20462862
1934,2,20462863
1935,2,20462864
1936,2,20462865
1937,2,20462866
1938,2,20462867
1939,2,20462868
1940,2,20462869
1941,2,20462870
1942,2,20462871
1943,2,20462872
1944,2,20462873
1945,2,20462874
1946,2,20462875
1947,2,20462876
1948,2,20462877
1949,2,20462878
1950,2,20462879
1951,2,20462880
1952,2,20462881
1953,2,20462882
1954,2,20462883
1955,2,20462884
1956,2,20462885
1957,2,20462886
1958,2,20462887
1959,2,20462888
1960,2,20462889
1961,2,20462890
1962,2,20462891
1963,2,20462892
1964,2,20462893
1965,2,20462894
1966,2,20462895
1967,2,20462896
1968,2,20462897
1969,2,20462898
1970,2,20462899
1971,2,20462900
1972,2,20462901
1973,2,20462902
1974,2,20462903
1975,2,20462904
1976,2,20462905
1977,2,20462906
1978,2,20462907
1979,2,20462908
1980,2,20462909
1981,2,20462910
1982,2,20462911
1983,2,20462912
1984,2,20462913
1985,2,20462914
1986,2,20462915
1987,2,20462916
1988,2,20462917
1989,2,20462918
1990,2,20462919
1991,2,20462920
1992,2,20462921
1993,2,20462922
1994,2,20462923
1995,2,20462924
1996,2,20462925
1997,2,20462926
1998,2,20462927
1999,2,20462928
2000,2,20462929
1,3,20560930
2,3,20560931
3,3,20560932
4,3,20560933
5,3,20560934
6,3,20560935
7,3,20560936
8,3,20560937
9,3,20560938
10,3,20560939
11,3,20560940
12,3,20560941
13,3,20560942
14,3,20560943
15,3,20560944
16,3,20560945
17,3,20560946
18,3,20560947
19,3,20560948
20,3,20560949
21,3,20560950
22,3,20560951
23,3,20560952
24,3,20560953
25,3,20560954
26,3,20560955
27,3,20560956
28,3,20560957
29,3,20560958
30,3,20560959
31,3,20560960
32,3,20560961
33,3,20560962
34,3,20560963
35,3,20560964
36,3,20560965
37,3,20560966
38,3,20560967
39,3,20560968
40,3,20560969
41,3,20560970
42,3,20560971
43,3,20560972
44,3,20560973
45,3,20560974
46,3,20560975
47,3,20560976
48,3,20560977
49,3,20560978
50,3,20560979
51,3,20560980
52,3,20560981
53,3,20560982
54,3,20560983
55,3,20560984
56,3,20560985
57,3,20560986
58,3,20560987
59,3,20560988
60,3,20560989
61,3,20560990
62,3,20560991
63,3,20560992
64,3,20560993
65,3,20560994
66,3,20560995
67,3,20560996
68,3,20560997
69,3,20560998
70,3,20560999
71,3,20561000
72,3,20561001
73,3,20561002
74,3,20561003
75,3,20561004
76,3,20561005
77,3,20561006
78,3,20561007
79,3,20561008
80,3,20561009
81,3,20561010
82,3,20561011
83,3,20561012
84,3,20561013
85,3,20561014
86,3,20561015
87,3,20561016
88,3,20561017
89,3,20561018
90,3,20561019
91,3,20561020
92,3,20561021
93,3,20561022
94,3,20561023
95,3,20561024
96,3,20561025
97,3,20561026
98,3,20561027
99,3,20561028
100,3,20561029
101,3,20561030
102,3,20561031
103,3,20561032
104,3,20561033
105,3,20561034
106,3,20561035
107,3,20561036
108,3,20561037
109,3,20561038
110,3,20561039
111,3,20561040
112,3,20561041
113,3,20561042
114,3,20561043
115,3,20561044
116,3,20561045
117,3,20561046
118,3,20561047
119,3,20561048
120,3,20561049
121,3,20561050
122,3,20561051
123,3,20561052
124,3,20561053
125,3,20561054
126,3,20561055
127,3,20561056
128,3,20561057
129,3,20561058
130,3,20561059
131,3,20561060
132,3,20561061
133,3,20561062
134,3,20561063
135,3,20561064
136,3,20561065
137,3,20561066
138,3,20561067
139,3,20561068
140,3,20561069
141,3,20561070
142,3,20561071
143,3,20561072
144,3,20561073
145,3,20561074
146,3,20561075
147,3,20561076
148,3,20561077
149,3,20561078
150,3,20561079
151,3,20561080
152,3,20561081
153,3,20561082
154,3,20561083
155,3,20561084
156,3,20561085
157,3,20561086
158,3,20561087
159,3,20561088
160,3,20561089
161,3,20561090
162,3,20561091
163,3,20561092
164,3,20561093
165,3,20561094
166,3,20561095
167,3,20561096
168,3,20561097
169,3,20561098
170,3,20561099
171,3,20561100
172,3,20561101
173,3,20561102
174,3,20561103
175,3,20561104
176,3,20561105
177,3,20561106
178,3,20561107
179,3,20561108
180,3,20561109
181,3,20561110
182,3,20561111
183,3,20561112
184,3,20561113
185,3,20561114
186,3,20561115
187,3,20561116
188,3,20561117
189,3,20561118
190,3,20561119
191,3,20561120
192,3,20561121
193,3,20561122
194,3,20561123
195,3,20561124
196,3,20561125
197,3,20561126
198,3,20561127
199,3,20561128
200,3,20561129
201,3,20561130
202,3,20561131
203,3,20561132
204,3,20561133
205,3,20561134
206,3,20561135
207,3,20561136
208,3,20561137
209,3,20561138
210,3,20561139
211,3,20561140
212,3,20561141
213,3,20561142
214,3,20561143
215,3,20561144
216,3,20561145
217,3,20561146
218,3,20561147
219,3,20561148
220,3,20561149
221,3,20561150
222,3,20561151
223,3,20561152
224,3,20561153
225,3,20561154
226,3,20561155
227,3,20561156
228,3,20561157
229,3,20561158
230,3,20561159
231,3,20561160
232,3,20561161
233,3,20561162
234,3,20561163
235,3,20561164
236,3,20561165
237,3,20561166
238,3,20561167
239,3,20561168
240,3,20561169
241,3,20561170
242,3,20561171
243,3,20561172
244,3,20561173
245,3,20561174
246,3,20561175
247,3,20561176
248,3,20561177
249,3,20561178
250,3,20561179
251,3,20561180
252,3,20561181
253,3,20561182
254,3,20561183
255,3,20561184
256,3,20561185
257,3,20561186
258,3,20561187
259,3,20561188
260,3,20561189
261,3,20561190
262,3,20561191
263,3,20561192
264,3,20561193
265,3,20561194
266,3,20561195
267,3,20561196
268,3,20561197
269,3,20561198
270,3,20561199
271,3,20561200
272,3,20561201
273,3,20561202
274,3,20561203
275,3,20561204
276,3,20561205
277,3,20561206
278,3,20561207
279,3,20561208
280,3,20561209
281,3,20561210
282,3,20561211
283,3,20561212
284,3,20561213
285,3,20561214
286,3,20561215
287,3,20561216
288,3,20561217
289,3,20561218
290,3,20561219
291,3,20561220
292,3,20561221
293,3,20561222
294,3,20561223
295,3,20561224
296,3,20561225
297,3,20561226
298,3,20561227
299,3,20561228
300,3,20561229
301,3,20561230
302,3,20561231
303,3,20561232
304,3,20561233
305,3,20561234
306,3,20561235
307,3,20561236
308,3,20561237
309,3,20561238
310,3,20561239
311,3,20561240
312,3,20561241
313,3,20561242
314,3,20561243
315,3,20561244
316,3,20561245
317,3,20561246
318,3,20561247
319,3,20561248
320,3,20561249
321,3,20561250
322,3,20561251
323,3,20561252
324,3,20561253
325,3,20561254
326,3,20561255
327,3,20561256
328,3,20561257
329,3,20561258
330,3,20561259
331,3,20561260
332,3,20561261
333,3,20561262
334,3,20561263
335,3,20561264
336,3,20561265
337,3,20561266
338,3,20561267
339,3,20561268
340,3,20561269
341,3,20561270
342,3,20561271
343,3,20561272
344,3,20561273
345,3,20561274
346,3,20561275
347,3,20561276
348,3,20561277
349,3,20561278
350,3,20561279
351,3,20561280
352,3,20561281
353,3,20561282
354,3,20561283
355,3,20561284
356,3,20561285
357,3,20561286
358,3,20561287
359,3,20561288
360,3,20561289
361,3,20561290
362,3,20561291
363,3,20561292
364,3,20561293
365,3,20561294
366,3,20561295
367,3,20561296
368,3,20561297
369,3,20561298
370,3,20561299
371,3,20561300
372,3,20561301
373,3,20561302
374,3,20561303
375,3,20561304
376,3,20561305
377,3,20561306
378,3,20561307
379,3,20561308
380,3,20561309
381,3,20561310
382,3,20561311
383,3,20561312
384,3,20561313
385,3,20561314
386,3,20561315
387,3,20561316
388,3,20561317
389,3,20561318
390,3,20561319
391,3,20561320
392,3,20561321
393,3,20561322
394,3,20561323
395,3,20561324
396,3,20561325
397,3,20561326
398,3,20561327
399,3,20561328
400,3,20561329
401,3,20561330
402,3,20561331
403,3,20561332
404,3,20561333
405,3,20561334
406,3,20561335
407,3,20561336
408,3,20561337
409,3,20561338
410,3,20561339
411,3,20561340
412,3,20561341
413,3,20561342
414,3,20561343
415,3,20561344
416,3,20561345
417,3,20561346
418,3,20561347
419,3,20561348
420,3,20561349
421,3,20561350
422,3,20561351
423,3,20561352
424,3,20561353
425,3,20561354
426,3,20561355
427,3,20561356
428,3,20561357
429,3,20561358
430,3,20561359
431,3,20561360
432,3,20561361
433,3,20561362
434,3,20561363
435,3,20561364
436,3,20561365
437,3,20561366
438,3,20561367
439,3,20561368
440,3,20561369
441,3,20561370
442,3,20561371
443,3,20561372
444,3,20561373
445,3,20561374
446,3,20561375
447,3,20561376
448,3,20561377
449,3,20561378
450,3,20561379
451,3,20561380
452,3,20561381
453,3,20561382
454,3,20561383
455,3,20561384
456,3,20561385
457,3,20561386
458,3,20561387
459,3,20561388
460,3,20561389
461,3,20561390
462,3,20561391
463,3,20561392
464,3,20561393
465,3,20561394
466,3,20561395
467,3,20561396
468,3,20561397
469,3,20561398
470,3,20561399
471,3,20561400
472,3,20561401
473,3,20561402
474,3,20561403
475,3,20561404
476,3,20561405
477,3,20561406
478,3,20561407
479,3,20561408
480,3,20561409
481,3,20561410
482,3,20561411
483,3,20561412
484,3,20561413
485,3,20561414
486,3,20561415
487,3,20561416
488,3,20561417
489,3,20561418
490,3,20561419
491,3,20561420
492,3,20561421
493,3,20561422
494,3,20561423
495,3,20561424
496,3,20561425
497,3,20561426
498,3,20561427
499,3,20561428
500,3,20561429
501,3,20561430
502,3,20561431
503,3,20561432
504,3,20561433
505,3,20561434
506,3,20561435
507,3,20561436
508,3,20561437
509,3,20561438
510,3,20561439
511,3,20561440
512,3,20561441
513,3,20561442
514,3,20561443
515,3,20561444
516,3,20561445
517,3,20561446
518,3,20561447
519,3,20561448
520,3,20561449
521,3,20561450
522,3,20561451
523,3,20561452
524,3,20561453
525,3,20561454
526,3,20561455
527,3,20561456
528,3,20561457
529,3,20561458
530,3,20561459
531,3,20561460
532,3,20561461
533,3,20561462
534,3,20561463
535,3,20561464
536,3,20561465
537,3,20561466
538,3,20561467
539,3,20561468
540,3,20561469
541,3,20561470
542,3,20561471
543,3,20561472
544,3,20561473
545,3,20561474
546,3,20561475
547,3,20561476
548,3,20561477
549,3,20561478
550,3,20561479
551,3,20561480
552,3,20561481
553,3,20561482
554,3,20561483
555,3,20561484
556,3,20561485
557,3,20561486
558,3,20561487
559,3,20561488
560,3,20561489
561,3,20561490
562,3,20561491
563,3,20561492
564,3,20561493
565,3,20561494
566,3,20561495
567,3,20561496
568,3,20561497
569,3,20561498
570,3,20561499
571,3,20561500
572,3,20561501
573,3,20561502
574,3,20561503
575,3,20561504
576,3,20561505
577,3,20561506
578,3,20561507
579,3,20561508
580,3,20561509
581,3,20561510
582,3,20561511
583,3,20561512
584,3,20561513
585,3,20561514
586,3,20561515
587,3,20561516
588,3,20561517
589,3,20561518
590,3,20561519
591,3,20561520
592,3,20561521
593,3,20561522
594,3,20561523
595,3,20561524
596,3,20561525
597,3,20561526
598,3,20561527
599,3,20561528
600,3,20561529
601,3,20561530
602,3,20561531
603,3,20561532
604,3,20561533
605,3,20561534
606,3,20561535
607,3,20561536
608,3,20561537
609,3,20561538
610,3,20561539
611,3,20561540
612,3,20561541
613,3,20561542
614,3,20561543
615,3,20561544
616,3,20561545
617,3,20561546
618,3,20561547
619,3,20561548
620,3,20561549
621,3,20561550
622,3,20561551
623,3,20561552
624,3,20561553
625,3,20561554
626,3,20561555
627,3,20561556
628,3,20561557
629,3,20561558
630,3,20561559
631,3,20561560
632,3,20561561
633,3,20561562
634,3,20561563
635,3,20561564
636,3,20561565
637,3,20561566
638,3,20561567
639,3,20561568
640,3,20561569
641,3,20561570
642,3,20561571
643,3,20561572
644,3,20561573
645,3,20561574
646,3,20561575
647,3,20561576
648,3,20561577
649,3,20561578
650,3,20561579
651,3,20561580
652,3,20561581
653,3,20561582
654,3,20561583
655,3,20561584
656,3,20561585
657,3,20561586
658,3,20561587
659,3,20561588
660,3,20561589
661,3,20561590
662,3,20561591
663,3,20561592
664,3,20561593
665,3,20561594
666,3,20561595
667,3,20561596
668,3,20561597
669,3,20561598
670,3,20561599
671,3,20561600
672,3,20561601
673,3,20561602
674,3,20561603
675,3,20561604
676,3,20561605
677,3,20561606
678,3,20561607
679,3,20561608
680,3,20561609
681,3,20561610
682,3,20561611
683,3,20561612
684,3,20561613
685,3,20561614
686,3,20561615
687,3,20561616
688,3,20561617
689,3,20561618
690,3,20561619
691,3,20561620
692,3,20561621
693,3,20561622
694,3,20561623
695,3,20561624
696,3,20561625
697,3,20561626
698,3,20561627
699,3,20561628
700,3,20561629
701,3,20561630
702,3,20561631
703,3,20561632
704,3,20561633
705,3,20561634
706,3,20561635
707,3,20561636
708,3,20561637
709,3,20561638
710,3,20561639
711,3,20561640
712,3,20561641
713,3,20561642
714,3,20561643
715,3,20561644
716,3,20561645
717,3,20561646
718,3,20561647
719,3,20561648
720,3,20561649
721,3,20561650
722,3,20561651
723,3,20561652
724,3,20561653
725,3,20561654
726,3,20561655
727,3,20561656
728,3,20561657
729,3,20561658
730,3,20561659
731,3,20561660
732,3,20561661
733,3,20561662
734,3,20561663
735,3,20561664
736,3,20561665
737,3,20561666
738,3,20561667
739,3,20561668
740,3,20561669
741,3,20561670
742,3,20561671
743,3,20561672
744,3,20561673
745,3,20561674
746,3,20561675
747,3,20561676
748,3,20561677
749,3,20561678
750,3,20561679
751,3,20561680
752,3,20561681
753,3,20561682
754,3,20561683
755,3,20561684
756,3,20561685
757,3,20561686
758,3,20561687
759,3,20561688
760,3,20561689
761,3,20561690
762,3,20561691
763,3,20561692
764,3,20561693
765,3,20561694
766,3,20561695
767,3,20561696
768,3,20561697
769,3,20561698
770,3,20561699
771,3,20561700
772,3,20561701
773,3,20561702
774,3,20561703
775,3,20561704
776,3,20561705
777,3,20561706
778,3,20561707
779,3,20561708
780,3,20561709
781,3,20561710
782,3,20561711
783,3,20561712
784,3,20561713
785,3,20561714
786,3,20561715
787,3,20561716
788,3,20561717
789,3,20561718
790,3,20561719
791,3,20561720
792,3,20561721
793,3,20561722
794,3,20561723
795,3,20561724
796,3,20561725
797,3,20561726
798,3,20561727
799,3,20561728
800,3,20561729
801,3,20561730
802,3,20561731
803,3,20561732
804,3,20561733
805,3,20561734
806,3,20561735
807,3,20561736
808,3,20561737
809,3,20561738
810,3,20561739
811,3,20561740
812,3,20561741
813,3,20561742
814,3,20561743
815,3,20561744
816,3,20561745
817,3,20561746
818,3,20561747
819,3,20561748
820,3,20561749
821,3,20561750
822,3,20561751
823,3,20561752
824,3,20561753
825,3,20561754
826,3,20561755
827,3,20561756
828,3,20561757
829,3,20561758
830,3,20561759
831,3,20561760
832,3,20561761
833,3,20561762
834,3,20561763
835,3,20561764
836,3,20561765
837,3,20561766
838,3,20561767
839,3,20561768
840,3,20561769
841,3,20561770
842,3,20561771
843,3,20561772
844,3,20561773
845,3,20561774
846,3,20561775
847,3,20561776
848,3,20561777
849,3,20561778
850,3,20561779
851,3,20561780
852,3,20561781
853,3,20561782
854,3,20561783
855,3,20561784
856,3,20561785
857,3,20561786
858,3,20561787
859,3,20561788
860,3,20561789
861,3,20561790
862,3,20561791
863,3,20561792
864,3,20561793
865,3,20561794
866,3,20561795
867,3,20561796
868,3,20561797
869,3,20561798
870,3,20561799
871,3,20561800
872,3,20561801
873,3,20561802
874,3,20561803
875,3,20561804
876,3,20561805
877,3,20561806
878,3,20561807
879,3,20561808
880,3,20561809
881,3,20561810
882,3,20561811
883,3,20561812
884,3,20561813
885,3,20561814
886,3,20561815
887,3,20561816
888,3,20561817
889,3,20561818
890,3,20561819
891,3,20561820
892,3,20561821
893,3,20561822
894,3,20561823
895,3,20561824
896,3,20561825
897,3,20561826
898,3,20561827
899,3,20561828
900,3,20561829
901,3,20561830
902,3,20561831
903,3,20561832
904,3,20561833
905,3,20561834
906,3,20561835
907,3,20561836
908,3,20561837
909,3,20561838
910,3,20561839
911,3,20561840
912,3,20561841
913,3,20561842
914,3,20561843
915,3,20561844
916,3,20561845
917,3,20561846
918,3,20561847
919,3,20561848
920,3,20561849
921,3,20561850
922,3,20561851
923,3,20561852
924,3,20561853
925,3,20561854
926,3,20561855
927,3,20561856
928,3,20561857
929,3,20561858
930,3,20561859
931,3,20561860
932,3,20561861
933,3,20561862
934,3,20561863
935,3,20561864
936,3,20561865
937,3,20561866
938,3,20561867
939,3,20561868
940,3,20561869
941,3,20561870
942,3,20561871
943,3,20561872
944,3,20561873
945,3,20561874
946,3,20561875
947,3,20561876
948,3,20561877
949,3,20561878
950,3,20561879
951,3,20561880
952,3,20561881
953,3,20561882
954,3,20561883
955,3,20561884
956,3,20561885
957,3,20561886
958,3,20561887
959,3,20561888
960,3,20561889
961,3,20561890
962,3,20561891
963,3,20561892
964,3,20561893
965,3,20561894
966,3,20561895
967,3,20561896
968,3,20561897
969,3,20561898
970,3,20561899
971,3,20561900
972,3,20561901
973,3,20561902
974,3,20561903
975,3,20561904
976,3,20561905
977,3,20561906
978,3,20561907
979,3,20561908
980,3,20561909
981,3,20561910
982,3,20561911
983,3,20561912
984,3,20561913
985,3,20561914
986,3,20561915
987,3,20561916
988,3,20561917
989,3,20561918
990,3,20561919
991,3,20561920
992,3,20561921
993,3,20561922
994,3,20561923
995,3,20561924
996,3,20561925
997,3,20561926
998,3,20561927
999,3,20561928
1000,3,20561929
1001,3,20561930
1002,3,20561931
1003,3,20561932
1004,3,20561933
1005,3,20561934
1006,3,20561935
1007,3,20561936
1008,3,20561937
1009,3,20561938
1010,3,20561939
1011,3,20561940
1012,3,20561941
1013,3,20561942
1014,3,20561943
1015,3,20561944
1016,3,20561945
1017,3,20561946
1018,3,20561947
1019,3,20561948
1020,3,20561949
1021,3,20561950
1022,3,20561951
1023,3,20561952
1024,3,20561953
1025,3,20561954
1026,3,20561955
1027,3,20561956
1028,3,20561957
1029,3,20561958
1030,3,20561959
1031,3,20561960
1032,3,20561961
1033,3,20561962
1034,3,20561963
1035,3,20561964
1036,3,20561965
1037,3,20561966
1038,3,20561967
1039,3,20561968
1040,3,20561969
1041,3,20561970
1042,3,20561971
1043,3,20561972
1044,3,20561973
1045,3,20561974
1046,3,20561975
1047,3,20561976
1048,3,20561977
1049,3,20561978
1050,3,20561979
1051,3,20561980
1052,3,20561981
1053,3,20561982
1054,3,20561983
1055,3,20561984
1056,3,20561985
1057,3,20561986
1058,3,20561987
1059,3,20561988
1060,3,20561989
1061,3,20561990
1062,3,20561991
1063,3,20561992
1064,3,20561993
1065,3,20561994
1066,3,20561995
1067,3,20561996
1068,3,20561997
1069,3,20561998
1070,3,20561999
1071,3,20562000
1072,3,20562001
1073,3,20562002
1074,3,20562003
1075,3,20562004
1076,3,20562005
1077,3,20562006
1078,3,20562007
1079,3,20562008
1080,3,20562009
1081,3,20562010
1082,3,20562011
1083,3,20562012
1084,3,20562013
1085,3,20562014
1086,3,20562015
1087,3,20562016
1088,3,20562017
1089,3,20562018
1090,3,20562019
1091,3,20562020
1092,3,20562021
1093,3,20562022
1094,3,20562023
1095,3,20562024
1096,3,20562025
1097,3,20562026
1098,3,20562027
1099,3,20562028
1100,3,20562029
1101,3,20562030
1102,3,20562031
1103,3,20562032
1104,3,20562033
1105,3,20562034
1106,3,20562035
1107,3,20562036
1108,3,20562037
1109,3,20562038
1110,3,20562039
1111,3,20562040
1112,3,20562041
1113,3,20562042
1114,3,20562043
1115,3,20562044
1116,3,20562045
1117,3,20562046
1118,3,20562047
1119,3,20562048
1120,3,20562049
1121,3,20562050
1122,3,20562051
1123,3,20562052
1124,3,20562053
1125,3,20562054
1126,3,20562055
1127,3,20562056
1128,3,20562057
1129,3,20562058
1130,3,20562059
1131,3,20562060
1132,3,20562061
1133,3,20562062
1134,3,20562063
1135,3,20562064
1136,3,20562065
1137,3,20562066
1138,3,20562067
1139,3,20562068
1140,3,20562069
1141,3,20562070
1142,3,20562071
1143,3,20562072
1144,3,20562073
1145,3,20562074
1146,3,20562075
1147,3,20562076
1148,3,20562077
1149,3,20562078
1150,3,20562079
1151,3,20562080
1152,3,20562081
1153,3,20562082
1154,3,20562083
1155,3,20562084
1156,3,20562085
1157,3,20562086
1158,3,20562087
1159,3,20562088
1160,3,20562089
1161,3,20562090
1162,3,20562091
1163,3,20562092
1164,3,20562093
1165,3,20562094
1166,3,20562095
1167,3,20562096
1168,3,20562097
1169,3,20562098
1170,3,20562099
1171,3,20562100
1172,3,20562101
1173,3,20562102
1174,3,20562103
1175,3,20562104
1176,3,20562105
1177,3,20562106
1178,3,20562107
1179,3,20562108
1180,3,20562109
1181,3,20562110
1182,3,20562111
1183,3,20562112
1184,3,20562113
1185,3,20562114
1186,3,20562115
1187,3,20562116
1188,3,20562117
1189,3,20562118
1190,3,20562119
1191,3,20562120
1192,3,20562121
1193,3,20562122
1194,3,20562123
1195,3,20562124
1196,3,20562125
1197,3,20562126
1198,3,20562127
1199,3,20562128
1200,3,20562129
1201,3,20562130
1202,3,20562131
1203,3,20562132
1204,3,20562133
1205,3,20562134
1206,3,20562135
1207,3,20562136
1208,3,20562137
1209,3,20562138
1210,3,20562139
1211,3,20562140
1212,3,20562141
1213,3,20562142
1214,3,20562143
1215,3,20562144
1216,3,20562145
1217,3,20562146
1218,3,20562147
1219,3,20562148
1220,3,20562149
1221,3,20562150
1222,3,20562151
1223,3,20562152
1224,3,20562153
1225,3,20562154
1226,3,20562155
1227,3,20562156
1228,3,20562157
1229,3,20562158
1230,3,20562159
1231,3,20562160
1232,3,20562161
1233,3,20562162
1234,3,20562163
1235,3,20562164
1236,3,20562165
1237,3,20562166
1238,3,20562167
1239,3,20562168
1240,3,20562169
1241,3,20562170
1242,3,20562171
1243,3,20562172
1244,3,20562173
1245,3,20562174
1246,3,20562175
1247,3,20562176
1248,3,20562177
1249,3,20562178
1250,3,20562179
1251,3,20562180
1252,3,20562181
1253,3,20562182
1254,3,20562183
1255,3,20562184
1256,3,20562185
1257,3,20562186
1258,3,20562187
1259,3,20562188
1260,3,20562189
1261,3,20562190
1262,3,20562191
1263,3,20562192
1264,3,20562193
1265,3,20562194
1266,3,20562195
1267,3,20562196
1268,3,20562197
1269,3,20562198
1270,3,20562199
1271,3,20562200
1272,3,20562201
1273,3,20562202
1274,3,20562203
1275,3,20562204
1276,3,20562205
1277,3,20562206
1278,3,20562207
1279,3,20562208
1280,3,20562209
1281,3,20562210
1282,3,20562211
1283,3,20562212
1284,3,20562213
1285,3,20562214
1286,3,20562215
1287,3,20562216
1288,3,20562217
1289,3,20562218
1290,3,20562219
1291,3,20562220
1292,3,20562221
1293,3,20562222
1294,3,20562223
1295,3,20562224
1296,3,20562225
1297,3,20562226
1298,3,20562227
1299,3,20562228
1300,3,20562229
1301,3,20562230
1302,3,20562231
1303,3,20562232
1304,3,20562233
1305,3,20562234
1306,3,20562235
1307,3,20562236
1308,3,20562237
1309,3,20562238
1310,3,20562239
1311,3,20562240
1312,3,20562241
1313,3,20562242
1314,3,20562243
1315,3,20562244
1316,3,20562245
1317,3,20562246
1318,3,20562247
1319,3,20562248
1320,3,20562249
1321,3,20562250
1322,3,20562251
1323,3,20562252
1324,3,20562253
1325,3,20562254
1326,3,20562255
1327,3,20562256
1328,3,20562257
1329,3,20562258
1330,3,20562259
1331,3,20562260
1332,3,20562261
1333,3,20562262
1334,3,20562263
1335,3,20562264
1336,3,20562265
1337,3,20562266
1338,3,20562267
1339,3,20562268
1340,3,20562269
1341,3,20562270
1342,3,20562271
1343,3,20562272
1344,3,20562273
1345,3,20562274
1346,3,20562275
1347,3,20562276
1348,3,20562277
1349,3,20562278
1350,3,20562279
1351,3,20562280
1352,3,20562281
1353,3,20562282
1354,3,20562283
1355,3,20562284
1356,3,20562285
1357,3,20562286
1358,3,20562287
1359,3,20562288
1360,3,20562289
1361,3,20562290
1362,3,20562291
1363,3,20562292
1364,3,20562293
1365,3,20562294
1366,3,20562295
1367,3,20562296
1368,3,20562297
1369,3,20562298
1370,3,20562299
1371,3,20562300
1372,3,20562301
1373,3,20562302
1374,3,20562303
1375,3,20562304
1376,3,20562305
1377,3,20562306
1378,3,20562307
1379,3,20562308
1380,3,20562309
1381,3,20562310
1382,3,20562311
1383,3,20562312
1384,3,20562313
1385,3,20562314
1386,3,20562315
1387,3,20562316
1388,3,20562317
1389,3,20562318
1390,3,20562319
1391,3,20562320
1392,3,20562321
1393,3,20562322
1394,3,20562323
1395,3,20562324
1396,3,20562325
1397,3,20562326
1398,3,20562327
1399,3,20562328
1400,3,20562329
1401,3,20562330
1402,3,20562331
1403,3,20562332
1404,3,20562333
1405,3,20562334
1406,3,20562335
1407,3,20562336
1408,3,20562337
1409,3,20562338
1410,3,20562339
1411,3,20562340
1412,3,20562341
1413,3,20562342
1414,3,20562343
1415,3,20562344
1416,3,20562345
1417,3,20562346
1418,3,20562347
1419,3,20562348
1420,3,20562349
1421,3,20562350
1422,3,20562351
1423,3,20562352
1424,3,20562353
1425,3,20562354
1426,3,20562355
1427,3,20562356
1428,3,20562357
1429,3,20562358
1430,3,20562359
1431,3,20562360
1432,3,20562361
1433,3,20562362
1434,3,20562363
1435,3,20562364
1436,3,20562365
1437,3,20562366
1438,3,20562367
1439,3,20562368
1440,3,20562369
1441,3,20562370
1442,3,20562371
1443,3,20562372
1444,3,20562373
1445,3,20562374
1446,3,20562375
1447,3,20562376
1448,3,20562377
1449,3,20562378
1450,3,20562379
1451,3,20562380
1452,3,20562381
1453,3,20562382
1454,3,20562383
1455,3,20562384
1456,3,20562385
1457,3,20562386
1458,3,20562387
1459,3,20562388
1460,3,20562389
1461,3,20562390
1462,3,20562391
1463,3,20562392
1464,3,20562393
1465,3,20562394
1466,3,20562395
1467,3,20562396
1468,3,20562397
1469,3,20562398
1470,3,20562399
1471,3,20562400
1472,3,20562401
1473,3,20562402
1474,3,20562403
1475,3,20562404
1476,3,20562405
1477,3,20562406
1478,3,20562407
1479,3,20562408
1480,3,20562409
1481,3,20562410
1482,3,20562411
1483,3,20562412
1484,3,20562413
1485,3,20562414
1486,3,20562415
1487,3,20562416
1488,3,20562417
1489,3,20562418
1490,3,20562419
1491,3,20562420
1492,3,20562421
1493,3,20562422
1494,3,20562423
1495,3,20562424
1496,3,20562425
1497,3,20562426
1498,3,20562427
1499,3,20562428
1500,3,20562429
1501,3,20562430
1502,3,20562431
1503,3,20562432
1504,3,20562433
1505,3,20562434
1506,3,20562435
1507,3,20562436
1508,3,20562437
1509,3,20562438
1510,3,20562439
1511,3,20562440
1512,3,20562441
1513,3,20562442
1514,3,20562443
1515,3,20562444
1516,3,20562445
1517,3,20562446
1518,3,20562447
1519,3,20562448
1520,3,20562449
1521,3,20562450
1522,3,20562451
1523,3,20562452
1524,3,20562453
1525,3,20562454
1526,3,20562455
1527,3,20562456
1528,3,20562457
1529,3,20562458
1530,3,20562459
1531,3,20562460
1532,3,20562461
1533,3,20562462
1534,3,20562463
1535,3,20562464
1536,3,20562465
1537,3,20562466
1538,3,20562467
1539,3,20562468
1540,3,20562469
1541,3,20562470
1542,3,20562471
1543,3,20562472
1544,3,20562473
1545,3,20562474
1546,3,20562475
1547,3,20562476
1548,3,20562477
1549,3,20562478
1550,3,20562479
1551,3,20562480
1552,3,20562481
1553,3,20562482
1554,3,20562483
1555,3,20562484
1556,3,20562485
1557,3,20562486
1558,3,20562487
1559,3,20562488
1560,3,20562489
1561,3,20562490
1562,3,20562491
1563,3,20562492
1564,3,20562493
1565,3,20562494
1566,3,20562495
1567,3,20562496
1568,3,20562497
1569,3,20562498
1570,3,20562499
1571,3,20562500
1572,3,20562501
1573,3,20562502
1574,3,20562503
1575,3,20562504
1576,3,20562505
1577,3,20562506
1578,3,20562507
1579,3,20562508
1580,3,20562509
1581,3,20562510
1582,3,20562511
1583,3,20562512
1584,3,20562513
1585,3,20562514
1586,3,20562515
1587,3,20562516
1588,3,20562517
1589,3,20562518
1590,3,20562519
1591,3,20562520
1592,3,20562521
1593,3,20562522
1594,3,20562523
1595,3,20562524
1596,3,20562525
1597,3,20562526
1598,3,20562527
1599,3,20562528
1600,3,20562529
1601,3,20562530
1602,3,20562531
1603,3,20562532
1604,3,20562533
1605,3,20562534
1606,3,20562535
1607,3,20562536
1608,3,20562537
1609,3,20562538
1610,3,20562539
1611,3,20562540
1612,3,20562541
1613,3,20562542
1614,3,20562543
1615,3,20562544
1616,3,20562545
1617,3,20562546
1618,3,20562547
1619,3,20562548
1620,3,20562549
1621,3,20562550
1622,3,20562551
1623,3,20562552
1624,3,20562553
1625,3,20562554
1626,3,20562555
1627,3,20562556
1628,3,20562557
1629,3,20562558
1630,3,20562559
1631,3,20562560
1632,3,20562561
1633,3,20562562
1634,3,20562563
1635,3,20562564
1636,3,20562565
1637,3,20562566
1638,3,20562567
1639,3,20562568
1640,3,20562569
1641,3,20562570
1642,3,20562571
1643,3,20562572
1644,3,20562573
1645,3,20562574
1646,3,20562575
1647,3,20562576
1648,3,20562577
1649,3,20562578
1650,3,20562579
1651,3,20562580
1652,3,20562581
1653,3,20562582
1654,3,20562583
1655,3,20562584
1656,3,20562585
1657,3,20562586
1658,3,20562587
1659,3,20562588
1660,3,20562589
1661,3,20562590
1662,3,20562591
1663,3,20562592
1664,3,20562593
1665,3,20562594
1666,3,20562595
1667,3,20562596
1668,3,20562597
1669,3,20562598
1670,3,20562599
1671,3,20562600
1672,3,20562601
1673,3,20562602
1674,3,20562603
1675,3,20562604
1676,3,20562605
1677,3,20562606
1678,3,20562607
1679,3,20562608
1680,3,20562609
1681,3,20562610
1682,3,20562611
1683,3,20562612
1684,3,20562613
1685,3,20562614
1686,3,20562615
1687,3,20562616
1688,3,20562617
1689,3,20562618
1690,3,20562619
1691,3,20562620
1692,3,20562621
1693,3,20562622
1694,3,20562623
1695,3,20562624
1696,3,20562625
1697,3,20562626
1698,3,20562627
1699,3,20562628
1700,3,20562629
1701,3,20562630
1702,3,20562631
1703,3,20562632
1704,3,20562633
1705,3,20562634
1706,3,20562635
1707,3,20562636
1708,3,20562637
1709,3,20562638
1710,3,20562639
1711,3,20562640
1712,3,20562641
1713,3,20562642
1714,3,20562643
1715,3,20562644
1716,3,20562645
1717,3,20562646
1718,3,20562647
1719,3,20562648
1720,3,20562649
1721,3,20562650
1722,3,20562651
1723,3,20562652
1724,3,20562653
1725,3,20562654
1726,3,20562655
1727,3,20562656
1728,3,20562657
1729,3,20562658
1730,3,20562659
1731,3,20562660
1732,3,20562661
1733,3,20562662
1734,3,20562663
1735,3,20562664
1736,3,20562665
1737,3,20562666
1738,3,20562667
1739,3,20562668
1740,3,20562669
1741,3,20562670
1742,3,20562671
1743,3,20562672
1744,3,20562673
1745,3,20562674
1746,3,20562675
1747,3,20562676
1748,3,20562677
1749,3,20562678
1750,3,20562679
1751,3,20562680
1752,3,20562681
1753,3,20562682
1754,3,20562683
1755,3,20562684
1756,3,20562685
1757,3,20562686
1758,3,20562687
1759,3,20562688
1760,3,20562689
1761,3,20562690
1762,3,20562691
1763,3,20562692
1764,3,20562693
1765,3,20562694
1766,3,20562695
1767,3,20562696
1768,3,20562697
1769,3,20562698
1770,3,20562699
1771,3,20562700
1772,3,20562701
1773,3,20562702
1774,3,20562703
1775,3,20562704
1776,3,20562705
1777,3,20562706
1778,3,20562707
1779,3,20562708
1780,3,20562709
1781,3,20562710
1782,3,20562711
1783,3,20562712
1784,3,20562713
1785,3,20562714
1786,3,20562715
1787,3,20562716
1788,3,20562717
1789,3,20562718
1790,3,20562719
1791,3,20562720
1792,3,20562721
1793,3,20562722
1794,3,20562723
1795,3,20562724
1796,3,20562725
1797,3,20562726
1798,3,20562727
1799,3,20562728
1800,3,20562729
1801,3,20562730
1802,3,20562731
1803,3,20562732
1804,3,20562733
1805,3,20562734
1806,3,20562735
1807,3,20562736
1808,3,20562737
1809,3,20562738
1810,3,20562739
1811,3,20562740
1812,3,20562741
1813,3,20562742
1814,3,20562743
1815,3,20562744
1816,3,20562745
1817,3,20562746
1818,3,20562747
1819,3,20562748
1820,3,20562749
1821,3,20562750
1822,3,20562751
1823,3,20562752
1824,3,20562753
1825,3,20562754
1826,3,20562755
1827,3,20562756
1828,3,20562757
1829,3,20562758
1830,3,20562759
1831,3,20562760
1832,3,20562761
1833,3,20562762
1834,3,20562763
1835,3,20562764
1836,3,20562765
1837,3,20562766
1838,3,20562767
1839,3,20562768
1840,3,20562769
1841,3,20562770
1842,3,20562771
1843,3,20562772
1844,3,20562773
1845,3,20562774
1846,3,20562775
1847,3,20562776
1848,3,20562777
1849,3,20562778
1850,3,20562779
1851,3,20562780
1852,3,20562781
1853,3,20562782
1854,3,20562783
1855,3,20562784
1856,3,20562785
1857,3,20562786
1858,3,20562787
1859,3,20562788
1860,3,20562789
1861,3,20562790
1862,3,20562791
1863,3,20562792
1864,3,20562793
1865,3,20562794
1866,3,20562795
1867,3,20562796
1868,3,20562797
1869,3,20562798
1870,3,20562799
1871,3,20562800
1872,3,20562801
1873,3,20562802
1874,3,20562803
1875,3,20562804
1876,3,20562805
1877,3,20562806
1878,3,20562807
1879,3,20562808
1880,3,20562809
1881,3,20562810
1882,3,20562811
1883,3,20562812
1884,3,20562813
1885,3,20562814
1886,3,20562815
1887,3,20562816
1888,3,20562817
1889,3,20562818
1890,3,20562819
1891,3,20562820
1892,3,20562821
1893,3,20562822
1894,3,20562823
1895,3,20562824
1896,3,20562825
1897,3,20562826
1898,3,20562827
1899,3,20562828
1900,3,20562829
1901,3,20562830
1902,3,20562831
1903,3,20562832
1904,3,20562833
1905,3,20562834
1906,3,20562835
1907,3,20562836
1908,3,20562837
1909,3,20562838
1910,3,20562839
1911,3,20562840
1912,3,20562841
1913,3,20562842
1914,3,20562843
1915,3,20562844
1916,3,20562845
1917,3,20562846
1918,3,20562847
1919,3,20562848
1920,3,20562849
1921,3,20562850
1922,3,20562851
1923,3,20562852
1924,3,20562853
1925,3,20562854
1926,3,20562855
1927,3,20562856
1928,3,20562857
1929,3,20562858
1930,3,20562859
1931,3,20562860
1932,3,20562861
1933,3,20562862
1934,3,20562863
1935,3,20562864
1936,3,20562865
1937,3,20562866
1938,3,20562867
1939,3,20562868
1940,3,20562869
1941,3,20562870
1942,3,20562871
1943,3,20562872
1944,3,20562873
1945,3,20562874
1946,3,20562875
1947,3,20562876
1948,3,20562877
1949,3,20562878
1950,3,20562879
1951,3,20562880
1952,3,20562881
1953,3,20562882
1954,3,20562883
1955,3,20562884
1956,3,20562885
1957,3,20562886
1958,3,20562887
1959,3,20562888
1960,3,20562889
1961,3,20562890
1962,3,20562891
1963,3,20562892
1964,3,20562893
1965,3,20562894
1966,3,20562895
1967,3,20562896
1968,3,20562897
1969,3,20562898
1970,3,20562899
1971,3,20562900
1972,3,20562901
1973,3,20562902
1974,3,20562903
1975,3,20562904
1976,3,20562905
1977,3,20562906
1978,3,20562907
1979,3,20562908
1980,3,20562909
1981,3,20562910
1982,3,20562911
1983,3,20562912
1984,3,20562913
1985,3,20562914
1986,3,20562915
1987,3,20562916
1988,3,20562917
1989,3,20562918
1990,3,20562919
1991,3,20562920
1992,3,20562921
1993,3,20562922
1994,3,20562923
1995,3,20562924
1996,3,20562925
1997,3,20562926
1998,3,20562927
1999,3,20562928
2000,3,20562929
1,4,20660930
2,4,20660931
3,4,20660932
4,4,20660933
5,4,20660934
6,4,20660935
7,4,20660936
8,4,20660937
9,4,20660938
10,4,20660939
11,4,20660940
12,4,20660941
13,4,20660942
14,4,20660943
15,4,20660944
16,4,20660945
17,4,20660946
18,4,20660947
19,4,20660948
20,4,20660949
21,4,20660950
22,4,20660951
23,4,20660952
24,4,20660953
25,4,20660954
26,4,20660955
27,4,20660956
28,4,20660957
29,4,20660958
30,4,20660959
31,4,20660960
32,4,20660961
33,4,20660962
34,4,20660963
35,4,20660964
36,4,20660965
37,4,20660966
38,4,20660967
39,4,20660968
40,4,20660969
41,4,20660970
42,4,20660971
43,4,20660972
44,4,20660973
45,4,20660974
46,4,20660975
47,4,20660976
48,4,20660977
49,4,20660978
50,4,20660979
51,4,20660980
52,4,20660981
53,4,20660982
54,4,20660983
55,4,20660984
56,4,20660985
57,4,20660986
58,4,20660987
59,4,20660988
60,4,20660989
61,4,20660990
62,4,20660991
63,4,20660992
64,4,20660993
65,4,20660994
66,4,20660995
67,4,20660996
68,4,20660997
69,4,20660998
70,4,20660999
71,4,20661000
72,4,20661001
73,4,20661002
74,4,20661003
75,4,20661004
76,4,20661005
77,4,20661006
78,4,20661007
79,4,20661008
80,4,20661009
81,4,20661010
82,4,20661011
83,4,20661012
84,4,20661013
85,4,20661014
86,4,20661015
87,4,20661016
88,4,20661017
89,4,20661018
90,4,20661019
91,4,20661020
92,4,20661021
93,4,20661022
94,4,20661023
95,4,20661024
96,4,20661025
97,4,20661026
98,4,20661027
99,4,20661028
100,4,20661029
101,4,20661030
102,4,20661031
103,4,20661032
104,4,20661033
105,4,20661034
106,4,20661035
107,4,20661036
108,4,20661037
109,4,20661038
110,4,20661039
111,4,20661040
112,4,20661041
113,4,20661042
114,4,20661043
115,4,20661044
116,4,20661045
117,4,20661046
118,4,20661047
119,4,20661048
120,4,20661049
121,4,20661050
122,4,20661051
123,4,20661052
124,4,20661053
125,4,20661054
126,4,20661055
127,4,20661056
128,4,20661057
129,4,20661058
130,4,20661059
131,4,20661060
132,4,20661061
133,4,20661062
134,4,20661063
135,4,20661064
136,4,20661065
137,4,20661066
138,4,20661067
139,4,20661068
140,4,20661069
141,4,20661070
142,4,20661071
143,4,20661072
144,4,20661073
145,4,20661074
146,4,20661075
147,4,20661076
148,4,20661077
149,4,20661078
150,4,20661079
151,4,20661080
152,4,20661081
153,4,20661082
154,4,20661083
155,4,20661084
156,4,20661085
157,4,20661086
158,4,20661087
159,4,20661088
160,4,20661089
161,4,20661090
162,4,20661091
163,4,20661092
164,4,20661093
165,4,20661094
166,4,20661095
167,4,20661096
168,4,20661097
169,4,20661098
170,4,20661099
171,4,20661100
172,4,20661101
173,4,20661102
174,4,20661103
175,4,20661104
176,4,20661105
177,4,20661106
178,4,20661107
179,4,20661108
180,4,20661109
181,4,20661110
182,4,20661111
183,4,20661112
184,4,20661113
185,4,20661114
186,4,20661115
187,4,20661116
188,4,20661117
189,4,20661118
190,4,20661119
191,4,20661120
192,4,20661121
193,4,20661122
194,4,20661123
195,4,20661124
196,4,20661125
197,4,20661126
198,4,20661127
199,4,20661128
200,4,20661129
201,4,20661130
202,4,20661131
203,4,20661132
204,4,20661133
205,4,20661134
206,4,20661135
207,4,20661136
208,4,20661137
209,4,20661138
210,4,20661139
211,4,20661140
212,4,20661141
213,4,20661142
214,4,20661143
215,4,20661144
216,4,20661145
217,4,20661146
218,4,20661147
219,4,20661148
220,4,20661149
221,4,20661150
222,4,20661151
223,4,20661152
224,4,20661153
225,4,20661154
226,4,20661155
227,4,20661156
228,4,20661157
229,4,20661158
230,4,20661159
231,4,20661160
232,4,20661161
233,4,20661162
234,4,20661163
235,4,20661164
236,4,20661165
237,4,20661166
238,4,20661167
239,4,20661168
240,4,20661169
241,4,20661170
242,4,20661171
243,4,20661172
244,4,20661173
245,4,20661174
246,4,20661175
247,4,20661176
248,4,20661177
249,4,20661178
250,4,20661179
251,4,20661180
252,4,20661181
253,4,20661182
254,4,20661183
255,4,20661184
256,4,20661185
257,4,20661186
258,4,20661187
259,4,20661188
260,4,20661189
261,4,20661190
262,4,20661191
263,4,20661192
264,4,20661193
265,4,20661194
266,4,20661195
267,4,20661196
268,4,20661197
269,4,20661198
270,4,20661199
271,4,20661200
272,4,20661201
273,4,20661202
274,4,20661203
275,4,20661204
276,4,20661205
277,4,20661206
278,4,20661207
279,4,20661208
280,4,20661209
281,4,20661210
282,4,20661211
283,4,20661212
284,4,20661213
285,4,20661214
286,4,20661215
287,4,20661216
288,4,20661217
289,4,20661218
290,4,20661219
291,4,20661220
292,4,20661221
293,4,20661222
294,4,20661223
295,4,20661224
296,4,20661225
297,4,20661226
298,4,20661227
299,4,20661228
300,4,20661229
301,4,20661230
302,4,20661231
303,4,20661232
304,4,20661233
305,4,20661234
306,4,20661235
307,4,20661236
308,4,20661237
309,4,20661238
310,4,20661239
311,4,20661240
312,4,20661241
313,4,20661242
314,4,20661243
315,4,20661244
316,4,20661245
317,4,20661246
318,4,20661247
319,4,20661248
320,4,20661249
321,4,20661250
322,4,20661251
323,4,20661252
324,4,20661253
325,4,20661254
326,4,20661255
327,4,20661256
328,4,20661257
329,4,20661258
330,4,20661259
331,4,20661260
332,4,20661261
333,4,20661262
334,4,20661263
335,4,20661264
336,4,20661265
337,4,20661266
338,4,20661267
339,4,20661268
340,4,20661269
341,4,20661270
342,4,20661271
343,4,20661272
344,4,20661273
345,4,20661274
346,4,20661275
347,4,20661276
348,4,20661277
349,4,20661278
350,4,20661279
351,4,20661280
352,4,20661281
353,4,20661282
354,4,20661283
355,4,20661284
356,4,20661285
357,4,20661286
358,4,20661287
359,4,20661288
360,4,20661289
361,4,20661290
362,4,20661291
363,4,20661292
364,4,20661293
365,4,20661294
366,4,20661295
367,4,20661296
368,4,20661297
369,4,20661298
370,4,20661299
371,4,20661300
372,4,20661301
373,4,20661302
374,4,20661303
375,4,20661304
376,4,20661305
377,4,20661306
378,4,20661307
379,4,20661308
380,4,20661309
381,4,20661310
382,4,20661311
383,4,20661312
384,4,20661313
385,4,20661314
386,4,20661315
387,4,20661316
388,4,20661317
389,4,20661318
390,4,20661319
391,4,20661320
392,4,20661321
393,4,20661322
394,4,20661323
395,4,20661324
396,4,20661325
397,4,20661326
398,4,20661327
399,4,20661328
400,4,20661329
401,4,20661330
402,4,20661331
403,4,20661332
404,4,20661333
405,4,20661334
406,4,20661335
407,4,20661336
408,4,20661337
409,4,20661338
410,4,20661339
411,4,20661340
412,4,20661341
413,4,20661342
414,4,20661343
415,4,20661344
416,4,20661345
417,4,20661346
418,4,20661347
419,4,20661348
420,4,20661349
421,4,20661350
422,4,20661351
423,4,20661352
424,4,20661353
425,4,20661354
426,4,20661355
427,4,20661356
428,4,20661357
429,4,20661358
430,4,20661359
431,4,20661360
432,4,20661361
433,4,20661362
434,4,20661363
435,4,20661364
436,4,20661365
437,4,20661366
438,4,20661367
439,4,20661368
440,4,20661369
441,4,20661370
442,4,20661371
443,4,20661372
444,4,20661373
445,4,20661374
446,4,20661375
447,4,20661376
448,4,20661377
449,4,20661378
450,4,20661379
451,4,20661380
452,4,20661381
453,4,20661382
454,4,20661383
455,4,20661384
456,4,20661385
457,4,20661386
458,4,20661387
459,4,20661388
460,4,20661389
461,4,20661390
462,4,20661391
463,4,20661392
464,4,20661393
465,4,20661394
466,4,20661395
467,4,20661396
468,4,20661397
469,4,20661398
470,4,20661399
471,4,20661400
472,4,20661401
473,4,20661402
474,4,20661403
475,4,20661404
476,4,20661405
477,4,20661406
478,4,20661407
479,4,20661408
480,4,20661409
481,4,20661410
482,4,20661411
483,4,20661412
484,4,20661413
485,4,20661414
486,4,20661415
487,4,20661416
488,4,20661417
489,4,20661418
490,4,20661419
491,4,20661420
492,4,20661421
493,4,20661422
494,4,20661423
495,4,20661424
496,4,20661425
497,4,20661426
498,4,20661427
499,4,20661428
500,4,20661429
501,4,20661430
502,4,20661431
503,4,20661432
504,4,20661433
505,4,20661434
506,4,20661435
507,4,20661436
508,4,20661437
509,4,20661438
510,4,20661439
511,4,20661440
512,4,20661441
513,4,20661442
514,4,20661443
515,4,20661444
516,4,20661445
517,4,20661446
518,4,20661447
519,4,20661448
520,4,20661449
521,4,20661450
522,4,20661451
523,4,20661452
524,4,20661453
525,4,20661454
526,4,20661455
527,4,20661456
528,4,20661457
529,4,20661458
530,4,20661459
531,4,20661460
532,4,20661461
533,4,20661462
534,4,20661463
535,4,20661464
536,4,20661465
537,4,20661466
538,4,20661467
539,4,20661468
540,4,20661469
541,4,20661470
542,4,20661471
543,4,20661472
544,4,20661473
545,4,20661474
546,4,20661475
547,4,20661476
548,4,20661477
549,4,20661478
550,4,20661479
551,4,20661480
552,4,20661481
553,4,20661482
554,4,20661483
555,4,20661484
556,4,20661485
557,4,20661486
558,4,20661487
559,4,20661488
560,4,20661489
561,4,20661490
562,4,20661491
563,4,20661492
564,4,20661493
565,4,20661494
566,4,20661495
567,4,20661496
568,4,20661497
569,4,20661498
570,4,20661499
571,4,20661500
572,4,20661501
573,4,20661502
574,4,20661503
575,4,20661504
576,4,20661505
577,4,20661506
578,4,20661507
579,4,20661508
580,4,20661509
581,4,20661510
582,4,20661511
583,4,20661512
584,4,20661513
585,4,20661514
586,4,20661515
587,4,20661516
588,4,20661517
589,4,20661518
590,4,20661519
591,4,20661520
592,4,20661521
593,4,20661522
594,4,20661523
595,4,20661524
596,4,20661525
597,4,20661526
598,4,20661527
599,4,20661528
600,4,20661529
601,4,20661530
602,4,20661531
603,4,20661532
604,4,20661533
605,4,20661534
606,4,20661535
607,4,20661536
608,4,20661537
609,4,20661538
610,4,20661539
611,4,20661540
612,4,20661541
613,4,20661542
614,4,20661543
615,4,20661544
616,4,20661545
617,4,20661546
618,4,20661547
619,4,20661548
620,4,20661549
621,4,20661550
622,4,20661551
623,4,20661552
624,4,20661553
625,4,20661554
626,4,20661555
627,4,20661556
628,4,20661557
629,4,20661558
630,4,20661559
631,4,20661560
632,4,20661561
633,4,20661562
634,4,20661563
635,4,20661564
636,4,20661565
637,4,20661566
638,4,20661567
639,4,20661568
640,4,20661569
641,4,20661570
642,4,20661571
643,4,20661572
644,4,20661573
645,4,20661574
646,4,20661575
647,4,20661576
648,4,20661577
649,4,20661578
650,4,20661579
651,4,20661580
652,4,20661581
653,4,20661582
654,4,20661583
655,4,20661584
656,4,20661585
657,4,20661586
658,4,20661587
659,4,20661588
660,4,20661589
661,4,20661590
662,4,20661591
663,4,20661592
664,4,20661593
665,4,20661594
666,4,20661595
667,4,20661596
668,4,20661597
669,4,20661598
670,4,20661599
671,4,20661600
672,4,20661601
673,4,20661602
674,4,20661603
675,4,20661604
676,4,20661605
677,4,20661606
678,4,20661607
679,4,20661608
680,4,20661609
681,4,20661610
682,4,20661611
683,4,20661612
684,4,20661613
685,4,20661614
686,4,20661615
687,4,20661616
688,4,20661617
689,4,20661618
690,4,20661619
691,4,20661620
692,4,20661621
693,4,20661622
694,4,20661623
695,4,20661624
696,4,20661625
697,4,20661626
698,4,20661627
699,4,20661628
700,4,20661629
701,4,20661630
702,4,20661631
703,4,20661632
704,4,20661633
705,4,20661634
706,4,20661635
707,4,20661636
708,4,20661637
709,4,20661638
710,4,20661639
711,4,20661640
712,4,20661641
713,4,20661642
714,4,20661643
715,4,20661644
716,4,20661645
717,4,20661646
718,4,20661647
719,4,20661648
720,4,20661649
721,4,20661650
722,4,20661651
723,4,20661652
724,4,20661653
725,4,20661654
726,4,20661655
727,4,20661656
728,4,20661657
729,4,20661658
730,4,20661659
731,4,20661660
732,4,20661661
733,4,20661662
734,4,20661663
735,4,20661664
736,4,20661665
737,4,20661666
738,4,20661667
739,4,20661668
740,4,20661669
741,4,20661670
742,4,20661671
743,4,20661672
744,4,20661673
745,4,20661674
746,4,20661675
747,4,20661676
748,4,20661677
749,4,20661678
750,4,20661679
751,4,20661680
752,4,20661681
753,4,20661682
754,4,20661683
755,4,20661684
756,4,20661685
757,4,20661686
758,4,20661687
759,4,20661688
760,4,20661689
761,4,20661690
762,4,20661691
763,4,20661692
764,4,20661693
765,4,20661694
766,4,20661695
767,4,20661696
768,4,20661697
769,4,20661698
770,4,20661699
771,4,20661700
772,4,20661701
773,4,20661702
774,4,20661703
775,4,20661704
776,4,20661705
777,4,20661706
778,4,20661707
779,4,20661708
780,4,20661709
781,4,20661710
782,4,20661711
783,4,20661712
784,4,20661713
785,4,20661714
786,4,20661715
787,4,20661716
788,4,20661717
789,4,20661718
790,4,20661719
791,4,20661720
792,4,20661721
793,4,20661722
794,4,20661723
795,4,20661724
796,4,20661725
797,4,20661726
798,4,20661727
799,4,20661728
800,4,20661729
801,4,20661730
802,4,20661731
803,4,20661732
804,4,20661733
805,4,20661734
806,4,20661735
807,4,20661736
808,4,20661737
809,4,20661738
810,4,20661739
811,4,20661740
812,4,20661741
813,4,20661742
814,4,20661743
815,4,20661744
816,4,20661745
817,4,20661746
818,4,20661747
819,4,20661748
820,4,20661749
821,4,20661750
822,4,20661751
823,4,20661752
824,4,20661753
825,4,20661754
826,4,20661755
827,4,20661756
828,4,20661757
829,4,20661758
830,4,20661759
831,4,20661760
832,4,20661761
833,4,20661762
834,4,20661763
835,4,20661764
836,4,20661765
837,4,20661766
838,4,20661767
839,4,20661768
840,4,20661769
841,4,20661770
842,4,20661771
843,4,20661772
844,4,20661773
845,4,20661774
846,4,20661775
847,4,20661776
848,4,20661777
849,4,20661778
850,4,20661779
851,4,20661780
852,4,20661781
853,4,20661782
854,4,20661783
855,4,20661784
856,4,20661785
857,4,20661786
858,4,20661787
859,4,20661788
860,4,20661789
861,4,20661790
862,4,20661791
863,4,20661792
864,4,20661793
865,4,20661794
866,4,20661795
867,4,20661796
868,4,20661797
869,4,20661798
870,4,20661799
871,4,20661800
872,4,20661801
873,4,20661802
874,4,20661803
875,4,20661804
876,4,20661805
877,4,20661806
878,4,20661807
879,4,20661808
880,4,20661809
881,4,20661810
882,4,20661811
883,4,20661812
884,4,20661813
885,4,20661814
886,4,20661815
887,4,20661816
888,4,20661817
889,4,20661818
890,4,20661819
891,4,20661820
892,4,20661821
893,4,20661822
894,4,20661823
895,4,20661824
896,4,20661825
897,4,20661826
898,4,20661827
899,4,20661828
900,4,20661829
901,4,20661830
902,4,20661831
903,4,20661832
904,4,20661833
905,4,20661834
906,4,20661835
907,4,20661836
908,4,20661837
909,4,20661838
910,4,20661839
911,4,20661840
912,4,20661841
913,4,20661842
914,4,20661843
915,4,20661844
916,4,20661845
917,4,20661846
918,4,20661847
919,4,20661848
920,4,20661849
921,4,20661850
922,4,20661851
923,4,20661852
924,4,20661853
925,4,20661854
926,4,20661855
927,4,20661856
928,4,20661857
929,4,20661858
930,4,20661859
931,4,20661860
932,4,20661861
933,4,20661862
934,4,20661863
935,4,20661864
936,4,20661865
937,4,20661866
938,4,20661867
939,4,20661868
940,4,20661869
941,4,20661870
942,4,20661871
943,4,20661872
944,4,20661873
945,4,20661874
946,4,20661875
947,4,20661876
948,4,20661877
949,4,20661878
950,4,20661879
951,4,20661880
952,4,20661881
953,4,20661882
954,4,20661883
955,4,20661884
956,4,20661885
957,4,20661886
958,4,20661887
959,4,20661888
960,4,20661889
961,4,20661890
962,4,20661891
963,4,20661892
964,4,20661893
965,4,20661894
966,4,20661895
967,4,20661896
968,4,20661897
969,4,20661898
970,4,20661899
971,4,20661900
972,4,20661901
973,4,20661902
974,4,20661903
975,4,20661904
976,4,20661905
977,4,20661906
978,4,20661907
979,4,20661908
980,4,20661909
981,4,20661910
982,4,20661911
983,4,20661912
984,4,20661913
985,4,20661914
986,4,20661915
987,4,20661916
988,4,20661917
989,4,20661918
990,4,20661919
991,4,20661920
992,4,20661921
993,4,20661922
994,4,20661923
995,4,20661924
996,4,20661925
997,4,20661926
998,4,20661927
999,4,20661928
1000,4,20661929
1001,4,20661930
1002,4,20661931
1003,4,20661932
1004,4,20661933
1005,4,20661934
1006,4,20661935
1007,4,20661936
1008,4,20661937
1009,4,20661938
1010,4,20661939
1011,4,20661940
1012,4,20661941
1013,4,20661942
1014,4,20661943
1015,4,20661944
1016,4,20661945
1017,4,20661946
1018,4,20661947
1019,4,20661948
1020,4,20661949
1021,4,20661950
1022,4,20661951
1023,4,20661952
1024,4,20661953
1025,4,20661954
1026,4,20661955
1027,4,20661956
1028,4,20661957
1029,4,20661958
1030,4,20661959
1031,4,20661960
1032,4,20661961
1033,4,20661962
1034,4,20661963
1035,4,20661964
1036,4,20661965
1037,4,20661966
1038,4,20661967
1039,4,20661968
1040,4,20661969
1041,4,20661970
1042,4,20661971
1043,4,20661972
1044,4,20661973
1045,4,20661974
1046,4,20661975
1047,4,20661976
1048,4,20661977
1049,4,20661978
1050,4,20661979
1051,4,20661980
1052,4,20661981
1053,4,20661982
1054,4,20661983
1055,4,20661984
1056,4,20661985
1057,4,20661986
1058,4,20661987
1059,4,20661988
1060,4,20661989
1061,4,20661990
1062,4,20661991
1063,4,20661992
1064,4,20661993
1065,4,20661994
1066,4,20661995
1067,4,20661996
1068,4,20661997
1069,4,20661998
1070,4,20661999
1071,4,20662000
1072,4,20662001
1073,4,20662002
1074,4,20662003
1075,4,20662004
1076,4,20662005
1077,4,20662006
1078,4,20662007
1079,4,20662008
1080,4,20662009
1081,4,20662010
1082,4,20662011
1083,4,20662012
1084,4,20662013
1085,4,20662014
1086,4,20662015
1087,4,20662016
1088,4,20662017
1089,4,20662018
1090,4,20662019
1091,4,20662020
1092,4,20662021
1093,4,20662022
1094,4,20662023
1095,4,20662024
1096,4,20662025
1097,4,20662026
1098,4,20662027
1099,4,20662028
1100,4,20662029
1101,4,20662030
1102,4,20662031
1103,4,20662032
1104,4,20662033
1105,4,20662034
1106,4,20662035
1107,4,20662036
1108,4,20662037
1109,4,20662038
1110,4,20662039
1111,4,20662040
1112,4,20662041
1113,4,20662042
1114,4,20662043
1115,4,20662044
1116,4,20662045
1117,4,20662046
1118,4,20662047
1119,4,20662048
1120,4,20662049
1121,4,20662050
1122,4,20662051
1123,4,20662052
1124,4,20662053
1125,4,20662054
1126,4,20662055
1127,4,20662056
1128,4,20662057
1129,4,20662058
1130,4,20662059
1131,4,20662060
1132,4,20662061
1133,4,20662062
1134,4,20662063
1135,4,20662064
1136,4,20662065
1137,4,20662066
1138,4,20662067
1139,4,20662068
1140,4,20662069
1141,4,20662070
1142,4,20662071
1143,4,20662072
1144,4,20662073
1145,4,20662074
1146,4,20662075
1147,4,20662076
1148,4,20662077
1149,4,20662078
1150,4,20662079
1151,4,20662080
1152,4,20662081
1153,4,20662082
1154,4,20662083
1155,4,20662084
1156,4,20662085
1157,4,20662086
1158,4,20662087
1159,4,20662088
1160,4,20662089
1161,4,20662090
1162,4,20662091
1163,4,20662092
1164,4,20662093
1165,4,20662094
1166,4,20662095
1167,4,20662096
1168,4,20662097
1169,4,20662098
1170,4,20662099
1171,4,20662100
1172,4,20662101
1173,4,20662102
1174,4,20662103
1175,4,20662104
1176,4,20662105
1177,4,20662106
1178,4,20662107
1179,4,20662108
1180,4,20662109
1181,4,20662110
1182,4,20662111
1183,4,20662112
1184,4,20662113
1185,4,20662114
1186,4,20662115
1187,4,20662116
1188,4,20662117
1189,4,20662118
1190,4,20662119
1191,4,20662120
1192,4,20662121
1193,4,20662122
1194,4,20662123
1195,4,20662124
1196,4,20662125
1197,4,20662126
1198,4,20662127
1199,4,20662128
1200,4,20662129
1201,4,20662130
1202,4,20662131
1203,4,20662132
1204,4,20662133
1205,4,20662134
1206,4,20662135
1207,4,20662136
1208,4,20662137
1209,4,20662138
1210,4,20662139
1211,4,20662140
1212,4,20662141
1213,4,20662142
1214,4,20662143
1215,4,20662144
1216,4,20662145
1217,4,20662146
1218,4,20662147
1219,4,20662148
1220,4,20662149
1221,4,20662150
1222,4,20662151
1223,4,20662152
1224,4,20662153
1225,4,20662154
1226,4,20662155
1227,4,20662156
1228,4,20662157
1229,4,20662158
1230,4,20662159
1231,4,20662160
1232,4,20662161
1233,4,20662162
1234,4,20662163
1235,4,20662164
1236,4,20662165
1237,4,20662166
1238,4,20662167
1239,4,20662168
1240,4,20662169
1241,4,20662170
1242,4,20662171
1243,4,20662172
1244,4,20662173
1245,4,20662174
1246,4,20662175
1247,4,20662176
1248,4,20662177
1249,4,20662178
1250,4,20662179
1251,4,20662180
1252,4,20662181
1253,4,20662182
1254,4,20662183
1255,4,20662184
1256,4,20662185
1257,4,20662186
1258,4,20662187
1259,4,20662188
1260,4,20662189
1261,4,20662190
1262,4,20662191
1263,4,20662192
1264,4,20662193
1265,4,20662194
1266,4,20662195
1267,4,20662196
1268,4,20662197
1269,4,20662198
1270,4,20662199
1271,4,20662200
1272,4,20662201
1273,4,20662202
1274,4,20662203
1275,4,20662204
1276,4,20662205
1277,4,20662206
1278,4,20662207
1279,4,20662208
1280,4,20662209
1281,4,20662210
1282,4,20662211
1283,4,20662212
1284,4,20662213
1285,4,20662214
1286,4,20662215
1287,4,20662216
1288,4,20662217
1289,4,20662218
1290,4,20662219
1291,4,20662220
1292,4,20662221
1293,4,20662222
1294,4,20662223
1295,4,20662224
1296,4,20662225
1297,4,20662226
1298,4,20662227
1299,4,20662228
1300,4,20662229
1301,4,20662230
1302,4,20662231
1303,4,20662232
1304,4,20662233
1305,4,20662234
1306,4,20662235
1307,4,20662236
1308,4,20662237
1309,4,20662238
1310,4,20662239
1311,4,20662240
1312,4,20662241
1313,4,20662242
1314,4,20662243
1315,4,20662244
1316,4,20662245
1317,4,20662246
1318,4,20662247
1319,4,20662248
1320,4,20662249
1321,4,20662250
1322,4,20662251
1323,4,20662252
1324,4,20662253
1325,4,20662254
1326,4,20662255
1327,4,20662256
1328,4,20662257
1329,4,20662258
1330,4,20662259
1331,4,20662260
1332,4,20662261
1333,4,20662262
1334,4,20662263
1335,4,20662264
1336,4,20662265
1337,4,20662266
1338,4,20662267
1339,4,20662268
1340,4,20662269
1341,4,20662270
1342,4,20662271
1343,4,20662272
1344,4,20662273
1345,4,20662274
1346,4,20662275
1347,4,20662276
1348,4,20662277
1349,4,20662278
1350,4,20662279
1351,4,20662280
1352,4,20662281
1353,4,20662282
1354,4,20662283
1355,4,20662284
1356,4,20662285
1357,4,20662286
1358,4,20662287
1359,4,20662288
1360,4,20662289
1361,4,20662290
1362,4,20662291
1363,4,20662292
1364,4,20662293
1365,4,20662294
1366,4,20662295
1367,4,20662296
1368,4,20662297
1369,4,20662298
1370,4,20662299
1371,4,20662300
1372,4,20662301
1373,4,20662302
1374,4,20662303
1375,4,20662304
1376,4,20662305
1377,4,20662306
1378,4,20662307
1379,4,20662308
1380,4,20662309
1381,4,20662310
1382,4,20662311
1383,4,20662312
1384,4,20662313
1385,4,20662314
1386,4,20662315
1387,4,20662316
1388,4,20662317
1389,4,20662318
1390,4,20662319
1391,4,20662320
1392,4,20662321
1393,4,20662322
1394,4,20662323
1395,4,20662324
1396,4,20662325
1397,4,20662326
1398,4,20662327
1399,4,20662328
1400,4,20662329
1401,4,20662330
1402,4,20662331
1403,4,20662332
1404,4,20662333
1405,4,20662334
1406,4,20662335
1407,4,20662336
1408,4,20662337
1409,4,20662338
1410,4,20662339
1411,4,20662340
1412,4,20662341
1413,4,20662342
1414,4,20662343
1415,4,20662344
1416,4,20662345
1417,4,20662346
1418,4,20662347
1419,4,20662348
1420,4,20662349
1421,4,20662350
1422,4,20662351
1423,4,20662352
1424,4,20662353
1425,4,20662354
1426,4,20662355
1427,4,20662356
1428,4,20662357
1429,4,20662358
1430,4,20662359
1431,4,20662360
1432,4,20662361
1433,4,20662362
1434,4,20662363
1435,4,20662364
1436,4,20662365
1437,4,20662366
1438,4,20662367
1439,4,20662368
1440,4,20662369
1441,4,20662370
1442,4,20662371
1443,4,20662372
1444,4,20662373
1445,4,20662374
1446,4,20662375
1447,4,20662376
1448,4,20662377
1449,4,20662378
1450,4,20662379
1451,4,20662380
1452,4,20662381
1453,4,20662382
1454,4,20662383
1455,4,20662384
1456,4,20662385
1457,4,20662386
1458,4,20662387
1459,4,20662388
1460,4,20662389
1461,4,20662390
1462,4,20662391
1463,4,20662392
1464,4,20662393
1465,4,20662394
1466,4,20662395
1467,4,20662396
1468,4,20662397
1469,4,20662398
1470,4,20662399
1471,4,20662400
1472,4,20662401
1473,4,20662402
1474,4,20662403
1475,4,20662404
1476,4,20662405
1477,4,20662406
1478,4,20662407
1479,4,20662408
1480,4,20662409
1481,4,20662410
1482,4,20662411
1483,4,20662412
1484,4,20662413
1485,4,20662414
1486,4,20662415
1487,4,20662416
1488,4,20662417
1489,4,20662418
1490,4,20662419
1491,4,20662420
1492,4,20662421
1493,4,20662422
1494,4,20662423
1495,4,20662424
1496,4,20662425
1497,4,20662426
1498,4,20662427
1499,4,20662428
1500,4,20662429
1501,4,20662430
1502,4,20662431
1503,4,20662432
1504,4,20662433
1505,4,20662434
1506,4,20662435
1507,4,20662436
1508,4,20662437
1509,4,20662438
1510,4,20662439
1511,4,20662440
1512,4,20662441
1513,4,20662442
1514,4,20662443
1515,4,20662444
1516,4,20662445
1517,4,20662446
1518,4,20662447
1519,4,20662448
1520,4,20662449
1521,4,20662450
1522,4,20662451
1523,4,20662452
1524,4,20662453
1525,4,20662454
1526,4,20662455
1527,4,20662456
1528,4,20662457
1529,4,20662458
1530,4,20662459
1531,4,20662460
1532,4,20662461
1533,4,20662462
1534,4,20662463
1535,4,20662464
1536,4,20662465
1537,4,20662466
1538,4,20662467
1539,4,20662468
1540,4,20662469
1541,4,20662470
1542,4,20662471
1543,4,20662472
1544,4,20662473
1545,4,20662474
1546,4,20662475
1547,4,20662476
1548,4,20662477
1549,4,20662478
1550,4,20662479
1551,4,20662480
1552,4,20662481
1553,4,20662482
1554,4,20662483
1555,4,20662484
1556,4,20662485
1557,4,20662486
1558,4,20662487
1559,4,20662488
1560,4,20662489
1561,4,20662490
1562,4,20662491
1563,4,20662492
1564,4,20662493
1565,4,20662494
1566,4,20662495
1567,4,20662496
1568,4,20662497
1569,4,20662498
1570,4,20662499
1571,4,20662500
1572,4,20662501
1573,4,20662502
1574,4,20662503
1575,4,20662504
1576,4,20662505
1577,4,20662506
1578,4,20662507
1579,4,20662508
1580,4,20662509
1581,4,20662510
1582,4,20662511
1583,4,20662512
1584,4,20662513
1585,4,20662514
1586,4,20662515
1587,4,20662516
1588,4,20662517
1589,4,20662518
1590,4,20662519
1591,4,20662520
1592,4,20662521
1593,4,20662522
1594,4,20662523
1595,4,20662524
1596,4,20662525
1597,4,20662526
1598,4,20662527
1599,4,20662528
1600,4,20662529
1601,4,20662530
1602,4,20662531
1603,4,20662532
1604,4,20662533
1605,4,20662534
1606,4,20662535
1607,4,20662536
1608,4,20662537
1609,4,20662538
1610,4,20662539
1611,4,20662540
1612,4,20662541
1613,4,20662542
1614,4,20662543
1615,4,20662544
1616,4,20662545
1617,4,20662546
1618,4,20662547
1619,4,20662548
1620,4,20662549
1621,4,20662550
1622,4,20662551
1623,4,20662552
1624,4,20662553
1625,4,20662554
1626,4,20662555
1627,4,20662556
1628,4,20662557
1629,4,20662558
1630,4,20662559
1631,4,20662560
1632,4,20662561
1633,4,20662562
1634,4,20662563
1635,4,20662564
1636,4,20662565
1637,4,20662566
1638,4,20662567
1639,4,20662568
1640,4,20662569
1641,4,20662570
1642,4,20662571
1643,4,20662572
1644,4,20662573
1645,4,20662574
1646,4,20662575
1647,4,20662576
1648,4,20662577
1649,4,20662578
1650,4,20662579
1651,4,20662580
1652,4,20662581
1653,4,20662582
1654,4,20662583
1655,4,20662584
1656,4,20662585
1657,4,20662586
1658,4,20662587
1659,4,20662588
1660,4,20662589
1661,4,20662590
1662,4,20662591
1663,4,20662592
1664,4,20662593
1665,4,20662594
1666,4,20662595
1667,4,20662596
1668,4,20662597
1669,4,20662598
1670,4,20662599
1671,4,20662600
1672,4,20662601
1673,4,20662602
1674,4,20662603
1675,4,20662604
1676,4,20662605
1677,4,20662606
1678,4,20662607
1679,4,20662608
1680,4,20662609
1681,4,20662610
1682,4,20662611
1683,4,20662612
1684,4,20662613
1685,4,20662614
1686,4,20662615
1687,4,20662616
1688,4,20662617
1689,4,20662618
1690,4,20662619
1691,4,20662620
1692,4,20662621
1693,4,20662622
1694,4,20662623
1695,4,20662624
1696,4,20662625
1697,4,20662626
1698,4,20662627
1699,4,20662628
1700,4,20662629
1701,4,20662630
1702,4,20662631
1703,4,20662632
1704,4,20662633
1705,4,20662634
1706,4,20662635
1707,4,20662636
1708,4,20662637
1709,4,20662638
1710,4,20662639
1711,4,20662640
1712,4,20662641
1713,4,20662642
1714,4,20662643
1715,4,20662644
1716,4,20662645
1717,4,20662646
1718,4,20662647
1719,4,20662648
1720,4,20662649
1721,4,20662650
1722,4,20662651
1723,4,20662652
1724,4,20662653
1725,4,20662654
1726,4,20662655
1727,4,20662656
1728,4,20662657
1729,4,20662658
1730,4,20662659
1731,4,20662660
1732,4,20662661
1733,4,20662662
1734,4,20662663
1735,4,20662664
1736,4,20662665
1737,4,20662666
1738,4,20662667
1739,4,20662668
1740,4,20662669
1741,4,20662670
1742,4,20662671
1743,4,20662672
1744,4,20662673
1745,4,20662674
1746,4,20662675
1747,4,20662676
1748,4,20662677
1749,4,20662678
1750,4,20662679
1751,4,20662680
1752,4,20662681
1753,4,20662682
1754,4,20662683
1755,4,20662684
1756,4,20662685
1757,4,20662686
1758,4,20662687
1759,4,20662688
1760,4,20662689
1761,4,20662690
1762,4,20662691
1763,4,20662692
1764,4,20662693
1765,4,20662694
1766,4,20662695
1767,4,20662696
1768,4,20662697
1769,4,20662698
1770,4,20662699
1771,4,20662700
1772,4,20662701
1773,4,20662702
1774,4,20662703
1775,4,20662704
1776,4,20662705
1777,4,20662706
1778,4,20662707
1779,4,20662708
1780,4,20662709
1781,4,20662710
1782,4,20662711
1783,4,20662712
1784,4,20662713
1785,4,20662714
1786,4,20662715
1787,4,20662716
1788,4,20662717
1789,4,20662718
1790,4,20662719
1791,4,20662720
1792,4,20662721
1793,4,20662722
1794,4,20662723
1795,4,20662724
1796,4,20662725
1797,4,20662726
1798,4,20662727
1799,4,20662728
1800,4,20662729
1801,4,20662730
1802,4,20662731
1803,4,20662732
1804,4,20662733
1805,4,20662734
1806,4,20662735
1807,4,20662736
1808,4,20662737
1809,4,20662738
1810,4,20662739
1811,4,20662740
1812,4,20662741
1813,4,20662742
1814,4,20662743
1815,4,20662744
1816,4,20662745
1817,4,20662746
1818,4,20662747
1819,4,20662748
1820,4,20662749
1821,4,20662750
1822,4,20662751
1823,4,20662752
1824,4,20662753
1825,4,20662754
1826,4,20662755
1827,4,20662756
1828,4,20662757
1829,4,20662758
1830,4,20662759
1831,4,20662760
1832,4,20662761
1833,4,20662762
1834,4,20662763
1835,4,20662764
1836,4,20662765
1837,4,20662766
1838,4,20662767
1839,4,20662768
1840,4,20662769
1841,4,20662770
1842,4,20662771
1843,4,20662772
1844,4,20662773
1845,4,20662774
1846,4,20662775
1847,4,20662776
1848,4,20662777
1849,4,20662778
1850,4,20662779
1851,4,20662780
1852,4,20662781
1853,4,20662782
1854,4,20662783
1855,4,20662784
1856,4,20662785
1857,4,20662786
1858,4,20662787
1859,4,20662788
1860,4,20662789
1861,4,20662790
1862,4,20662791
1863,4,20662792
1864,4,20662793
1865,4,20662794
1866,4,20662795
1867,4,20662796
1868,4,20662797
1869,4,20662798
1870,4,20662799
1871,4,20662800
1872,4,20662801
1873,4,20662802
1874,4,20662803
1875,4,20662804
1876,4,20662805
1877,4,20662806
1878,4,20662807
1879,4,20662808
1880,4,20662809
1881,4,20662810
1882,4,20662811
1883,4,20662812
1884,4,20662813
1885,4,20662814
1886,4,20662815
1887,4,20662816
1888,4,20662817
1889,4,20662818
1890,4,20662819
1891,4,20662820
1892,4,20662821
1893,4,20662822
1894,4,20662823
1895,4,20662824
1896,4,20662825
1897,4,20662826
1898,4,20662827
1899,4,20662828
1900,4,20662829
1901,4,20662830
1902,4,20662831
1903,4,20662832
1904,4,20662833
1905,4,20662834
1906,4,20662835
1907,4,20662836
1908,4,20662837
1909,4,20662838
1910,4,20662839
1911,4,20662840
1912,4,20662841
1913,4,20662842
1914,4,20662843
1915,4,20662844
1916,4,20662845
1917,4,20662846
1918,4,20662847
1919,4,20662848
1920,4,20662849
1921,4,20662850
1922,4,20662851
1923,4,20662852
1924,4,20662853
1925,4,20662854
1926,4,20662855
1927,4,20662856
1928,4,20662857
1929,4,20662858
1930,4,20662859
1931,4,20662860
1932,4,20662861
1933,4,20662862
1934,4,20662863
1935,4,20662864
1936,4,20662865
1937,4,20662866
1938,4,20662867
1939,4,20662868
1940,4,20662869
1941,4,20662870
1942,4,20662871
1943,4,20662872
1944,4,20662873
1945,4,20662874
1946,4,20662875
1947,4,20662876
1948,4,20662877
1949,4,20662878
1950,4,20662879
1951,4,20662880
1952,4,20662881
1953,4,20662882
1954,4,20662883
1955,4,20662884
1956,4,20662885
1957,4,20662886
1958,4,20662887
1959,4,20662888
1960,4,20662889
1961,4,20662890
1962,4,20662891
1963,4,20662892
1964,4,20662893
1965,4,20662894
1966,4,20662895
1967,4,20662896
1968,4,20662897
1969,4,20662898
1970,4,20662899
1971,4,20662900
1972,4,20662901
1973,4,20662902
1974,4,20662903
1975,4,20662904
1976,4,20662905
1977,4,20662906
1978,4,20662907
1979,4,20662908
1980,4,20662909
1981,4,20662910
1982,4,20662911
1983,4,20662912
1984,4,20662913
1985,4,20662914
1986,4,20662915
1987,4,20662916
1988,4,20662917
1989,4,20662918
1990,4,20662919
1991,4,20662920
1992,4,20662921
1993,4,20662922
1994,4,20662923
1995,4,20662924
1996,4,20662925
1997,4,20662926
1998,4,20662927
1999,4,20662928
2000,4,20662929
