cycle,file,variable,label,n,n_nonmissing,url
1999-2000,ALQ,SEQN,Respondent sequence number,4444,4444,https://wwwn.cdc.gov/Nchs/Data/Nhanes/Public/1999/DataFiles/ALQ.htm#SEQN
1999-2000,ALQ,ALQ100,Had at least 12 alcohol drinks/1 yr?,4444,4161,https://wwwn.cdc.gov/Nchs/Data/Nhanes/Public/1999/DataFiles/ALQ.htm#ALQ100
1999-2000,ALQ,ALQ110,Had at least 12 alcohol drinks/lifetime?,4444,1408,https://wwwn.cdc.gov/Nchs/Data/Nhanes/Public/1999/DataFiles/ALQ.htm#ALQ110
1999-2000,ALQ,ALQ120Q,How often drink alcohol over past 12 mos,4444,3519,https://wwwn.cdc.gov/Nchs/Data/Nhanes/Public/1999/DataFiles/ALQ.htm#ALQ120Q
1999-2000,ALQ,ALQ120U,"# days drink alcohol per wk, mo, yr",4444,2651,https://wwwn.cdc.gov/Nchs/Data/Nhanes/Public/1999/DataFiles/ALQ.htm#ALQ120U
1999-2000,ALQ,ALQ130,Avg # alcoholic drinks/day -past 12 mos,4444,2656,https://wwwn.cdc.gov/Nchs/Data/Nhanes/Public/1999/DataFiles/ALQ.htm#ALQ130
1999-2000,BMX,SEQN,Respondent sequence number,9282,9282,https://wwwn.cdc.gov/Nchs/Data/Nhanes/Public/1999/DataFiles/BMX.htm#SEQN
1999-2000,BMX,BMXBMI,Body Mass Index (kg/m**2),9282,8462,https://wwwn.cdc.gov/Nchs/Data/Nhanes/Public/1999/DataFiles/BMX.htm#BMXBMI
1999-2000,BPQ,SEQN,Respondent sequence number,6044,6044,https://wwwn.cdc.gov/Nchs/Data/Nhanes/Public/1999/DataFiles/BPQ.htm#SEQN
1999-2000,BPQ,BPQ010,Last blood pressure reading by doctor,6044,6040,https://wwwn.cdc.gov/Nchs/Data/Nhanes/Public/1999/DataFiles/BPQ.htm#BPQ010
1999-2000,BPQ,BPQ020,Ever told you had high blood pressure,6044,5951,https://wwwn.cdc.gov/Nchs/Data/Nhanes/Public/1999/DataFiles/BPQ.htm#BPQ020
1999-2000,BPQ,BPQ030,Told had high blood pressure - 2+ times,6044,1532,https://wwwn.cdc.gov/Nchs/Data/Nhanes/Public/1999/DataFiles/BPQ.htm#BPQ030
1999-2000,BPQ,BPQ040A,Taking prescription for hypertension,6044,1532,https://wwwn.cdc.gov/Nchs/Data/Nhanes/Public/1999/DataFiles/BPQ.htm#BPQ040A
1999-2000,BPQ,BPQ040B,Told to control weight for hypertension,6044,1532,https://wwwn.cdc.gov/Nchs/Data/Nhanes/Public/1999/DataFiles/BPQ.htm#BPQ040B
1999-2000,BPQ,BPQ040C,Told to reduce sodium for hypertension,6044,1532,https://wwwn.cdc.gov/Nchs/Data/Nhanes/Public/1999/DataFiles/BPQ.htm#BPQ040C
1999-2000,BPQ,BPQ040D,Told to exercise more for hypertension,6044,1532,https://wwwn.cdc.gov/Nchs/Data/Nhanes/Public/1999/DataFiles/BPQ.htm#BPQ040D
1999-2000,BPQ,BPQ040E,Told to reduce alcohol for hypertension,6044,1532,https://wwwn.cdc.gov/Nchs/Data/Nhanes/Public/1999/DataFiles/BPQ.htm#BPQ040E
1999-2000,BPQ,BPQ040F,Told to do other things for hypertension,6044,1532,https://wwwn.cdc.gov/Nchs/Data/Nhanes/Public/1999/DataFiles/BPQ.htm#BPQ040F
1999-2000,BPQ,BPQ043A,Told to stop smoking for hypertension,6044,36,https://wwwn.cdc.gov/Nchs/Data/Nhanes/Public/1999/DataFiles/BPQ.htm#BPQ043A
1999-2000,BPQ,BPQ043B,Told to increase potassium for hyprtnsn,6044,7,https://wwwn.cdc.gov/Nchs/Data/Nhanes/Public/1999/DataFiles/BPQ.htm#BPQ043B
1999-2000,BPQ,BPQ043C,Told of other diet changes for hyprtnsn,6044,49,https://wwwn.cdc.gov/Nchs/Data/Nhanes/Public/1999/DataFiles/BPQ.htm#BPQ043C
1999-2000,BPQ,BPQ043D,Told to do other things for hyprtnsn,6044,44,https://wwwn.cdc.gov/Nchs/Data/Nhanes/Public/1999/DataFiles/BPQ.htm#BPQ043D
1999-2000,BPQ,BPQ050A,Now taking prescribed medicine,6044,1225,https://wwwn.cdc.gov/Nchs/Data/Nhanes/Public/1999/DataFiles/BPQ.htm#BPQ050A
1999-2000,BPQ,BPQ050B,Now controlling weight,6044,772,https://wwwn.cdc.gov/Nchs/Data/Nhanes/Public/1999/DataFiles/BPQ.htm#BPQ050B
1999-2000,BPQ,BPQ050C,Now reducing salt/sodium,6044,1011,https://wwwn.cdc.gov/Nchs/Data/Nhanes/Public/1999/DataFiles/BPQ.htm#BPQ050C
1999-2000,BPQ,BPQ050D,Now exercising more,6044,910,https://wwwn.cdc.gov/Nchs/Data/Nhanes/Public/1999/DataFiles/BPQ.htm#BPQ050D
1999-2000,BPQ,BPQ050E,Now reducing alcohol consumption,6044,402,https://wwwn.cdc.gov/Nchs/Data/Nhanes/Public/1999/DataFiles/BPQ.htm#BPQ050E
1999-2000,BPQ,BPQ060,Ever had blood cholesterol checked,6044,4877,https://wwwn.cdc.gov/Nchs/Data/Nhanes/Public/1999/DataFiles/BPQ.htm#BPQ060
1999-2000,BPQ,BPQ070,When blood cholesterol last checked,6044,3191,https://wwwn.cdc.gov/Nchs/Data/Nhanes/Public/1999/DataFiles/BPQ.htm#BPQ070
1999-2000,BPQ,BPQ080,Doctor told you - high cholesterol level,6044,3191,https://wwwn.cdc.gov/Nchs/Data/Nhanes/Public/1999/DataFiles/BPQ.htm#BPQ080
1999-2000,BPQ,BPQ090A,Told to eat less fat for cholesterol,6044,1166,https://wwwn.cdc.gov/Nchs/Data/Nhanes/Public/1999/DataFiles/BPQ.htm#BPQ090A
1999-2000,BPQ,BPQ090B,Told to reduce weight for cholesterol,6044,1166,https://wwwn.cdc.gov/Nchs/Data/Nhanes/Public/1999/DataFiles/BPQ.htm#BPQ090B
1999-2000,BPQ,BPQ090C,Told to exercise more for cholesterol,6044,1166,https://wwwn.cdc.gov/Nchs/Data/Nhanes/Public/1999/DataFiles/BPQ.htm#BPQ090C
1999-2000,BPQ,BPQ090D,Told to take prescriptn for cholesterol,6044,1166,https://wwwn.cdc.gov/Nchs/Data/Nhanes/Public/1999/DataFiles/BPQ.htm#BPQ090D
1999-2000,BPQ,BPQ100A,Now eating fewer high fat foods,6044,971,https://wwwn.cdc.gov/Nchs/Data/Nhanes/Public/1999/DataFiles/BPQ.htm#BPQ100A
1999-2000,BPQ,BPQ100B,Now controlling weight,6044,635,https://wwwn.cdc.gov/Nchs/Data/Nhanes/Public/1999/DataFiles/BPQ.htm#BPQ100B
1999-2000,BPQ,BPQ100C,Now increasing exercise,6044,742,https://wwwn.cdc.gov/Nchs/Data/Nhanes/Public/1999/DataFiles/BPQ.htm#BPQ100C
1999-2000,BPQ,BPQ100D,Now taking prescribed medicine,6044,570,https://wwwn.cdc.gov/Nchs/Data/Nhanes/Public/1999/DataFiles/BPQ.htm#BPQ100D
1999-2000,BPQ,BPQ110A,Eating fewer high fat foods on own,6044,3711,https://wwwn.cdc.gov/Nchs/Data/Nhanes/Public/1999/DataFiles/BPQ.htm#BPQ110A
1999-2000,BPQ,BPQ110B,Controlling weight on own,6044,3711,https://wwwn.cdc.gov/Nchs/Data/Nhanes/Public/1999/DataFiles/BPQ.htm#BPQ110B
1999-2000,BPQ,BPQ110C,Increasing exercise on own,6044,3711,https://wwwn.cdc.gov/Nchs/Data/Nhanes/Public/1999/DataFiles/BPQ.htm#BPQ110C
1999-2000,BPQ,BPQ120,Eating fewer high fat foods on own,6044,195,https://wwwn.cdc.gov/Nchs/Data/Nhanes/Public/1999/DataFiles/BPQ.htm#BPQ120
1999-2000,BPQ,BPQ130,Controlling weight on own,6044,531,https://wwwn.cdc.gov/Nchs/Data/Nhanes/Public/1999/DataFiles/BPQ.htm#BPQ130
1999-2000,BPQ,BPQ140,Increasing exercise on own,6044,423,https://wwwn.cdc.gov/Nchs/Data/Nhanes/Public/1999/DataFiles/BPQ.htm#BPQ140
1999-2000,BPX,SEQN,Respondent sequence number,9282,9282,https://wwwn.cdc.gov/Nchs/Data/Nhanes/Public/1999/DataFiles/BPX.htm#SEQN
1999-2000,BPX,BPXCHR,60 sec HR (30 sec HR * 2),9282,1744,https://wwwn.cdc.gov/Nchs/Data/Nhanes/Public/1999/DataFiles/BPX.htm#BPXCHR
1999-2000,BPX,BPQ150A,Had food in the past 30 minutes?,9282,7260,https://wwwn.cdc.gov/Nchs/Data/Nhanes/Public/1999/DataFiles/BPX.htm#BPQ150A
1999-2000,BPX,BPQ150B,Had alcohol in the past 30 minutes?,9282,7260,https://wwwn.cdc.gov/Nchs/Data/Nhanes/Public/1999/DataFiles/BPX.htm#BPQ150B
1999-2000,BPX,BPQ150C,Had coffee in the past 30 minutes?,9282,7260,https://wwwn.cdc.gov/Nchs/Data/Nhanes/Public/1999/DataFiles/BPX.htm#BPQ150C
1999-2000,BPX,BPQ150D,Had cigarettes in the past 30 minutes?,9282,7260,https://wwwn.cdc.gov/Nchs/Data/Nhanes/Public/1999/DataFiles/BPX.htm#BPQ150D
1999-2000,BPX,BPXPLS,60 sec. pulse (30 sec. pulse * 2):,9282,7253,https://wwwn.cdc.gov/Nchs/Data/Nhanes/Public/1999/DataFiles/BPX.htm#BPXPLS
1999-2000,BPX,BPXDB,# of dropped beats in 30 seconds,9282,57,https://wwwn.cdc.gov/Nchs/Data/Nhanes/Public/1999/DataFiles/BPX.htm#BPXDB
1999-2000,BPX,BPXPULS,Pulse regular or irregular?,9282,9003,https://wwwn.cdc.gov/Nchs/Data/Nhanes/Public/1999/DataFiles/BPX.htm#BPXPULS
1999-2000,BPX,BPXPTY,Pulse type:,9282,7256,https://wwwn.cdc.gov/Nchs/Data/Nhanes/Public/1999/DataFiles/BPX.htm#BPXPTY
1999-2000,BPX,BPXML1,MIL: maximum inflation levels (mm Hg),9282,7229,https://wwwn.cdc.gov/Nchs/Data/Nhanes/Public/1999/DataFiles/BPX.htm#BPXML1
1999-2000,BPX,BPXSY1,Systolic: Blood pres (1st rdg) mm Hg,9282,6457,https://wwwn.cdc.gov/Nchs/Data/Nhanes/Public/1999/DataFiles/BPX.htm#BPXSY1
1999-2000,BPX,BPXDI1,Diastolic: Blood pres (1st rdg) mm Hg,9282,6457,https://wwwn.cdc.gov/Nchs/Data/Nhanes/Public/1999/DataFiles/BPX.htm#BPXDI1
1999-2000,BPX,BPXSY2,Systolic: Blood pres (2nd rdg) mm Hg,9282,6368,https://wwwn.cdc.gov/Nchs/Data/Nhanes/Public/1999/DataFiles/BPX.htm#BPXSY2
1999-2000,BPX,BPXDI2,Diastolic: Blood pres (2nd rdg) mm Hg,9282,6368,https://wwwn.cdc.gov/Nchs/Data/Nhanes/Public/1999/DataFiles/BPX.htm#BPXDI2
1999-2000,BPX,BPXSY3,Systolic: Blood pres (3rd rdg) mm Hg,9282,6256,https://wwwn.cdc.gov/Nchs/Data/Nhanes/Public/1999/DataFiles/BPX.htm#BPXSY3
1999-2000,BPX,BPXDI3,Diastolic: Blood pres (3rd rdg) mm Hg,9282,6255,https://wwwn.cdc.gov/Nchs/Data/Nhanes/Public/1999/DataFiles/BPX.htm#BPXDI3
1999-2000,BPX,BPXSY4,Systolic: Blood pres (4th rdg) mm Hg,9282,1643,https://wwwn.cdc.gov/Nchs/Data/Nhanes/Public/1999/DataFiles/BPX.htm#BPXSY4
1999-2000,BPX,BPXDI4,Diastolic: Blood pres (4th rdg) mm Hg,9282,1643,https://wwwn.cdc.gov/Nchs/Data/Nhanes/Public/1999/DataFiles/BPX.htm#BPXDI4
1999-2000,BPX,BPXSAR,SBP average reported to examinee,9282,7215,https://wwwn.cdc.gov/Nchs/Data/Nhanes/Public/1999/DataFiles/BPX.htm#BPXSAR
1999-2000,BPX,BPXDAR,DBP average reported to examinee,9282,7215,https://wwwn.cdc.gov/Nchs/Data/Nhanes/Public/1999/DataFiles/BPX.htm#BPXDAR
1999-2000,DEMO,SEQN,Respondent sequence number,9965,9965,https://wwwn.cdc.gov/Nchs/Data/Nhanes/Public/1999/DataFiles/DEMO.htm#SEQN
1999-2000,DEMO,SDDSRVYR,Data Release Number,9965,9965,https://wwwn.cdc.gov/Nchs/Data/Nhanes/Public/1999/DataFiles/DEMO.htm#SDDSRVYR
1999-2000,DEMO,RIAGENDR,Gender,9965,9965,https://wwwn.cdc.gov/Nchs/Data/Nhanes/Public/1999/DataFiles/DEMO.htm#RIAGENDR
1999-2000,DEMO,RIDAGEYR,Age at Screening Adjudicated - Recode,9965,9965,https://wwwn.cdc.gov/Nchs/Data/Nhanes/Public/1999/DataFiles/DEMO.htm#RIDAGEYR
1999-2000,DEMO,RIDRETH1,Race/Ethnicity - Recode,9965,9965,https://wwwn.cdc.gov/Nchs/Data/Nhanes/Public/1999/DataFiles/DEMO.htm#RIDRETH1
1999-2000,DEMO,DMDEDUC2,Education Level - Adults 20+,9965,4878,https://wwwn.cdc.gov/Nchs/Data/Nhanes/Public/1999/DataFiles/DEMO.htm#DMDEDUC2
1999-2000,DEMO,INDFMPIR,Family PIR,9965,8482,https://wwwn.cdc.gov/Nchs/Data/Nhanes/Public/1999/DataFiles/DEMO.htm#INDFMPIR
1999-2000,DEMO,WTINT2YR,Full Sample 2 Year Interview Weight,9965,9965,https://wwwn.cdc.gov/Nchs/Data/Nhanes/Public/1999/DataFiles/DEMO.htm#WTINT2YR
1999-2000,DEMO,WTINT4YR,Full Sample 4 Year Interview Weight,9965,9965,https://wwwn.cdc.gov/Nchs/Data/Nhanes/Public/1999/DataFiles/DEMO.htm#WTINT4YR
1999-2000,DEMO,WTMEC2YR,Full Sample 2 Year MEC Exam Weight,9965,9965,https://wwwn.cdc.gov/Nchs/Data/Nhanes/Public/1999/DataFiles/DEMO.htm#WTMEC2YR
1999-2000,DEMO,WTMEC4YR,Full Sample 4 Year MEC Exam Weight,9965,9965,https://wwwn.cdc.gov/Nchs/Data/Nhanes/Public/1999/DataFiles/DEMO.htm#WTMEC4YR
1999-2000,DEMO,SDMVPSU,Masked Variance Pseudo-PSU,9965,9965,https://wwwn.cdc.gov/Nchs/Data/Nhanes/Public/1999/DataFiles/DEMO.htm#SDMVPSU
1999-2000,DEMO,SDMVSTRA,Masked Variance Pseudo-Stratum,9965,9965,https://wwwn.cdc.gov/Nchs/Data/Nhanes/Public/1999/DataFiles/DEMO.htm#SDMVSTRA
1999-2000,DIQ,SEQN,Respondent sequence number,9493,9493,https://wwwn.cdc.gov/Nchs/Data/Nhanes/Public/1999/DataFiles/DIQ.htm#SEQN
1999-2000,DIQ,DIQ010,Doctor told you have diabetes,9493,9488,https://wwwn.cdc.gov/Nchs/Data/Nhanes/Public/1999/DataFiles/DIQ.htm#DIQ010
1999-2000,DIQ,DIQ040G,Age when first told you had diabetes,9493,489,https://wwwn.cdc.gov/Nchs/Data/Nhanes/Public/1999/DataFiles/DIQ.htm#DIQ040G
1999-2000,DIQ,DIQ040Q,Number of years of age,9493,475,https://wwwn.cdc.gov/Nchs/Data/Nhanes/Public/1999/DataFiles/DIQ.htm#DIQ040Q
1999-2000,DIQ,DIQ050,Taking insulin now,9493,6649,https://wwwn.cdc.gov/Nchs/Data/Nhanes/Public/1999/DataFiles/DIQ.htm#DIQ050
1999-2000,DIQ,DIQ060G,How long taking insulin,9493,138,https://wwwn.cdc.gov/Nchs/Data/Nhanes/Public/1999/DataFiles/DIQ.htm#DIQ060G
1999-2000,DIQ,DIQ060Q,Number of mos/yrs taking insulin,9493,135,https://wwwn.cdc.gov/Nchs/Data/Nhanes/Public/1999/DataFiles/DIQ.htm#DIQ060Q
1999-2000,DIQ,DIQ060U,Unit of measure (month/year),9493,134,https://wwwn.cdc.gov/Nchs/Data/Nhanes/Public/1999/DataFiles/DIQ.htm#DIQ060U
1999-2000,DIQ,DIQ070,Take diabetic pills to lower blood sugar,9493,489,https://wwwn.cdc.gov/Nchs/Data/Nhanes/Public/1999/DataFiles/DIQ.htm#DIQ070
1999-2000,DIQ,DIQ080,Diabetes affected eyes/had retinopathy,9493,480,https://wwwn.cdc.gov/Nchs/Data/Nhanes/Public/1999/DataFiles/DIQ.htm#DIQ080
1999-2000,DIQ,DIQ090,Ulcer/sore not healed within 4 weeks,9493,3184,https://wwwn.cdc.gov/Nchs/Data/Nhanes/Public/1999/DataFiles/DIQ.htm#DIQ090
1999-2000,DIQ,DIQ100,Numbness in hands/feet-past 3 mos,9493,3184,https://wwwn.cdc.gov/Nchs/Data/Nhanes/Public/1999/DataFiles/DIQ.htm#DIQ100
1999-2000,DIQ,DIQ110,"Numbness in hands, feet or both",9493,621,https://wwwn.cdc.gov/Nchs/Data/Nhanes/Public/1999/DataFiles/DIQ.htm#DIQ110
1999-2000,DIQ,DIQ120,Pain/tingling in hands/feet - past 3 mos,9493,3184,https://wwwn.cdc.gov/Nchs/Data/Nhanes/Public/1999/DataFiles/DIQ.htm#DIQ120
1999-2000,DIQ,DIQ130,"Pain/tingling in hands,feet or both",9493,607,https://wwwn.cdc.gov/Nchs/Data/Nhanes/Public/1999/DataFiles/DIQ.htm#DIQ130
1999-2000,DIQ,DIQ140,Pain in either leg while walking,9493,3184,https://wwwn.cdc.gov/Nchs/Data/Nhanes/Public/1999/DataFiles/DIQ.htm#DIQ140
1999-2000,DIQ,DIQ150,Pain in calf or calves,9493,894,https://wwwn.cdc.gov/Nchs/Data/Nhanes/Public/1999/DataFiles/DIQ.htm#DIQ150
1999-2000,DRXTOT,SEQN,Respondent sequence number,9282,9282,https://wwwn.cdc.gov/Nchs/Data/Nhanes/Public/1999/DataFiles/DRXTOT.htm#SEQN
1999-2000,DRXTOT,DRXTKCAL,Energy (kcal),9282,8725,https://wwwn.cdc.gov/Nchs/Data/Nhanes/Public/1999/DataFiles/DRXTOT.htm#DRXTKCAL
1999-2000,HSQ,SEQN,Respondent sequence number,8832,8832,https://wwwn.cdc.gov/Nchs/Data/Nhanes/Public/1999/DataFiles/HSQ.htm#SEQN
1999-2000,HUQ,SEQN,Respondent sequence number,9965,9965,https://wwwn.cdc.gov/Nchs/Data/Nhanes/Public/1999/DataFiles/HUQ.htm#SEQN
1999-2000,HUQ,HUQ010,General health condition,9965,9960,https://wwwn.cdc.gov/Nchs/Data/Nhanes/Public/1999/DataFiles/HUQ.htm#HUQ010
1999-2000,HUQ,HUQ020,Health now compared with 1 year ago,9965,9488,https://wwwn.cdc.gov/Nchs/Data/Nhanes/Public/1999/DataFiles/HUQ.htm#HUQ020
1999-2000,HUQ,HUQ030,Routine place to go for healthcare,9965,9960,https://wwwn.cdc.gov/Nchs/Data/Nhanes/Public/1999/DataFiles/HUQ.htm#HUQ030
1999-2000,HUQ,HUQ040,Type place most often go for healthcare,9965,8536,https://wwwn.cdc.gov/Nchs/Data/Nhanes/Public/1999/DataFiles/HUQ.htm#HUQ040
1999-2000,HUQ,HUQ050,#Times received healthcare over past yr,9965,9960,https://wwwn.cdc.gov/Nchs/Data/Nhanes/Public/1999/DataFiles/HUQ.htm#HUQ050
1999-2000,HUQ,HUQ060,How long since last healthcare visit,9965,1619,https://wwwn.cdc.gov/Nchs/Data/Nhanes/Public/1999/DataFiles/HUQ.htm#HUQ060
1999-2000,HUQ,HUQ070,Overnight hospital patient in last year,9965,9960,https://wwwn.cdc.gov/Nchs/Data/Nhanes/Public/1999/DataFiles/HUQ.htm#HUQ070
1999-2000,HUQ,HUD080,#Times overnite hospital patient/last yr,9965,987,https://wwwn.cdc.gov/Nchs/Data/Nhanes/Public/1999/DataFiles/HUQ.htm#HUD080
1999-2000,HUQ,HUQ090,Seen mental health professional /past yr,9965,8775,https://wwwn.cdc.gov/Nchs/Data/Nhanes/Public/1999/DataFiles/HUQ.htm#HUQ090
1999-2000,KIQ,SEQN,Respondent sequence number,4880,4880,https://wwwn.cdc.gov/Nchs/Data/Nhanes/Public/1999/DataFiles/KIQ.htm#SEQN
1999-2000,KIQ,KIQ020,Ever told you had weak/failing kidneys,4880,4877,https://wwwn.cdc.gov/Nchs/Data/Nhanes/Public/1999/DataFiles/KIQ.htm#KIQ020
1999-2000,KIQ,KIQ080,Difficulty starting to urinate,4880,898,https://wwwn.cdc.gov/Nchs/Data/Nhanes/Public/1999/DataFiles/KIQ.htm#KIQ080
1999-2000,KIQ,KIQ100,Bladder feel empty after urinating,4880,898,https://wwwn.cdc.gov/Nchs/Data/Nhanes/Public/1999/DataFiles/KIQ.htm#KIQ100
1999-2000,KIQ,KIQ120,Ever told you had enlarged prostate,4880,1914,https://wwwn.cdc.gov/Nchs/Data/Nhanes/Public/1999/DataFiles/KIQ.htm#KIQ120
1999-2000,KIQ,KIQ140,Told it was a benign enlargement,4880,322,https://wwwn.cdc.gov/Nchs/Data/Nhanes/Public/1999/DataFiles/KIQ.htm#KIQ140
1999-2000,KIQ,KIQ160,Age first told had benign enlargement,4880,179,https://wwwn.cdc.gov/Nchs/Data/Nhanes/Public/1999/DataFiles/KIQ.htm#KIQ160
1999-2000,KIQ,KIQ180,Enlargement due to cancer,4880,143,https://wwwn.cdc.gov/Nchs/Data/Nhanes/Public/1999/DataFiles/KIQ.htm#KIQ180
1999-2000,KIQ,KIQ200,Ever told you had prostate cancer,4880,1866,https://wwwn.cdc.gov/Nchs/Data/Nhanes/Public/1999/DataFiles/KIQ.htm#KIQ200
1999-2000,KIQ,KIQ220,Age when first told had prostate cancer,4880,85,https://wwwn.cdc.gov/Nchs/Data/Nhanes/Public/1999/DataFiles/KIQ.htm#KIQ220
1999-2000,KIQ,KIQ240,Ever had surgery on prostate gland,4880,343,https://wwwn.cdc.gov/Nchs/Data/Nhanes/Public/1999/DataFiles/KIQ.htm#KIQ240
1999-2000,KIQ,KIQ260,Surgery on prostate but not for cancer,4880,7,https://wwwn.cdc.gov/Nchs/Data/Nhanes/Public/1999/DataFiles/KIQ.htm#KIQ260
1999-2000,KIQ,KIQ280,Surgery for cancer of the prostate,4880,4,https://wwwn.cdc.gov/Nchs/Data/Nhanes/Public/1999/DataFiles/KIQ.htm#KIQ280
1999-2000,KIQ,KIQ300,Radiation treatments for prostate cancer,4880,85,https://wwwn.cdc.gov/Nchs/Data/Nhanes/Public/1999/DataFiles/KIQ.htm#KIQ300
1999-2000,KIQ,KIQ320,Blood test to check for prostate cancer,4880,1914,https://wwwn.cdc.gov/Nchs/Data/Nhanes/Public/1999/DataFiles/KIQ.htm#KIQ320
1999-2000,KIQ,KIQ040,Difficulty controlling bladder,4880,1832,https://wwwn.cdc.gov/Nchs/Data/Nhanes/Public/1999/DataFiles/KIQ.htm#KIQ040
1999-2000,KIQ,KIQ060,Frequency of bladder control problem,4880,504,https://wwwn.cdc.gov/Nchs/Data/Nhanes/Public/1999/DataFiles/KIQ.htm#KIQ060
1999-2000,KIQ,KIQ340,Ever had rectal examination?,4880,1794,https://wwwn.cdc.gov/Nchs/Data/Nhanes/Public/1999/DataFiles/KIQ.htm#KIQ340
1999-2000,KIQ,KIQ360,Rectal exam check for prostate cancer,4880,1151,https://wwwn.cdc.gov/Nchs/Data/Nhanes/Public/1999/DataFiles/KIQ.htm#KIQ360
1999-2000,KIQ,KIQ380,Rectal exam check for blood in stool,4880,1151,https://wwwn.cdc.gov/Nchs/Data/Nhanes/Public/1999/DataFiles/KIQ.htm#KIQ380
1999-2000,LAB18,SEQN,Respondent sequence number,6758,6758,https://wwwn.cdc.gov/Nchs/Data/Nhanes/Public/1999/DataFiles/LAB18.htm#SEQN
1999-2000,LAB18,LBXSAPSI,Alkaline phosphotase (U/L),6758,6230,https://wwwn.cdc.gov/Nchs/Data/Nhanes/Public/1999/DataFiles/LAB18.htm#LBXSAPSI
1999-2000,LAB18,LBXSBU,Blood urea nitrogen (mg/dL),6758,6230,https://wwwn.cdc.gov/Nchs/Data/Nhanes/Public/1999/DataFiles/LAB18.htm#LBXSBU
1999-2000,LAB18,LBDSBUSI,Blood urea nitrogen (mmol/L),6758,6230,https://wwwn.cdc.gov/Nchs/Data/Nhanes/Public/1999/DataFiles/LAB18.htm#LBDSBUSI
1999-2000,LAB18,LBXSCA,"Calcium, total (mg/dL)",6758,6230,https://wwwn.cdc.gov/Nchs/Data/Nhanes/Public/1999/DataFiles/LAB18.htm#LBXSCA
1999-2000,LAB18,LBDSCASI,"Calcium, total (mmol/L)",6758,6230,https://wwwn.cdc.gov/Nchs/Data/Nhanes/Public/1999/DataFiles/LAB18.htm#LBDSCASI
1999-2000,LAB18,LBXSC3SI,Bicarbonate (mmol/L),6758,6230,https://wwwn.cdc.gov/Nchs/Data/Nhanes/Public/1999/DataFiles/LAB18.htm#LBXSC3SI
1999-2000,LAB18,LBXSLDSI,LDH (U/L),6758,6230,https://wwwn.cdc.gov/Nchs/Data/Nhanes/Public/1999/DataFiles/LAB18.htm#LBXSLDSI
1999-2000,LAB18,LBXSUA,Uric acid (mg/dL),6758,6230,https://wwwn.cdc.gov/Nchs/Data/Nhanes/Public/1999/DataFiles/LAB18.htm#LBXSUA
1999-2000,LAB18,LBDSUASI,Uric acid (umol/L),6758,6230,https://wwwn.cdc.gov/Nchs/Data/Nhanes/Public/1999/DataFiles/LAB18.htm#LBDSUASI
1999-2000,LAB25,SEQN,Respondent sequence number,8832,8832,https://wwwn.cdc.gov/Nchs/Data/Nhanes/Public/1999/DataFiles/LAB25.htm#SEQN
1999-2000,LAB25,LBXWBCSI,White blood cell count (SI),8832,7981,https://wwwn.cdc.gov/Nchs/Data/Nhanes/Public/1999/DataFiles/LAB25.htm#LBXWBCSI
1999-2000,LAB25,LBXLYPCT,Lymphocyte percent (%),8832,7949,https://wwwn.cdc.gov/Nchs/Data/Nhanes/Public/1999/DataFiles/LAB25.htm#LBXLYPCT
1999-2000,LAB25,LBXMOPCT,Monocyte percent (%),8832,7949,https://wwwn.cdc.gov/Nchs/Data/Nhanes/Public/1999/DataFiles/LAB25.htm#LBXMOPCT
1999-2000,LAB25,LBXNEPCT,Segmented neutrophils percent (%),8832,7949,https://wwwn.cdc.gov/Nchs/Data/Nhanes/Public/1999/DataFiles/LAB25.htm#LBXNEPCT
1999-2000,LAB25,LBDLYMNO,Lymphocyte number,8832,7948,https://wwwn.cdc.gov/Nchs/Data/Nhanes/Public/1999/DataFiles/LAB25.htm#LBDLYMNO
1999-2000,LAB25,LBDMONO,Monocyte number,8832,7948,https://wwwn.cdc.gov/Nchs/Data/Nhanes/Public/1999/DataFiles/LAB25.htm#LBDMONO
1999-2000,LAB25,LBDNENO,Segmented neutrophils number,8832,7948,https://wwwn.cdc.gov/Nchs/Data/Nhanes/Public/1999/DataFiles/LAB25.htm#LBDNENO
1999-2000,LAB25,LBXRDW,Red cell distribution width (%),8832,7982,https://wwwn.cdc.gov/Nchs/Data/Nhanes/Public/1999/DataFiles/LAB25.htm#LBXRDW
1999-2000,LAB25,LBXPLTSI,Platelet count (%) SI,8832,7982,https://wwwn.cdc.gov/Nchs/Data/Nhanes/Public/1999/DataFiles/LAB25.htm#LBXPLTSI
1999-2000,MCQ,SEQN,Respondent sequence number,9493,9493,https://wwwn.cdc.gov/Nchs/Data/Nhanes/Public/1999/DataFiles/MCQ.htm#SEQN
1999-2000,MCQ,MCQ010,Ever been told you have asthma,9493,9493,https://wwwn.cdc.gov/Nchs/Data/Nhanes/Public/1999/DataFiles/MCQ.htm#MCQ010
1999-2000,MCQ,MCQ020,Age when first had asthma,9493,655,https://wwwn.cdc.gov/Nchs/Data/Nhanes/Public/1999/DataFiles/MCQ.htm#MCQ020
1999-2000,MCQ,MCQ030,Still have asthma,9493,655,https://wwwn.cdc.gov/Nchs/Data/Nhanes/Public/1999/DataFiles/MCQ.htm#MCQ030
1999-2000,MCQ,MCQ040,Had asthma attack in past year,9493,930,https://wwwn.cdc.gov/Nchs/Data/Nhanes/Public/1999/DataFiles/MCQ.htm#MCQ040
1999-2000,MCQ,MCQ050,Emergency care visit for asthma/past yr,9493,410,https://wwwn.cdc.gov/Nchs/Data/Nhanes/Public/1999/DataFiles/MCQ.htm#MCQ050
1999-2000,MCQ,MCQ053,Taking treatment for anemia/past 3 mos,9493,9493,https://wwwn.cdc.gov/Nchs/Data/Nhanes/Public/1999/DataFiles/MCQ.htm#MCQ053
1999-2000,MCQ,MCQ060,Told have attention deficit disorder?,9493,3898,https://wwwn.cdc.gov/Nchs/Data/Nhanes/Public/1999/DataFiles/MCQ.htm#MCQ060
1999-2000,MCQ,MCQ080,Doctor ever said you were overweight,9493,4349,https://wwwn.cdc.gov/Nchs/Data/Nhanes/Public/1999/DataFiles/MCQ.htm#MCQ080
1999-2000,MCQ,MCQ083,Ever told you have learning disability,9493,2732,https://wwwn.cdc.gov/Nchs/Data/Nhanes/Public/1999/DataFiles/MCQ.htm#MCQ083
1999-2000,MCQ,MCQ090,Ever had chickenpox,9493,3526,https://wwwn.cdc.gov/Nchs/Data/Nhanes/Public/1999/DataFiles/MCQ.htm#MCQ090
1999-2000,MCQ,MCQ092,Ever receive blood transfusion,9493,8407,https://wwwn.cdc.gov/Nchs/Data/Nhanes/Public/1999/DataFiles/MCQ.htm#MCQ092
1999-2000,MCQ,MCD093,Year receive blood transfusion,9493,694,https://wwwn.cdc.gov/Nchs/Data/Nhanes/Public/1999/DataFiles/MCQ.htm#MCD093
1999-2000,MCQ,MCQ100,Told have high blood pressure,9493,1989,https://wwwn.cdc.gov/Nchs/Data/Nhanes/Public/1999/DataFiles/MCQ.htm#MCQ100
1999-2000,MCQ,MCQ110,Taking medicine for high blood pressure,9493,6,https://wwwn.cdc.gov/Nchs/Data/Nhanes/Public/1999/DataFiles/MCQ.htm#MCQ110
1999-2000,MCQ,MCQ114,Ever tested for lead poisoning,9493,1084,https://wwwn.cdc.gov/Nchs/Data/Nhanes/Public/1999/DataFiles/MCQ.htm#MCQ114
1999-2000,MCQ,MCQ117Q,How long since lead poisoning test,9493,344,https://wwwn.cdc.gov/Nchs/Data/Nhanes/Public/1999/DataFiles/MCQ.htm#MCQ117Q
1999-2000,MCQ,MCQ117U,Months or years,9493,337,https://wwwn.cdc.gov/Nchs/Data/Nhanes/Public/1999/DataFiles/MCQ.htm#MCQ117U
1999-2000,MCQ,MCQ120A,Had hay fever in past year,9493,4612,https://wwwn.cdc.gov/Nchs/Data/Nhanes/Public/1999/DataFiles/MCQ.htm#MCQ120A
1999-2000,MCQ,MCQ120B,Had 3 or more ear infections/past year,9493,3446,https://wwwn.cdc.gov/Nchs/Data/Nhanes/Public/1999/DataFiles/MCQ.htm#MCQ120B
1999-2000,MCQ,MCQ120C,Had frequent/severe headaches/past yr,9493,3898,https://wwwn.cdc.gov/Nchs/Data/Nhanes/Public/1999/DataFiles/MCQ.htm#MCQ120C
1999-2000,MCQ,MCQ120D,Stuttering/Stammering in past year,9493,2732,https://wwwn.cdc.gov/Nchs/Data/Nhanes/Public/1999/DataFiles/MCQ.htm#MCQ120D
1999-2000,MCQ,MCQ140,Trouble seeing even with glass/contacts,9493,9230,https://wwwn.cdc.gov/Nchs/Data/Nhanes/Public/1999/DataFiles/MCQ.htm#MCQ140
1999-2000,MCQ,MCQ147,Menstrual periods started yet?,9493,371,https://wwwn.cdc.gov/Nchs/Data/Nhanes/Public/1999/DataFiles/MCQ.htm#MCQ147
1999-2000,MCQ,MCQ148,Age when menstrual periods started,9493,32,https://wwwn.cdc.gov/Nchs/Data/Nhanes/Public/1999/DataFiles/MCQ.htm#MCQ148
1999-2000,MCQ,MCQ150G,School days missed from injury/illness,9493,3526,https://wwwn.cdc.gov/Nchs/Data/Nhanes/Public/1999/DataFiles/MCQ.htm#MCQ150G
1999-2000,MCQ,MCQ150Q,# school days missed from injury/illness,9493,3244,https://wwwn.cdc.gov/Nchs/Data/Nhanes/Public/1999/DataFiles/MCQ.htm#MCQ150Q
1999-2000,MCQ,MCQ160A,Doctor ever said you had arthritis,9493,4880,https://wwwn.cdc.gov/Nchs/Data/Nhanes/Public/1999/DataFiles/MCQ.htm#MCQ160A
1999-2000,MCQ,MCQ160B,Ever told had congestive heart failure,9493,4880,https://wwwn.cdc.gov/Nchs/Data/Nhanes/Public/1999/DataFiles/MCQ.htm#MCQ160B
1999-2000,MCQ,MCQ160C,Ever told you had coronary heart disease,9493,4880,https://wwwn.cdc.gov/Nchs/Data/Nhanes/Public/1999/DataFiles/MCQ.htm#MCQ160C
1999-2000,MCQ,MCQ160D,Ever told you had angina/angina pectoris,9493,4880,https://wwwn.cdc.gov/Nchs/Data/Nhanes/Public/1999/DataFiles/MCQ.htm#MCQ160D
1999-2000,MCQ,MCQ160E,Ever told you had heart attack,9493,4880,https://wwwn.cdc.gov/Nchs/Data/Nhanes/Public/1999/DataFiles/MCQ.htm#MCQ160E
1999-2000,MCQ,MCQ160F,Ever told you had a stroke,9493,4880,https://wwwn.cdc.gov/Nchs/Data/Nhanes/Public/1999/DataFiles/MCQ.htm#MCQ160F
1999-2000,MCQ,MCQ160G,Ever told you had emphysema,9493,4880,https://wwwn.cdc.gov/Nchs/Data/Nhanes/Public/1999/DataFiles/MCQ.htm#MCQ160G
1999-2000,MCQ,MCQ160H,Ever told you had a goiter,9493,4880,https://wwwn.cdc.gov/Nchs/Data/Nhanes/Public/1999/DataFiles/MCQ.htm#MCQ160H
1999-2000,MCQ,MCQ160I,Ever told you had thyroid disease,9493,4880,https://wwwn.cdc.gov/Nchs/Data/Nhanes/Public/1999/DataFiles/MCQ.htm#MCQ160I
1999-2000,MCQ,MCQ160J,Doctor said you were overweight,9493,4880,https://wwwn.cdc.gov/Nchs/Data/Nhanes/Public/1999/DataFiles/MCQ.htm#MCQ160J
1999-2000,MCQ,MCQ160K,Ever told you had chronic bronchitis,9493,4880,https://wwwn.cdc.gov/Nchs/Data/Nhanes/Public/1999/DataFiles/MCQ.htm#MCQ160K
1999-2000,MCQ,MCQ160L,Ever told you had any liver condition,9493,4880,https://wwwn.cdc.gov/Nchs/Data/Nhanes/Public/1999/DataFiles/MCQ.htm#MCQ160L
1999-2000,MCQ,MCQ170H,Do you still have a goiter,9493,61,https://wwwn.cdc.gov/Nchs/Data/Nhanes/Public/1999/DataFiles/MCQ.htm#MCQ170H
1999-2000,MCQ,MCQ170I,Do you still have thyroid disease,9493,291,https://wwwn.cdc.gov/Nchs/Data/Nhanes/Public/1999/DataFiles/MCQ.htm#MCQ170I
1999-2000,MCQ,MCQ170K,Do you still have chronic bronchitis,9493,299,https://wwwn.cdc.gov/Nchs/Data/Nhanes/Public/1999/DataFiles/MCQ.htm#MCQ170K
1999-2000,MCQ,MCQ170L,Do you still have a liver condition,9493,153,https://wwwn.cdc.gov/Nchs/Data/Nhanes/Public/1999/DataFiles/MCQ.htm#MCQ170L
1999-2000,MCQ,MCQ180A,Age when told you had arthritis,9493,1236,https://wwwn.cdc.gov/Nchs/Data/Nhanes/Public/1999/DataFiles/MCQ.htm#MCQ180A
1999-2000,MCQ,MCQ180B,Age when told you had heart failure,9493,167,https://wwwn.cdc.gov/Nchs/Data/Nhanes/Public/1999/DataFiles/MCQ.htm#MCQ180B
1999-2000,MCQ,MCQ180C,Age when told had coronary heart disease,9493,203,https://wwwn.cdc.gov/Nchs/Data/Nhanes/Public/1999/DataFiles/MCQ.htm#MCQ180C
1999-2000,MCQ,MCQ180D,Age when told you had angina pectoris,9493,180,https://wwwn.cdc.gov/Nchs/Data/Nhanes/Public/1999/DataFiles/MCQ.htm#MCQ180D
1999-2000,MCQ,MCQ180E,Age when told you had heart attack,9493,221,https://wwwn.cdc.gov/Nchs/Data/Nhanes/Public/1999/DataFiles/MCQ.htm#MCQ180E
1999-2000,MCQ,MCQ180F,Age when told you had a stroke,9493,190,https://wwwn.cdc.gov/Nchs/Data/Nhanes/Public/1999/DataFiles/MCQ.htm#MCQ180F
1999-2000,MCQ,MCQ180G,Age when told you had emphysema,9493,95,https://wwwn.cdc.gov/Nchs/Data/Nhanes/Public/1999/DataFiles/MCQ.htm#MCQ180G
1999-2000,MCQ,MCQ180H,Age when told you had a goiter,9493,61,https://wwwn.cdc.gov/Nchs/Data/Nhanes/Public/1999/DataFiles/MCQ.htm#MCQ180H
1999-2000,MCQ,MCQ180I,Age when told you had thyroid disease,9493,291,https://wwwn.cdc.gov/Nchs/Data/Nhanes/Public/1999/DataFiles/MCQ.htm#MCQ180I
1999-2000,MCQ,MCQ180K,Age when told you had chronic bronchitis,9493,299,https://wwwn.cdc.gov/Nchs/Data/Nhanes/Public/1999/DataFiles/MCQ.htm#MCQ180K
1999-2000,MCQ,MCQ180L,Age when told you had a liver condition,9493,153,https://wwwn.cdc.gov/Nchs/Data/Nhanes/Public/1999/DataFiles/MCQ.htm#MCQ180L
1999-2000,MCQ,MCQ190,Which type of arthritis,9493,1239,https://wwwn.cdc.gov/Nchs/Data/Nhanes/Public/1999/DataFiles/MCQ.htm#MCQ190
1999-2000,MCQ,MCQ200,Ever told had stomach/duod/peptic ulcer,9493,4880,https://wwwn.cdc.gov/Nchs/Data/Nhanes/Public/1999/DataFiles/MCQ.htm#MCQ200
1999-2000,MCQ,MCQ210,Had ulcer in past year,9493,526,https://wwwn.cdc.gov/Nchs/Data/Nhanes/Public/1999/DataFiles/MCQ.htm#MCQ210
1999-2000,MCQ,MCQ220,Ever told you had cancer or malignancy,9493,4880,https://wwwn.cdc.gov/Nchs/Data/Nhanes/Public/1999/DataFiles/MCQ.htm#MCQ220
1999-2000,MCQ,MCQ230A,What kind of cancer,9493,386,https://wwwn.cdc.gov/Nchs/Data/Nhanes/Public/1999/DataFiles/MCQ.htm#MCQ230A
1999-2000,MCQ,MCQ230B,What kind of cancer,9493,47,https://wwwn.cdc.gov/Nchs/Data/Nhanes/Public/1999/DataFiles/MCQ.htm#MCQ230B
1999-2000,MCQ,MCQ230C,What kind of cancer,9493,4,https://wwwn.cdc.gov/Nchs/Data/Nhanes/Public/1999/DataFiles/MCQ.htm#MCQ230C
1999-2000,MCQ,MCQ230D,What kind of cancer,9493,1,https://wwwn.cdc.gov/Nchs/Data/Nhanes/Public/1999/DataFiles/MCQ.htm#MCQ230D
1999-2000,MCQ,MCQ240A,Age when bladder cancer first diagnosed,9493,11,https://wwwn.cdc.gov/Nchs/Data/Nhanes/Public/1999/DataFiles/MCQ.htm#MCQ240A
1999-2000,MCQ,MCQ240B,Age when blood cancer first diagnosed,9493,1,https://wwwn.cdc.gov/Nchs/Data/Nhanes/Public/1999/DataFiles/MCQ.htm#MCQ240B
1999-2000,MCQ,MCQ240C,Age when bone cancer first diagnosed,9493,7,https://wwwn.cdc.gov/Nchs/Data/Nhanes/Public/1999/DataFiles/MCQ.htm#MCQ240C
1999-2000,MCQ,MCQ240D,Age when brain cancer first diagnosed,9493,0,https://wwwn.cdc.gov/Nchs/Data/Nhanes/Public/1999/DataFiles/MCQ.htm#MCQ240D
1999-2000,MCQ,MCQ240E,Age when breast cancer first diagnosed,9493,64,https://wwwn.cdc.gov/Nchs/Data/Nhanes/Public/1999/DataFiles/MCQ.htm#MCQ240E
1999-2000,MCQ,MCQ240F,Age when cervical cancer first diagnosed,9493,22,https://wwwn.cdc.gov/Nchs/Data/Nhanes/Public/1999/DataFiles/MCQ.htm#MCQ240F
1999-2000,MCQ,MCQ240G,Age when colon cancer first diagnosed,9493,32,https://wwwn.cdc.gov/Nchs/Data/Nhanes/Public/1999/DataFiles/MCQ.htm#MCQ240G
1999-2000,MCQ,MCQ240H,Age esophageal cancer first diagnosed,9493,2,https://wwwn.cdc.gov/Nchs/Data/Nhanes/Public/1999/DataFiles/MCQ.htm#MCQ240H
1999-2000,MCQ,MCQ240I,Age gallbladder cancer first diagnosed,9493,0,https://wwwn.cdc.gov/Nchs/Data/Nhanes/Public/1999/DataFiles/MCQ.htm#MCQ240I
1999-2000,MCQ,MCQ240J,Age when kidney cancer first diagnosed,9493,6,https://wwwn.cdc.gov/Nchs/Data/Nhanes/Public/1999/DataFiles/MCQ.htm#MCQ240J
1999-2000,MCQ,MCQ240K,Age larynx/windpipe cancer diagnosed,9493,4,https://wwwn.cdc.gov/Nchs/Data/Nhanes/Public/1999/DataFiles/MCQ.htm#MCQ240K
1999-2000,MCQ,MCQ240L,Age when leukemia first diagnosed,9493,5,https://wwwn.cdc.gov/Nchs/Data/Nhanes/Public/1999/DataFiles/MCQ.htm#MCQ240L
1999-2000,MCQ,MCQ240M,Age when liver cancer first diagnosed,9493,6,https://wwwn.cdc.gov/Nchs/Data/Nhanes/Public/1999/DataFiles/MCQ.htm#MCQ240M
1999-2000,MCQ,MCQ240N,Age when lung cancer first diagnosed,9493,13,https://wwwn.cdc.gov/Nchs/Data/Nhanes/Public/1999/DataFiles/MCQ.htm#MCQ240N
1999-2000,MCQ,MCQ240O,Age lymphoma/Hodgkin's diagnosed,9493,6,https://wwwn.cdc.gov/Nchs/Data/Nhanes/Public/1999/DataFiles/MCQ.htm#MCQ240O
1999-2000,MCQ,MCQ240P,Age when melanoma first diagnosed,9493,27,https://wwwn.cdc.gov/Nchs/Data/Nhanes/Public/1999/DataFiles/MCQ.htm#MCQ240P
1999-2000,MCQ,MCQ240Q,Age mouth\tongue\lip cancer diagnosed,9493,6,https://wwwn.cdc.gov/Nchs/Data/Nhanes/Public/1999/DataFiles/MCQ.htm#MCQ240Q
1999-2000,MCQ,MCQ240R,Age nervous system cancer diagnosed,9493,0,https://wwwn.cdc.gov/Nchs/Data/Nhanes/Public/1999/DataFiles/MCQ.htm#MCQ240R
1999-2000,MCQ,MCQ240S,Age when ovarian cancer first diagnosed,9493,19,https://wwwn.cdc.gov/Nchs/Data/Nhanes/Public/1999/DataFiles/MCQ.htm#MCQ240S
1999-2000,MCQ,MCQ240T,Age pancreatic cancer first diagnosed,9493,0,https://wwwn.cdc.gov/Nchs/Data/Nhanes/Public/1999/DataFiles/MCQ.htm#MCQ240T
1999-2000,MCQ,MCQ240U,Age prostate cancer first diagnosed,9493,76,https://wwwn.cdc.gov/Nchs/Data/Nhanes/Public/1999/DataFiles/MCQ.htm#MCQ240U
1999-2000,MCQ,MCQ240V,Age when rectal cancer first diagnosed,9493,6,https://wwwn.cdc.gov/Nchs/Data/Nhanes/Public/1999/DataFiles/MCQ.htm#MCQ240V
1999-2000,MCQ,MCQ240W,Age non-melanoma skin cancer diagnosed,9493,39,https://wwwn.cdc.gov/Nchs/Data/Nhanes/Public/1999/DataFiles/MCQ.htm#MCQ240W
1999-2000,MCQ,MCQ240X,Age unknown skin cancer first diagnosed,9493,26,https://wwwn.cdc.gov/Nchs/Data/Nhanes/Public/1999/DataFiles/MCQ.htm#MCQ240X
1999-2000,MCQ,MCQ240Y,Age soft tissue cancer first diagnosed,9493,2,https://wwwn.cdc.gov/Nchs/Data/Nhanes/Public/1999/DataFiles/MCQ.htm#MCQ240Y
1999-2000,MCQ,MCQ240Z,Age stomach cancer first diagnosed,9493,6,https://wwwn.cdc.gov/Nchs/Data/Nhanes/Public/1999/DataFiles/MCQ.htm#MCQ240Z
1999-2000,MCQ,MCQ240AA,Age testicular cancer first diagnosed,9493,3,https://wwwn.cdc.gov/Nchs/Data/Nhanes/Public/1999/DataFiles/MCQ.htm#MCQ240AA
1999-2000,MCQ,MCQ240BB,Age when thyroid cancer first diagnosed,9493,5,https://wwwn.cdc.gov/Nchs/Data/Nhanes/Public/1999/DataFiles/MCQ.htm#MCQ240BB
1999-2000,MCQ,MCQ240CC,Age when uterine cancer first diagnosed,9493,24,https://wwwn.cdc.gov/Nchs/Data/Nhanes/Public/1999/DataFiles/MCQ.htm#MCQ240CC
1999-2000,MCQ,MCQ240DD,Age other type of cancer first diagnosed,9493,16,https://wwwn.cdc.gov/Nchs/Data/Nhanes/Public/1999/DataFiles/MCQ.htm#MCQ240DD
1999-2000,MCQ,MCQ245A,Work days missed for illness/maternity,9493,6043,https://wwwn.cdc.gov/Nchs/Data/Nhanes/Public/1999/DataFiles/MCQ.htm#MCQ245A
1999-2000,MCQ,MCQ245B,# of workdays missed,9493,3470,https://wwwn.cdc.gov/Nchs/Data/Nhanes/Public/1999/DataFiles/MCQ.htm#MCQ245B
1999-2000,MCQ,MCQ250A,Blood relatives have diabetes,9493,4880,https://wwwn.cdc.gov/Nchs/Data/Nhanes/Public/1999/DataFiles/MCQ.htm#MCQ250A
1999-2000,MCQ,MCQ250B,Blood relatives have Alzheimer's,9493,4880,https://wwwn.cdc.gov/Nchs/Data/Nhanes/Public/1999/DataFiles/MCQ.htm#MCQ250B
1999-2000,MCQ,MCQ250C,Blood relatives have asthma,9493,4880,https://wwwn.cdc.gov/Nchs/Data/Nhanes/Public/1999/DataFiles/MCQ.htm#MCQ250C
1999-2000,MCQ,MCQ250D,Blood relatives have arthritis,9493,4880,https://wwwn.cdc.gov/Nchs/Data/Nhanes/Public/1999/DataFiles/MCQ.htm#MCQ250D
1999-2000,MCQ,MCQ250E,Blood relatives have osteoporosis,9493,4880,https://wwwn.cdc.gov/Nchs/Data/Nhanes/Public/1999/DataFiles/MCQ.htm#MCQ250E
1999-2000,MCQ,MCQ250F,Blood relatives w/hypertension/stroke,9493,4880,https://wwwn.cdc.gov/Nchs/Data/Nhanes/Public/1999/DataFiles/MCQ.htm#MCQ250F
1999-2000,MCQ,MCQ250G,Blood relatives have angina,9493,4880,https://wwwn.cdc.gov/Nchs/Data/Nhanes/Public/1999/DataFiles/MCQ.htm#MCQ250G
1999-2000,MCQ,MCQ260AA,Blood relative-diabetes-mother,9493,788,https://wwwn.cdc.gov/Nchs/Data/Nhanes/Public/1999/DataFiles/MCQ.htm#MCQ260AA
1999-2000,MCQ,MCQ260AB,Blood relative-diabetes-father,9493,457,https://wwwn.cdc.gov/Nchs/Data/Nhanes/Public/1999/DataFiles/MCQ.htm#MCQ260AB
1999-2000,MCQ,MCQ260AC,Blood relative-diabetes-mother's mother,9493,420,https://wwwn.cdc.gov/Nchs/Data/Nhanes/Public/1999/DataFiles/MCQ.htm#MCQ260AC
1999-2000,MCQ,MCQ260AD,Blood relative-diabetes-mother's father,9493,186,https://wwwn.cdc.gov/Nchs/Data/Nhanes/Public/1999/DataFiles/MCQ.htm#MCQ260AD
1999-2000,MCQ,MCQ260AE,Blood relative-diabetes-father's mother,9493,234,https://wwwn.cdc.gov/Nchs/Data/Nhanes/Public/1999/DataFiles/MCQ.htm#MCQ260AE
1999-2000,MCQ,MCQ260AF,Blood relative-diabetes-father's father,9493,124,https://wwwn.cdc.gov/Nchs/Data/Nhanes/Public/1999/DataFiles/MCQ.htm#MCQ260AF
1999-2000,MCQ,MCQ260AG,Blood relative-diabetes-brother,9493,372,https://wwwn.cdc.gov/Nchs/Data/Nhanes/Public/1999/DataFiles/MCQ.htm#MCQ260AG
1999-2000,MCQ,MCQ260AH,Blood relative-diabetes-sister,9493,393,https://wwwn.cdc.gov/Nchs/Data/Nhanes/Public/1999/DataFiles/MCQ.htm#MCQ260AH
1999-2000,MCQ,MCQ260AI,Blood relative-diabetes-other,9493,495,https://wwwn.cdc.gov/Nchs/Data/Nhanes/Public/1999/DataFiles/MCQ.htm#MCQ260AI
1999-2000,MCQ,MCQ260BA,Blood relative-Alzheimer's-mother,9493,108,https://wwwn.cdc.gov/Nchs/Data/Nhanes/Public/1999/DataFiles/MCQ.htm#MCQ260BA
1999-2000,MCQ,MCQ260BB,Blood relative-Alzheimer's-father,9493,53,https://wwwn.cdc.gov/Nchs/Data/Nhanes/Public/1999/DataFiles/MCQ.htm#MCQ260BB
1999-2000,MCQ,MCQ260BC,Blood relative-Alzheimer's-mom's mother,9493,75,https://wwwn.cdc.gov/Nchs/Data/Nhanes/Public/1999/DataFiles/MCQ.htm#MCQ260BC
1999-2000,MCQ,MCQ260BD,Blood relative-Alzheimer's-mom's father,9493,46,https://wwwn.cdc.gov/Nchs/Data/Nhanes/Public/1999/DataFiles/MCQ.htm#MCQ260BD
1999-2000,MCQ,MCQ260BE,Blood relative-Alzheimer's-dad's mother,9493,47,https://wwwn.cdc.gov/Nchs/Data/Nhanes/Public/1999/DataFiles/MCQ.htm#MCQ260BE
1999-2000,MCQ,MCQ260BF,Blood relative-Alzheimer's-dad's father,9493,28,https://wwwn.cdc.gov/Nchs/Data/Nhanes/Public/1999/DataFiles/MCQ.htm#MCQ260BF
1999-2000,MCQ,MCQ260BG,Blood relative-Alzheimer's-brother,9493,18,https://wwwn.cdc.gov/Nchs/Data/Nhanes/Public/1999/DataFiles/MCQ.htm#MCQ260BG
1999-2000,MCQ,MCQ260BH,Blood relative-Alzheimer's-sister,9493,27,https://wwwn.cdc.gov/Nchs/Data/Nhanes/Public/1999/DataFiles/MCQ.htm#MCQ260BH
1999-2000,MCQ,MCQ260BI,Blood relative-Alzheimer's-other,9493,115,https://wwwn.cdc.gov/Nchs/Data/Nhanes/Public/1999/DataFiles/MCQ.htm#MCQ260BI
1999-2000,MCQ,MCQ260CA,Blood relative-asthma-mother,9493,227,https://wwwn.cdc.gov/Nchs/Data/Nhanes/Public/1999/DataFiles/MCQ.htm#MCQ260CA
1999-2000,MCQ,MCQ260CB,Blood relative-asthma-father,9493,154,https://wwwn.cdc.gov/Nchs/Data/Nhanes/Public/1999/DataFiles/MCQ.htm#MCQ260CB
1999-2000,MCQ,MCQ260CC,Blood relative-asthma-mother's mother,9493,67,https://wwwn.cdc.gov/Nchs/Data/Nhanes/Public/1999/DataFiles/MCQ.htm#MCQ260CC
1999-2000,MCQ,MCQ260CD,Blood relative-asthma-mother's father,9493,35,https://wwwn.cdc.gov/Nchs/Data/Nhanes/Public/1999/DataFiles/MCQ.htm#MCQ260CD
1999-2000,MCQ,MCQ260CE,Blood relative-asthma-father's mother,9493,25,https://wwwn.cdc.gov/Nchs/Data/Nhanes/Public/1999/DataFiles/MCQ.htm#MCQ260CE
1999-2000,MCQ,MCQ260CF,Blood relative-asthma-father's father,9493,27,https://wwwn.cdc.gov/Nchs/Data/Nhanes/Public/1999/DataFiles/MCQ.htm#MCQ260CF
1999-2000,MCQ,MCQ260CG,Blood relative-asthma-brother,9493,192,https://wwwn.cdc.gov/Nchs/Data/Nhanes/Public/1999/DataFiles/MCQ.htm#MCQ260CG
1999-2000,MCQ,MCQ260CH,Blood relative-asthma-sister,9493,204,https://wwwn.cdc.gov/Nchs/Data/Nhanes/Public/1999/DataFiles/MCQ.htm#MCQ260CH
1999-2000,MCQ,MCQ260CI,Blood relative-asthma-other,9493,321,https://wwwn.cdc.gov/Nchs/Data/Nhanes/Public/1999/DataFiles/MCQ.htm#MCQ260CI
1999-2000,MCQ,MCQ260DA,Blood relative-arthritis-mother,9493,1058,https://wwwn.cdc.gov/Nchs/Data/Nhanes/Public/1999/DataFiles/MCQ.htm#MCQ260DA
1999-2000,MCQ,MCQ260DB,Blood relative-arthritis-father,9493,456,https://wwwn.cdc.gov/Nchs/Data/Nhanes/Public/1999/DataFiles/MCQ.htm#MCQ260DB
1999-2000,MCQ,MCQ260DC,Blood relative-arthritis-mother's mother,9493,426,https://wwwn.cdc.gov/Nchs/Data/Nhanes/Public/1999/DataFiles/MCQ.htm#MCQ260DC
1999-2000,MCQ,MCQ260DD,Blood relative-arthritis-mother's father,9493,129,https://wwwn.cdc.gov/Nchs/Data/Nhanes/Public/1999/DataFiles/MCQ.htm#MCQ260DD
1999-2000,MCQ,MCQ260DE,Blood relative-arthritis-father's mother,9493,200,https://wwwn.cdc.gov/Nchs/Data/Nhanes/Public/1999/DataFiles/MCQ.htm#MCQ260DE
1999-2000,MCQ,MCQ260DF,Blood relative-arthritis-father's father,9493,79,https://wwwn.cdc.gov/Nchs/Data/Nhanes/Public/1999/DataFiles/MCQ.htm#MCQ260DF
1999-2000,MCQ,MCQ260DG,Blood relative-arthritis-brother,9493,163,https://wwwn.cdc.gov/Nchs/Data/Nhanes/Public/1999/DataFiles/MCQ.htm#MCQ260DG
1999-2000,MCQ,MCQ260DH,Blood relative-arthritis-sister,9493,305,https://wwwn.cdc.gov/Nchs/Data/Nhanes/Public/1999/DataFiles/MCQ.htm#MCQ260DH
1999-2000,MCQ,MCQ260DI,Blood relative-arthritis-other,9493,215,https://wwwn.cdc.gov/Nchs/Data/Nhanes/Public/1999/DataFiles/MCQ.htm#MCQ260DI
1999-2000,MCQ,MCQ260EA,Blood relative-osteoporosis-mother,9493,233,https://wwwn.cdc.gov/Nchs/Data/Nhanes/Public/1999/DataFiles/MCQ.htm#MCQ260EA
1999-2000,MCQ,MCQ260EB,Blood relative-osteoporosis-father,9493,17,https://wwwn.cdc.gov/Nchs/Data/Nhanes/Public/1999/DataFiles/MCQ.htm#MCQ260EB
1999-2000,MCQ,MCQ260EC,Blood relative-osteoporosis-mom's mother,9493,94,https://wwwn.cdc.gov/Nchs/Data/Nhanes/Public/1999/DataFiles/MCQ.htm#MCQ260EC
1999-2000,MCQ,MCQ260ED,Blood relative-osteoporosis-mom's father,9493,7,https://wwwn.cdc.gov/Nchs/Data/Nhanes/Public/1999/DataFiles/MCQ.htm#MCQ260ED
1999-2000,MCQ,MCQ260EE,Blood relative-osteoporosis-dad's mother,9493,50,https://wwwn.cdc.gov/Nchs/Data/Nhanes/Public/1999/DataFiles/MCQ.htm#MCQ260EE
1999-2000,MCQ,MCQ260EF,Blood relative-osteoporosis-dad's father,9493,4,https://wwwn.cdc.gov/Nchs/Data/Nhanes/Public/1999/DataFiles/MCQ.htm#MCQ260EF
1999-2000,MCQ,MCQ260EG,Blood relative-osteoporosis-brother,9493,11,https://wwwn.cdc.gov/Nchs/Data/Nhanes/Public/1999/DataFiles/MCQ.htm#MCQ260EG
1999-2000,MCQ,MCQ260EH,Blood relative-osteoporosis-sister,9493,65,https://wwwn.cdc.gov/Nchs/Data/Nhanes/Public/1999/DataFiles/MCQ.htm#MCQ260EH
1999-2000,MCQ,MCQ260EI,Blood relative-osteoporosis-other,9493,52,https://wwwn.cdc.gov/Nchs/Data/Nhanes/Public/1999/DataFiles/MCQ.htm#MCQ260EI
1999-2000,MCQ,MCQ260FA,Blood relative-hypertension-mother,9493,571,https://wwwn.cdc.gov/Nchs/Data/Nhanes/Public/1999/DataFiles/MCQ.htm#MCQ260FA
1999-2000,MCQ,MCQ260FB,Blood relative-hypertension-father,9493,394,https://wwwn.cdc.gov/Nchs/Data/Nhanes/Public/1999/DataFiles/MCQ.htm#MCQ260FB
1999-2000,MCQ,MCQ260FC,Blood relative-hypertension-mom's mother,9493,134,https://wwwn.cdc.gov/Nchs/Data/Nhanes/Public/1999/DataFiles/MCQ.htm#MCQ260FC
1999-2000,MCQ,MCQ260FD,Blood relative-hypertension-mom's father,9493,56,https://wwwn.cdc.gov/Nchs/Data/Nhanes/Public/1999/DataFiles/MCQ.htm#MCQ260FD
1999-2000,MCQ,MCQ260FE,Blood relative-hypertension-dad's mother,9493,62,https://wwwn.cdc.gov/Nchs/Data/Nhanes/Public/1999/DataFiles/MCQ.htm#MCQ260FE
1999-2000,MCQ,MCQ260FF,Blood relative-hypertension-dad's father,9493,38,https://wwwn.cdc.gov/Nchs/Data/Nhanes/Public/1999/DataFiles/MCQ.htm#MCQ260FF
1999-2000,MCQ,MCQ260FG,Blood relative-hypertension-brother,9493,154,https://wwwn.cdc.gov/Nchs/Data/Nhanes/Public/1999/DataFiles/MCQ.htm#MCQ260FG
1999-2000,MCQ,MCQ260FH,Blood relative-hypertension-sister,9493,163,https://wwwn.cdc.gov/Nchs/Data/Nhanes/Public/1999/DataFiles/MCQ.htm#MCQ260FH
1999-2000,MCQ,MCQ260FI,Blood relative-hypertension-other,9493,124,https://wwwn.cdc.gov/Nchs/Data/Nhanes/Public/1999/DataFiles/MCQ.htm#MCQ260FI
1999-2000,MCQ,MCQ260GA,Blood relative-heart attack-mother,9493,103,https://wwwn.cdc.gov/Nchs/Data/Nhanes/Public/1999/DataFiles/MCQ.htm#MCQ260GA
1999-2000,MCQ,MCQ260GB,Blood relative-heart attack-father,9493,179,https://wwwn.cdc.gov/Nchs/Data/Nhanes/Public/1999/DataFiles/MCQ.htm#MCQ260GB
1999-2000,MCQ,MCQ260GC,Blood relative-heart attack-mom's mother,9493,37,https://wwwn.cdc.gov/Nchs/Data/Nhanes/Public/1999/DataFiles/MCQ.htm#MCQ260GC
1999-2000,MCQ,MCQ260GD,Blood relative-heart attack-mom's father,9493,40,https://wwwn.cdc.gov/Nchs/Data/Nhanes/Public/1999/DataFiles/MCQ.htm#MCQ260GD
1999-2000,MCQ,MCQ260GE,Blood relative-heart attack-dad's mother,9493,11,https://wwwn.cdc.gov/Nchs/Data/Nhanes/Public/1999/DataFiles/MCQ.htm#MCQ260GE
1999-2000,MCQ,MCQ260GF,Blood relative-heart attack-dad's father,9493,36,https://wwwn.cdc.gov/Nchs/Data/Nhanes/Public/1999/DataFiles/MCQ.htm#MCQ260GF
1999-2000,MCQ,MCQ260GG,Blood relative-heart attack-brother,9493,104,https://wwwn.cdc.gov/Nchs/Data/Nhanes/Public/1999/DataFiles/MCQ.htm#MCQ260GG
1999-2000,MCQ,MCQ260GH,Blood relative-heart attack-sister,9493,32,https://wwwn.cdc.gov/Nchs/Data/Nhanes/Public/1999/DataFiles/MCQ.htm#MCQ260GH
1999-2000,MCQ,MCQ260GI,Blood relative-heart attack-other,9493,87,https://wwwn.cdc.gov/Nchs/Data/Nhanes/Public/1999/DataFiles/MCQ.htm#MCQ260GI
1999-2000,MCQ,MCQ270,Your mother ever fracture hip,9493,4878,https://wwwn.cdc.gov/Nchs/Data/Nhanes/Public/1999/DataFiles/MCQ.htm#MCQ270
1999-2000,MCQ,MCQ280,Mother's age when fractured hip,9493,248,https://wwwn.cdc.gov/Nchs/Data/Nhanes/Public/1999/DataFiles/MCQ.htm#MCQ280
1999-2000,MCQ,MCQ290,Mother under/over 50 when fracture hip,9493,9,https://wwwn.cdc.gov/Nchs/Data/Nhanes/Public/1999/DataFiles/MCQ.htm#MCQ290
1999-2000,PAQ,SEQN,Respondent sequence number,9188,9188,https://wwwn.cdc.gov/Nchs/Data/Nhanes/Public/1999/DataFiles/PAQ.htm#SEQN
1999-2000,PAQ,PAD020,Walked or bicycled over past 30 days,9188,7198,https://wwwn.cdc.gov/Nchs/Data/Nhanes/Public/1999/DataFiles/PAQ.htm#PAD020
1999-2000,PAQ,PAQ050Q,# times walked or bicycled,9188,2188,https://wwwn.cdc.gov/Nchs/Data/Nhanes/Public/1999/DataFiles/PAQ.htm#PAQ050Q
1999-2000,PAQ,PAQ050U,Unit of measure (day/week/month),9188,2187,https://wwwn.cdc.gov/Nchs/Data/Nhanes/Public/1999/DataFiles/PAQ.htm#PAQ050U
1999-2000,PAQ,PAD080,How long per day (minutes),9188,2183,https://wwwn.cdc.gov/Nchs/Data/Nhanes/Public/1999/DataFiles/PAQ.htm#PAD080
1999-2000,PAQ,PAQ100,Tasks around home/yard past 30 days,9188,6042,https://wwwn.cdc.gov/Nchs/Data/Nhanes/Public/1999/DataFiles/PAQ.htm#PAQ100
1999-2000,PAQ,PAD120,# of times past 30 days,9188,2943,https://wwwn.cdc.gov/Nchs/Data/Nhanes/Public/1999/DataFiles/PAQ.htm#PAD120
1999-2000,PAQ,PAD160,How long each time (minutes),9188,2934,https://wwwn.cdc.gov/Nchs/Data/Nhanes/Public/1999/DataFiles/PAQ.htm#PAD160
1999-2000,PAQ,PAQ180,Avg level of physical activity each day,9188,6042,https://wwwn.cdc.gov/Nchs/Data/Nhanes/Public/1999/DataFiles/PAQ.htm#PAQ180
1999-2000,PAQ,PAD200,Vigorous activity over past 30 days,9188,7198,https://wwwn.cdc.gov/Nchs/Data/Nhanes/Public/1999/DataFiles/PAQ.htm#PAD200
1999-2000,PAQ,PAD320,Moderate activity over past 30 days,9188,7198,https://wwwn.cdc.gov/Nchs/Data/Nhanes/Public/1999/DataFiles/PAQ.htm#PAD320
1999-2000,PAQ,PAD440,Muscle strengthening activities,9188,7198,https://wwwn.cdc.gov/Nchs/Data/Nhanes/Public/1999/DataFiles/PAQ.htm#PAD440
1999-2000,PAQ,PAD460,Number of times past 30 days,9188,2252,https://wwwn.cdc.gov/Nchs/Data/Nhanes/Public/1999/DataFiles/PAQ.htm#PAD460
1999-2000,PAQ,PAQ480,"Daily hours of TV, video or computer use",9188,6042,https://wwwn.cdc.gov/Nchs/Data/Nhanes/Public/1999/DataFiles/PAQ.htm#PAQ480
1999-2000,PAQ,PAQ500,Activity comparison last mo - last yr,9188,7198,https://wwwn.cdc.gov/Nchs/Data/Nhanes/Public/1999/DataFiles/PAQ.htm#PAQ500
1999-2000,PAQ,PAQ520,Compare activity w/others same age,9188,7198,https://wwwn.cdc.gov/Nchs/Data/Nhanes/Public/1999/DataFiles/PAQ.htm#PAQ520
1999-2000,PAQ,PAQ540,Compare activity with 10 years ago,9188,4008,https://wwwn.cdc.gov/Nchs/Data/Nhanes/Public/1999/DataFiles/PAQ.htm#PAQ540
1999-2000,PAQ,PAQ560,# time/week you play or exercise hard,9188,1934,https://wwwn.cdc.gov/Nchs/Data/Nhanes/Public/1999/DataFiles/PAQ.htm#PAQ560
1999-2000,PAQ,PAD570,# of hours watch TV or videos yesterday,9188,3090,https://wwwn.cdc.gov/Nchs/Data/Nhanes/Public/1999/DataFiles/PAQ.htm#PAD570
1999-2000,PAQ,PAQ580,# hours use computer/games yesterday,9188,3090,https://wwwn.cdc.gov/Nchs/Data/Nhanes/Public/1999/DataFiles/PAQ.htm#PAQ580
1999-2000,PFQ,SEQN,Respondent sequence number,9493,9493,https://wwwn.cdc.gov/Nchs/Data/Nhanes/Public/1999/DataFiles/PFQ.htm#SEQN
1999-2000,PFQ,PFQ010,"Physical, mental, emotional limitations",9493,911,https://wwwn.cdc.gov/Nchs/Data/Nhanes/Public/1999/DataFiles/PFQ.htm#PFQ010
1999-2000,PFQ,PFQ015,Able to take part in most type of play,9493,22,https://wwwn.cdc.gov/Nchs/Data/Nhanes/Public/1999/DataFiles/PFQ.htm#PFQ015
1999-2000,PFQ,PFQ020,"Crawl, walk, run, play limitations",9493,4609,https://wwwn.cdc.gov/Nchs/Data/Nhanes/Public/1999/DataFiles/PFQ.htm#PFQ020
1999-2000,PFQ,PFQ030,Long term impairment/health problem,9493,161,https://wwwn.cdc.gov/Nchs/Data/Nhanes/Public/1999/DataFiles/PFQ.htm#PFQ030
1999-2000,PFQ,PFQ040,Receive Special Ed or Early Intervention,9493,3444,https://wwwn.cdc.gov/Nchs/Data/Nhanes/Public/1999/DataFiles/PFQ.htm#PFQ040
1999-2000,PFQ,PFQ048,Limitations keeping you from working,9493,4878,https://wwwn.cdc.gov/Nchs/Data/Nhanes/Public/1999/DataFiles/PFQ.htm#PFQ048
1999-2000,PFQ,PFQ050,Limited in amount of work you can do,9493,596,https://wwwn.cdc.gov/Nchs/Data/Nhanes/Public/1999/DataFiles/PFQ.htm#PFQ050
1999-2000,PFQ,PFQ055,Need special equipment to walk,9493,596,https://wwwn.cdc.gov/Nchs/Data/Nhanes/Public/1999/DataFiles/PFQ.htm#PFQ055
1999-2000,PFQ,PFQ056,Experience confusion/memory problems,9493,4878,https://wwwn.cdc.gov/Nchs/Data/Nhanes/Public/1999/DataFiles/PFQ.htm#PFQ056
1999-2000,PFQ,PFQ059,"Physical, mental, emotional limitations",9493,4068,https://wwwn.cdc.gov/Nchs/Data/Nhanes/Public/1999/DataFiles/PFQ.htm#PFQ059
1999-2000,PFQ,PFQ060A,,9493,2263,https://wwwn.cdc.gov/Nchs/Data/Nhanes/Public/1999/DataFiles/PFQ.htm#PFQ060A
1999-2000,PFQ,PFQ060B,,9493,2029,https://wwwn.cdc.gov/Nchs/Data/Nhanes/Public/1999/DataFiles/PFQ.htm#PFQ060B
1999-2000,PFQ,PFQ060C,,9493,2029,https://wwwn.cdc.gov/Nchs/Data/Nhanes/Public/1999/DataFiles/PFQ.htm#PFQ060C
1999-2000,PFQ,PFQ060D,,9493,2263,https://wwwn.cdc.gov/Nchs/Data/Nhanes/Public/1999/DataFiles/PFQ.htm#PFQ060D
1999-2000,PFQ,PFQ060E,,9493,2263,https://wwwn.cdc.gov/Nchs/Data/Nhanes/Public/1999/DataFiles/PFQ.htm#PFQ060E
1999-2000,PFQ,PFQ060F,,9493,2263,https://wwwn.cdc.gov/Nchs/Data/Nhanes/Public/1999/DataFiles/PFQ.htm#PFQ060F
1999-2000,PFQ,PFQ060G,,9493,2263,https://wwwn.cdc.gov/Nchs/Data/Nhanes/Public/1999/DataFiles/PFQ.htm#PFQ060G
1999-2000,PFQ,PFQ060H,,9493,2263,https://wwwn.cdc.gov/Nchs/Data/Nhanes/Public/1999/DataFiles/PFQ.htm#PFQ060H
1999-2000,PFQ,PFQ060I,,9493,2263,https://wwwn.cdc.gov/Nchs/Data/Nhanes/Public/1999/DataFiles/PFQ.htm#PFQ060I
1999-2000,PFQ,PFQ060J,,9493,2263,https://wwwn.cdc.gov/Nchs/Data/Nhanes/Public/1999/DataFiles/PFQ.htm#PFQ060J
1999-2000,PFQ,PFQ060K,,9493,2263,https://wwwn.cdc.gov/Nchs/Data/Nhanes/Public/1999/DataFiles/PFQ.htm#PFQ060K
1999-2000,PFQ,PFQ060L,,9493,2263,https://wwwn.cdc.gov/Nchs/Data/Nhanes/Public/1999/DataFiles/PFQ.htm#PFQ060L
1999-2000,PFQ,PFQ060M,,9493,2263,https://wwwn.cdc.gov/Nchs/Data/Nhanes/Public/1999/DataFiles/PFQ.htm#PFQ060M
1999-2000,PFQ,PFQ060N,,9493,2263,https://wwwn.cdc.gov/Nchs/Data/Nhanes/Public/1999/DataFiles/PFQ.htm#PFQ060N
1999-2000,PFQ,PFQ060O,,9493,2263,https://wwwn.cdc.gov/Nchs/Data/Nhanes/Public/1999/DataFiles/PFQ.htm#PFQ060O
1999-2000,PFQ,PFQ060P,,9493,2263,https://wwwn.cdc.gov/Nchs/Data/Nhanes/Public/1999/DataFiles/PFQ.htm#PFQ060P
1999-2000,PFQ,PFQ060Q,,9493,2263,https://wwwn.cdc.gov/Nchs/Data/Nhanes/Public/1999/DataFiles/PFQ.htm#PFQ060Q
1999-2000,PFQ,PFQ060R,,9493,2263,https://wwwn.cdc.gov/Nchs/Data/Nhanes/Public/1999/DataFiles/PFQ.htm#PFQ060R
1999-2000,PFQ,PFQ060S,,9493,2263,https://wwwn.cdc.gov/Nchs/Data/Nhanes/Public/1999/DataFiles/PFQ.htm#PFQ060S
1999-2000,PFQ,PFQ069CG,,9493,38,https://wwwn.cdc.gov/Nchs/Data/Nhanes/Public/1999/DataFiles/PFQ.htm#PFQ069CG
1999-2000,PFQ,PFQ069CQ,,9493,38,https://wwwn.cdc.gov/Nchs/Data/Nhanes/Public/1999/DataFiles/PFQ.htm#PFQ069CQ
1999-2000,PFQ,PFQ069CU,,9493,38,https://wwwn.cdc.gov/Nchs/Data/Nhanes/Public/1999/DataFiles/PFQ.htm#PFQ069CU
1999-2000,PFQ,PFQ069EG,,9493,5,https://wwwn.cdc.gov/Nchs/Data/Nhanes/Public/1999/DataFiles/PFQ.htm#PFQ069EG
1999-2000,PFQ,PFQ069EQ,,9493,2,https://wwwn.cdc.gov/Nchs/Data/Nhanes/Public/1999/DataFiles/PFQ.htm#PFQ069EQ
1999-2000,PFQ,PFQ069EU,,9493,2,https://wwwn.cdc.gov/Nchs/Data/Nhanes/Public/1999/DataFiles/PFQ.htm#PFQ069EU
1999-2000,PFQ,PFQ069FG,,9493,125,https://wwwn.cdc.gov/Nchs/Data/Nhanes/Public/1999/DataFiles/PFQ.htm#PFQ069FG
1999-2000,PFQ,PFQ069FQ,,9493,123,https://wwwn.cdc.gov/Nchs/Data/Nhanes/Public/1999/DataFiles/PFQ.htm#PFQ069FQ
1999-2000,PFQ,PFQ069FU,,9493,123,https://wwwn.cdc.gov/Nchs/Data/Nhanes/Public/1999/DataFiles/PFQ.htm#PFQ069FU
1999-2000,PFQ,PFQ069GG,,9493,203,https://wwwn.cdc.gov/Nchs/Data/Nhanes/Public/1999/DataFiles/PFQ.htm#PFQ069GG
1999-2000,PFQ,PFQ069GQ,,9493,198,https://wwwn.cdc.gov/Nchs/Data/Nhanes/Public/1999/DataFiles/PFQ.htm#PFQ069GQ
1999-2000,PFQ,PFQ069GU,,9493,198,https://wwwn.cdc.gov/Nchs/Data/Nhanes/Public/1999/DataFiles/PFQ.htm#PFQ069GU
1999-2000,PFQ,PFQ069HG,,9493,89,https://wwwn.cdc.gov/Nchs/Data/Nhanes/Public/1999/DataFiles/PFQ.htm#PFQ069HG
1999-2000,PFQ,PFQ069HQ,,9493,82,https://wwwn.cdc.gov/Nchs/Data/Nhanes/Public/1999/DataFiles/PFQ.htm#PFQ069HQ
1999-2000,PFQ,PFQ069HU,,9493,82,https://wwwn.cdc.gov/Nchs/Data/Nhanes/Public/1999/DataFiles/PFQ.htm#PFQ069HU
1999-2000,PFQ,PFQ069KG,,9493,120,https://wwwn.cdc.gov/Nchs/Data/Nhanes/Public/1999/DataFiles/PFQ.htm#PFQ069KG
1999-2000,PFQ,PFQ069KQ,,9493,116,https://wwwn.cdc.gov/Nchs/Data/Nhanes/Public/1999/DataFiles/PFQ.htm#PFQ069KQ
1999-2000,PFQ,PFQ069KU,,9493,116,https://wwwn.cdc.gov/Nchs/Data/Nhanes/Public/1999/DataFiles/PFQ.htm#PFQ069KU
1999-2000,PFQ,PFQ069LG,,9493,11,https://wwwn.cdc.gov/Nchs/Data/Nhanes/Public/1999/DataFiles/PFQ.htm#PFQ069LG
1999-2000,PFQ,PFQ069LQ,,9493,5,https://wwwn.cdc.gov/Nchs/Data/Nhanes/Public/1999/DataFiles/PFQ.htm#PFQ069LQ
1999-2000,PFQ,PFQ069LU,,9493,5,https://wwwn.cdc.gov/Nchs/Data/Nhanes/Public/1999/DataFiles/PFQ.htm#PFQ069LU
1999-2000,PFQ,PFQ069MG,,9493,70,https://wwwn.cdc.gov/Nchs/Data/Nhanes/Public/1999/DataFiles/PFQ.htm#PFQ069MG
1999-2000,PFQ,PFQ069MQ,,9493,68,https://wwwn.cdc.gov/Nchs/Data/Nhanes/Public/1999/DataFiles/PFQ.htm#PFQ069MQ
1999-2000,PFQ,PFQ069MU,,9493,68,https://wwwn.cdc.gov/Nchs/Data/Nhanes/Public/1999/DataFiles/PFQ.htm#PFQ069MU
1999-2000,PFQ,PFQ069NG,,9493,25,https://wwwn.cdc.gov/Nchs/Data/Nhanes/Public/1999/DataFiles/PFQ.htm#PFQ069NG
1999-2000,PFQ,PFQ069NQ,,9493,22,https://wwwn.cdc.gov/Nchs/Data/Nhanes/Public/1999/DataFiles/PFQ.htm#PFQ069NQ
1999-2000,PFQ,PFQ069NU,,9493,22,https://wwwn.cdc.gov/Nchs/Data/Nhanes/Public/1999/DataFiles/PFQ.htm#PFQ069NU
1999-2000,PFQ,PFQ069OG,,9493,79,https://wwwn.cdc.gov/Nchs/Data/Nhanes/Public/1999/DataFiles/PFQ.htm#PFQ069OG
1999-2000,PFQ,PFQ069OQ,,9493,75,https://wwwn.cdc.gov/Nchs/Data/Nhanes/Public/1999/DataFiles/PFQ.htm#PFQ069OQ
1999-2000,PFQ,PFQ069OU,,9493,75,https://wwwn.cdc.gov/Nchs/Data/Nhanes/Public/1999/DataFiles/PFQ.htm#PFQ069OU
1999-2000,PFQ,PFQ090,Require special healthcare equipment,9493,4878,https://wwwn.cdc.gov/Nchs/Data/Nhanes/Public/1999/DataFiles/PFQ.htm#PFQ090
1999-2000,PFQ,PFQ100,Special eating utensils,9493,4878,https://wwwn.cdc.gov/Nchs/Data/Nhanes/Public/1999/DataFiles/PFQ.htm#PFQ100
1999-2000,PFQ,PFQ110,Dressing aids or devices,9493,4878,https://wwwn.cdc.gov/Nchs/Data/Nhanes/Public/1999/DataFiles/PFQ.htm#PFQ110
1999-2000,RXQ_RX,SEQN,Respondent sequence number,15643,15643,https://wwwn.cdc.gov/Nchs/Data/Nhanes/Public/1999/DataFiles/RXQ_RX.htm#SEQN
1999-2000,RXQ_RX,RXD030,Taken prescription medicine/past month,15643,15636,https://wwwn.cdc.gov/Nchs/Data/Nhanes/Public/1999/DataFiles/RXQ_RX.htm#RXD030
1999-2000,RXQ_RX,RXD295,Number of prescription medicines taken,15643,9257,https://wwwn.cdc.gov/Nchs/Data/Nhanes/Public/1999/DataFiles/RXQ_RX.htm#RXD295
1999-2000,SMQ,SEQN,Respondent sequence number,4880,4880,https://wwwn.cdc.gov/Nchs/Data/Nhanes/Public/1999/DataFiles/SMQ.htm#SEQN
1999-2000,SMQ,SMQ020,Smoked at least 100 cigarettes in life,4880,4877,https://wwwn.cdc.gov/Nchs/Data/Nhanes/Public/1999/DataFiles/SMQ.htm#SMQ020
2001-2002,ALQ_B,SEQN,Respondent sequence number,5027,5027,https://wwwn.cdc.gov/Nchs/Data/Nhanes/Public/2001/DataFiles/ALQ_B.htm#SEQN
2001-2002,ALQ_B,ALQ110,Had at least 12 alcohol drinks/lifetime?,5027,1482,https://wwwn.cdc.gov/Nchs/Data/Nhanes/Public/2001/DataFiles/ALQ_B.htm#ALQ110
2001-2002,ALQ_B,ALQ120Q,How often drink alcohol over past 12 mos,5027,3896,https://wwwn.cdc.gov/Nchs/Data/Nhanes/Public/2001/DataFiles/ALQ_B.htm#ALQ120Q
2001-2002,ALQ_B,ALQ120U,"# days drink alcohol per wk, mo, yr",5027,2979,https://wwwn.cdc.gov/Nchs/Data/Nhanes/Public/2001/DataFiles/ALQ_B.htm#ALQ120U
2001-2002,ALQ_B,ALQ130,Avg # alcoholic drinks/day -past 12 mos,5027,2981,https://wwwn.cdc.gov/Nchs/Data/Nhanes/Public/2001/DataFiles/ALQ_B.htm#ALQ130
2001-2002,BMX_B,SEQN,Respondent sequence number,10477,10477,https://wwwn.cdc.gov/Nchs/Data/Nhanes/Public/2001/DataFiles/BMX_B.htm#SEQN
2001-2002,BMX_B,BMXBMI,Body Mass Index (kg/m**2),10477,9010,https://wwwn.cdc.gov/Nchs/Data/Nhanes/Public/2001/DataFiles/BMX_B.htm#BMXBMI
2001-2002,BPQ_B,SEQN,Respondent sequence number,6634,6634,https://wwwn.cdc.gov/Nchs/Data/Nhanes/Public/2001/DataFiles/BPQ_B.htm#SEQN
2001-2002,BPQ_B,BPQ010,Last blood pressure reading by doctor,6634,6633,https://wwwn.cdc.gov/Nchs/Data/Nhanes/Public/2001/DataFiles/BPQ_B.htm#BPQ010
2001-2002,BPQ_B,BPQ020,Ever told you had high blood pressure,6634,6534,https://wwwn.cdc.gov/Nchs/Data/Nhanes/Public/2001/DataFiles/BPQ_B.htm#BPQ020
2001-2002,BPQ_B,BPQ030,Told had high blood pressure - 2+ times,6634,1681,https://wwwn.cdc.gov/Nchs/Data/Nhanes/Public/2001/DataFiles/BPQ_B.htm#BPQ030
2001-2002,BPQ_B,BPQ040A,Taking prescription for hypertension,6634,1681,https://wwwn.cdc.gov/Nchs/Data/Nhanes/Public/2001/DataFiles/BPQ_B.htm#BPQ040A
2001-2002,BPQ_B,BPQ040B,Told to control weight for hypertension,6634,1681,https://wwwn.cdc.gov/Nchs/Data/Nhanes/Public/2001/DataFiles/BPQ_B.htm#BPQ040B
2001-2002,BPQ_B,BPQ040C,Told to reduce sodium for hypertension,6634,1681,https://wwwn.cdc.gov/Nchs/Data/Nhanes/Public/2001/DataFiles/BPQ_B.htm#BPQ040C
2001-2002,BPQ_B,BPQ040D,Told to exercise more for hypertension,6634,1681,https://wwwn.cdc.gov/Nchs/Data/Nhanes/Public/2001/DataFiles/BPQ_B.htm#BPQ040D
2001-2002,BPQ_B,BPQ040E,Told to reduce alcohol for hypertension,6634,1681,https://wwwn.cdc.gov/Nchs/Data/Nhanes/Public/2001/DataFiles/BPQ_B.htm#BPQ040E
2001-2002,BPQ_B,BPQ040F,Told to do other things for hypertension,6634,1681,https://wwwn.cdc.gov/Nchs/Data/Nhanes/Public/2001/DataFiles/BPQ_B.htm#BPQ040F
2001-2002,BPQ_B,BPQ043A,Told to stop smoking for hypertension,6634,57,https://wwwn.cdc.gov/Nchs/Data/Nhanes/Public/2001/DataFiles/BPQ_B.htm#BPQ043A
2001-2002,BPQ_B,BPQ043B,Told to increase potassium for hyprtnsn,6634,5,https://wwwn.cdc.gov/Nchs/Data/Nhanes/Public/2001/DataFiles/BPQ_B.htm#BPQ043B
2001-2002,BPQ_B,BPQ043C,Told of other diet changes for hyprtnsn,6634,53,https://wwwn.cdc.gov/Nchs/Data/Nhanes/Public/2001/DataFiles/BPQ_B.htm#BPQ043C
2001-2002,BPQ_B,BPQ043D,Told to do other things for hyprtnsn,6634,49,https://wwwn.cdc.gov/Nchs/Data/Nhanes/Public/2001/DataFiles/BPQ_B.htm#BPQ043D
2001-2002,BPQ_B,BPQ050A,Now taking prescribed medicine,6634,1339,https://wwwn.cdc.gov/Nchs/Data/Nhanes/Public/2001/DataFiles/BPQ_B.htm#BPQ050A
2001-2002,BPQ_B,BPQ050B,Now controlling weight,6634,771,https://wwwn.cdc.gov/Nchs/Data/Nhanes/Public/2001/DataFiles/BPQ_B.htm#BPQ050B
2001-2002,BPQ_B,BPQ050C,Now reducing salt/sodium,6634,1092,https://wwwn.cdc.gov/Nchs/Data/Nhanes/Public/2001/DataFiles/BPQ_B.htm#BPQ050C
2001-2002,BPQ_B,BPQ050D,Now exercising more,6634,995,https://wwwn.cdc.gov/Nchs/Data/Nhanes/Public/2001/DataFiles/BPQ_B.htm#BPQ050D
2001-2002,BPQ_B,BPQ050E,Now reducing alcohol consumption,6634,361,https://wwwn.cdc.gov/Nchs/Data/Nhanes/Public/2001/DataFiles/BPQ_B.htm#BPQ050E
2001-2002,BPQ_B,BPQ060,Ever had blood cholesterol checked,6634,5410,https://wwwn.cdc.gov/Nchs/Data/Nhanes/Public/2001/DataFiles/BPQ_B.htm#BPQ060
2001-2002,BPQ_B,BPQ070,When blood cholesterol last checked,6634,3607,https://wwwn.cdc.gov/Nchs/Data/Nhanes/Public/2001/DataFiles/BPQ_B.htm#BPQ070
2001-2002,BPQ_B,BPQ080,Doctor told you - high cholesterol level,6634,3607,https://wwwn.cdc.gov/Nchs/Data/Nhanes/Public/2001/DataFiles/BPQ_B.htm#BPQ080
2001-2002,BPQ_B,BPQ090A,Told to eat less fat for cholesterol,6634,1336,https://wwwn.cdc.gov/Nchs/Data/Nhanes/Public/2001/DataFiles/BPQ_B.htm#BPQ090A
2001-2002,BPQ_B,BPQ090B,Told to reduce weight for cholesterol,6634,1336,https://wwwn.cdc.gov/Nchs/Data/Nhanes/Public/2001/DataFiles/BPQ_B.htm#BPQ090B
2001-2002,BPQ_B,BPQ090C,Told to exercise more for cholesterol,6634,1336,https://wwwn.cdc.gov/Nchs/Data/Nhanes/Public/2001/DataFiles/BPQ_B.htm#BPQ090C
2001-2002,BPQ_B,BPQ090D,Told to take prescriptn for cholesterol,6634,1336,https://wwwn.cdc.gov/Nchs/Data/Nhanes/Public/2001/DataFiles/BPQ_B.htm#BPQ090D
2001-2002,BPQ_B,BPQ100A,Now eating fewer high fat foods,6634,1069,https://wwwn.cdc.gov/Nchs/Data/Nhanes/Public/2001/DataFiles/BPQ_B.htm#BPQ100A
2001-2002,BPQ_B,BPQ100B,Now controlling weight,6634,686,https://wwwn.cdc.gov/Nchs/Data/Nhanes/Public/2001/DataFiles/BPQ_B.htm#BPQ100B
2001-2002,BPQ_B,BPQ100C,Now increasing exercise,6634,849,https://wwwn.cdc.gov/Nchs/Data/Nhanes/Public/2001/DataFiles/BPQ_B.htm#BPQ100C
2001-2002,BPQ_B,BPQ100D,Now taking prescribed medicine,6634,690,https://wwwn.cdc.gov/Nchs/Data/Nhanes/Public/2001/DataFiles/BPQ_B.htm#BPQ100D
2001-2002,BPX_B,SEQN,Respondent sequence number,10477,10477,https://wwwn.cdc.gov/Nchs/Data/Nhanes/Public/2001/DataFiles/BPX_B.htm#SEQN
2001-2002,BPX_B,BPXCHR,60 sec HR (30 sec HR * 2),10477,2169,https://wwwn.cdc.gov/Nchs/Data/Nhanes/Public/2001/DataFiles/BPX_B.htm#BPXCHR
2001-2002,BPX_B,BPQ150A,Had food in the past 30 minutes?,10477,7919,https://wwwn.cdc.gov/Nchs/Data/Nhanes/Public/2001/DataFiles/BPX_B.htm#BPQ150A
2001-2002,BPX_B,BPQ150B,Had alcohol in the past 30 minutes?,10477,7919,https://wwwn.cdc.gov/Nchs/Data/Nhanes/Public/2001/DataFiles/BPX_B.htm#BPQ150B
2001-2002,BPX_B,BPQ150C,Had coffee in the past 30 minutes?,10477,7919,https://wwwn.cdc.gov/Nchs/Data/Nhanes/Public/2001/DataFiles/BPX_B.htm#BPQ150C
2001-2002,BPX_B,BPQ150D,Had cigarettes in the past 30 minutes?,10477,7919,https://wwwn.cdc.gov/Nchs/Data/Nhanes/Public/2001/DataFiles/BPX_B.htm#BPQ150D
2001-2002,BPX_B,BPXPLS,60 sec. pulse (30 sec. pulse * 2):,10477,7897,https://wwwn.cdc.gov/Nchs/Data/Nhanes/Public/2001/DataFiles/BPX_B.htm#BPXPLS
2001-2002,BPX_B,BPXDB,# of dropped beats in 30 seconds,10477,66,https://wwwn.cdc.gov/Nchs/Data/Nhanes/Public/2001/DataFiles/BPX_B.htm#BPXDB
2001-2002,BPX_B,BPXPULS,Pulse regular or irregular?,10477,10084,https://wwwn.cdc.gov/Nchs/Data/Nhanes/Public/2001/DataFiles/BPX_B.htm#BPXPULS
2001-2002,BPX_B,BPXPTY,Pulse type:,10477,7913,https://wwwn.cdc.gov/Nchs/Data/Nhanes/Public/2001/DataFiles/BPX_B.htm#BPXPTY
2001-2002,BPX_B,BPXML1,MIL: maximum inflation levels (mm Hg),10477,7859,https://wwwn.cdc.gov/Nchs/Data/Nhanes/Public/2001/DataFiles/BPX_B.htm#BPXML1
2001-2002,BPX_B,BPXSY1,Systolic: Blood pres (1st rdg) mm Hg,10477,7126,https://wwwn.cdc.gov/Nchs/Data/Nhanes/Public/2001/DataFiles/BPX_B.htm#BPXSY1
2001-2002,BPX_B,BPXDI1,Diastolic: Blood pres (1st rdg) mm Hg,10477,7126,https://wwwn.cdc.gov/Nchs/Data/Nhanes/Public/2001/DataFiles/BPX_B.htm#BPXDI1
2001-2002,BPX_B,BPXSY2,Systolic: Blood pres (2nd rdg) mm Hg,10477,6897,https://wwwn.cdc.gov/Nchs/Data/Nhanes/Public/2001/DataFiles/BPX_B.htm#BPXSY2
2001-2002,BPX_B,BPXDI2,Diastolic: Blood pres (2nd rdg) mm Hg,10477,6897,https://wwwn.cdc.gov/Nchs/Data/Nhanes/Public/2001/DataFiles/BPX_B.htm#BPXDI2
2001-2002,BPX_B,BPXSY3,Systolic: Blood pres (3rd rdg) mm Hg,10477,6837,https://wwwn.cdc.gov/Nchs/Data/Nhanes/Public/2001/DataFiles/BPX_B.htm#BPXSY3
2001-2002,BPX_B,BPXDI3,Diastolic: Blood pres (3rd rdg) mm Hg,10477,6837,https://wwwn.cdc.gov/Nchs/Data/Nhanes/Public/2001/DataFiles/BPX_B.htm#BPXDI3
2001-2002,BPX_B,BPXSY4,Systolic: Blood pres (4th rdg) mm Hg,10477,1573,https://wwwn.cdc.gov/Nchs/Data/Nhanes/Public/2001/DataFiles/BPX_B.htm#BPXSY4
2001-2002,BPX_B,BPXDI4,Diastolic: Blood pres (4th rdg) mm Hg,10477,1573,https://wwwn.cdc.gov/Nchs/Data/Nhanes/Public/2001/DataFiles/BPX_B.htm#BPXDI4
2001-2002,BPX_B,BPXSAR,SBP average reported to examinee,10477,7837,https://wwwn.cdc.gov/Nchs/Data/Nhanes/Public/2001/DataFiles/BPX_B.htm#BPXSAR
2001-2002,BPX_B,BPXDAR,DBP average reported to examinee,10477,7837,https://wwwn.cdc.gov/Nchs/Data/Nhanes/Public/2001/DataFiles/BPX_B.htm#BPXDAR
2001-2002,DEMO_B,SEQN,Respondent sequence number,11039,11039,https://wwwn.cdc.gov/Nchs/Data/Nhanes/Public/2001/DataFiles/DEMO_B.htm#SEQN
2001-2002,DEMO_B,SDDSRVYR,Data Release Number,11039,11039,https://wwwn.cdc.gov/Nchs/Data/Nhanes/Public/2001/DataFiles/DEMO_B.htm#SDDSRVYR
2001-2002,DEMO_B,RIAGENDR,Gender,11039,11039,https://wwwn.cdc.gov/Nchs/Data/Nhanes/Public/2001/DataFiles/DEMO_B.htm#RIAGENDR
2001-2002,DEMO_B,RIDAGEYR,Age at Screening Adjudicated - Recode,11039,11039,https://wwwn.cdc.gov/Nchs/Data/Nhanes/Public/2001/DataFiles/DEMO_B.htm#RIDAGEYR
2001-2002,DEMO_B,RIDRETH1,Race/Ethnicity - Recode,11039,11039,https://wwwn.cdc.gov/Nchs/Data/Nhanes/Public/2001/DataFiles/DEMO_B.htm#RIDRETH1
2001-2002,DEMO_B,DMDEDUC2,Education Level - Adults 20+,11039,5407,https://wwwn.cdc.gov/Nchs/Data/Nhanes/Public/2001/DataFiles/DEMO_B.htm#DMDEDUC2
2001-2002,DEMO_B,INDFMPIR,Family PIR,11039,10245,https://wwwn.cdc.gov/Nchs/Data/Nhanes/Public/2001/DataFiles/DEMO_B.htm#INDFMPIR
2001-2002,DEMO_B,WTINT2YR,Full Sample 2 Year Interview Weight,11039,11039,https://wwwn.cdc.gov/Nchs/Data/Nhanes/Public/2001/DataFiles/DEMO_B.htm#WTINT2YR
2001-2002,DEMO_B,WTINT4YR,Full Sample 4 Year Interview Weight,11039,11039,https://wwwn.cdc.gov/Nchs/Data/Nhanes/Public/2001/DataFiles/DEMO_B.htm#WTINT4YR
2001-2002,DEMO_B,WTMEC2YR,Full Sample 2 Year MEC Exam Weight,11039,11039,https://wwwn.cdc.gov/Nchs/Data/Nhanes/Public/2001/DataFiles/DEMO_B.htm#WTMEC2YR
2001-2002,DEMO_B,WTMEC4YR,Full Sample 4 Year MEC Exam Weight,11039,11039,https://wwwn.cdc.gov/Nchs/Data/Nhanes/Public/2001/DataFiles/DEMO_B.htm#WTMEC4YR
2001-2002,DEMO_B,SDMVPSU,Masked Variance Pseudo-PSU,11039,11039,https://wwwn.cdc.gov/Nchs/Data/Nhanes/Public/2001/DataFiles/DEMO_B.htm#SDMVPSU
2001-2002,DEMO_B,SDMVSTRA,Masked Variance Pseudo-Stratum,11039,11039,https://wwwn.cdc.gov/Nchs/Data/Nhanes/Public/2001/DataFiles/DEMO_B.htm#SDMVSTRA
2001-2002,DIQ_B,SEQN,Respondent sequence number,10470,10470,https://wwwn.cdc.gov/Nchs/Data/Nhanes/Public/2001/DataFiles/DIQ_B.htm#SEQN
2001-2002,DIQ_B,DIQ010,Doctor told you have diabetes,10470,10468,https://wwwn.cdc.gov/Nchs/Data/Nhanes/Public/2001/DataFiles/DIQ_B.htm#DIQ010
2001-2002,DIQ_B,DIQ050,Taking insulin now,10470,10468,https://wwwn.cdc.gov/Nchs/Data/Nhanes/Public/2001/DataFiles/DIQ_B.htm#DIQ050
2001-2002,DIQ_B,DIQ060U,Unit of measure (month/year),10470,143,https://wwwn.cdc.gov/Nchs/Data/Nhanes/Public/2001/DataFiles/DIQ_B.htm#DIQ060U
2001-2002,DIQ_B,DIQ070,Take diabetic pills to lower blood sugar,10470,528,https://wwwn.cdc.gov/Nchs/Data/Nhanes/Public/2001/DataFiles/DIQ_B.htm#DIQ070
2001-2002,DIQ_B,DIQ080,Diabetes affected eyes/had retinopathy,10470,511,https://wwwn.cdc.gov/Nchs/Data/Nhanes/Public/2001/DataFiles/DIQ_B.htm#DIQ080
2001-2002,DIQ_B,DIQ090,Ulcer/sore not healed within 4 weeks,10470,3485,https://wwwn.cdc.gov/Nchs/Data/Nhanes/Public/2001/DataFiles/DIQ_B.htm#DIQ090
2001-2002,DIQ_B,DIQ100,Numbness in hands/feet-past 3 mos,10470,3485,https://wwwn.cdc.gov/Nchs/Data/Nhanes/Public/2001/DataFiles/DIQ_B.htm#DIQ100
2001-2002,DIQ_B,DIQ110,"Numbness in hands, feet or both",10470,769,https://wwwn.cdc.gov/Nchs/Data/Nhanes/Public/2001/DataFiles/DIQ_B.htm#DIQ110
2001-2002,DIQ_B,DIQ120,Pain/tingling in hands/feet - past 3 mos,10470,3485,https://wwwn.cdc.gov/Nchs/Data/Nhanes/Public/2001/DataFiles/DIQ_B.htm#DIQ120
2001-2002,DIQ_B,DIQ130,"Pain/tingling in hands,feet or both",10470,754,https://wwwn.cdc.gov/Nchs/Data/Nhanes/Public/2001/DataFiles/DIQ_B.htm#DIQ130
2001-2002,DIQ_B,DIQ140,Pain in either leg while walking,10470,3485,https://wwwn.cdc.gov/Nchs/Data/Nhanes/Public/2001/DataFiles/DIQ_B.htm#DIQ140
2001-2002,DIQ_B,DIQ150,Pain in calf or calves,10470,887,https://wwwn.cdc.gov/Nchs/Data/Nhanes/Public/2001/DataFiles/DIQ_B.htm#DIQ150
2001-2002,DRXTOT_B,SEQN,Respondent sequence number,10477,10477,https://wwwn.cdc.gov/Nchs/Data/Nhanes/Public/2001/DataFiles/DRXTOT_B.htm#SEQN
2001-2002,DRXTOT_B,DRDDRSTZ,Dietary recall status,10477,10477,https://wwwn.cdc.gov/Nchs/Data/Nhanes/Public/2001/DataFiles/DRXTOT_B.htm#DRDDRSTZ
2001-2002,DRXTOT_B,DRXTKCAL,Energy (kcal),10477,9701,https://wwwn.cdc.gov/Nchs/Data/Nhanes/Public/2001/DataFiles/DRXTOT_B.htm#DRXTKCAL
2001-2002,HSQ_B,SEQN,Respondent sequence number,10382,10382,https://wwwn.cdc.gov/Nchs/Data/Nhanes/Public/2001/DataFiles/HSQ_B.htm#SEQN
2001-2002,HSQ_B,HSD010,General health condition,10382,7033,https://wwwn.cdc.gov/Nchs/Data/Nhanes/Public/2001/DataFiles/HSQ_B.htm#HSD010
2001-2002,HSQ_B,HSD570,SP donated blood in past 12 months?,10382,5870,https://wwwn.cdc.gov/Nchs/Data/Nhanes/Public/2001/DataFiles/HSQ_B.htm#HSD570
2001-2002,HUQ_B,SEQN,Respondent sequence number,11039,11039,https://wwwn.cdc.gov/Nchs/Data/Nhanes/Public/2001/DataFiles/HUQ_B.htm#SEQN
2001-2002,HUQ_B,HUQ010,General health condition,11039,11039,https://wwwn.cdc.gov/Nchs/Data/Nhanes/Public/2001/DataFiles/HUQ_B.htm#HUQ010
2001-2002,HUQ_B,HUQ020,Health now compared with 1 year ago,11039,10469,https://wwwn.cdc.gov/Nchs/Data/Nhanes/Public/2001/DataFiles/HUQ_B.htm#HUQ020
2001-2002,HUQ_B,HUQ030,Routine place to go for healthcare,11039,11039,https://wwwn.cdc.gov/Nchs/Data/Nhanes/Public/2001/DataFiles/HUQ_B.htm#HUQ030
2001-2002,HUQ_B,HUQ040,Type place most often go for healthcare,11039,9635,https://wwwn.cdc.gov/Nchs/Data/Nhanes/Public/2001/DataFiles/HUQ_B.htm#HUQ040
2001-2002,HUQ_B,HUQ050,#Times receive healthcare over past year,11039,11039,https://wwwn.cdc.gov/Nchs/Data/Nhanes/Public/2001/DataFiles/HUQ_B.htm#HUQ050
2001-2002,HUQ_B,HUQ060,How long since last healthcare visit,11039,1641,https://wwwn.cdc.gov/Nchs/Data/Nhanes/Public/2001/DataFiles/HUQ_B.htm#HUQ060
2001-2002,HUQ_B,HUD070,Overnight hospital patient in last year,11039,11039,https://wwwn.cdc.gov/Nchs/Data/Nhanes/Public/2001/DataFiles/HUQ_B.htm#HUD070
2001-2002,HUQ_B,HUQ080,#Times overnite hospital patient/last yr,11039,1071,https://wwwn.cdc.gov/Nchs/Data/Nhanes/Public/2001/DataFiles/HUQ_B.htm#HUQ080
2001-2002,HUQ_B,HUQ082,In long term care facility last 12 month,11039,10469,https://wwwn.cdc.gov/Nchs/Data/Nhanes/Public/2001/DataFiles/HUQ_B.htm#HUQ082
2001-2002,HUQ_B,HUQ084,Total # of days in long term facility,11039,74,https://wwwn.cdc.gov/Nchs/Data/Nhanes/Public/2001/DataFiles/HUQ_B.htm#HUQ084
2001-2002,HUQ_B,HUQ086,Non SP HH member in care fac overnight,11039,10469,https://wwwn.cdc.gov/Nchs/Data/Nhanes/Public/2001/DataFiles/HUQ_B.htm#HUQ086
2001-2002,HUQ_B,HUQ088A,,11039,333,https://wwwn.cdc.gov/Nchs/Data/Nhanes/Public/2001/DataFiles/HUQ_B.htm#HUQ088A
2001-2002,HUQ_B,HUQ088B,,11039,35,https://wwwn.cdc.gov/Nchs/Data/Nhanes/Public/2001/DataFiles/HUQ_B.htm#HUQ088B
2001-2002,HUQ_B,HUQ088C,,11039,63,https://wwwn.cdc.gov/Nchs/Data/Nhanes/Public/2001/DataFiles/HUQ_B.htm#HUQ088C
2001-2002,HUQ_B,HUQ090,Seen mental health professional /past yr,11039,9543,https://wwwn.cdc.gov/Nchs/Data/Nhanes/Public/2001/DataFiles/HUQ_B.htm#HUQ090
2001-2002,KIQ_U_B,SEQN,Respondent sequence number,5411,5411,https://wwwn.cdc.gov/Nchs/Data/Nhanes/Public/2001/DataFiles/KIQ_U_B.htm#SEQN
2001-2002,KIQ_U_B,KIQ022,Ever told you had weak/failing kidneys,5411,5410,https://wwwn.cdc.gov/Nchs/Data/Nhanes/Public/2001/DataFiles/KIQ_U_B.htm#KIQ022
2001-2002,KIQ_U_B,KIQ025,Received dialysis in past 12 months,5411,145,https://wwwn.cdc.gov/Nchs/Data/Nhanes/Public/2001/DataFiles/KIQ_U_B.htm#KIQ025
2001-2002,KIQ_U_B,KIQ042,Leak urine during physical activities,5411,4953,https://wwwn.cdc.gov/Nchs/Data/Nhanes/Public/2001/DataFiles/KIQ_U_B.htm#KIQ042
2001-2002,KIQ_U_B,KIQ043,How frequently does this occur,5411,1183,https://wwwn.cdc.gov/Nchs/Data/Nhanes/Public/2001/DataFiles/KIQ_U_B.htm#KIQ043
2001-2002,KIQ_U_B,KIQ044,Urinated before reaching the toilet,5411,4953,https://wwwn.cdc.gov/Nchs/Data/Nhanes/Public/2001/DataFiles/KIQ_U_B.htm#KIQ044
2001-2002,KIQ_U_B,KIQ045,Frequency with which this occurs,5411,1025,https://wwwn.cdc.gov/Nchs/Data/Nhanes/Public/2001/DataFiles/KIQ_U_B.htm#KIQ045
2001-2002,KIQ_U_B,KIQ046,Leak urine during nonphysical activities,5411,4953,https://wwwn.cdc.gov/Nchs/Data/Nhanes/Public/2001/DataFiles/KIQ_U_B.htm#KIQ046
2001-2002,KIQ_U_B,KIQ047,How frequently does this occur,5411,471,https://wwwn.cdc.gov/Nchs/Data/Nhanes/Public/2001/DataFiles/KIQ_U_B.htm#KIQ047
2001-2002,KIQ_U_B,KIQ050,How much did urine leakage bother you,5411,1675,https://wwwn.cdc.gov/Nchs/Data/Nhanes/Public/2001/DataFiles/KIQ_U_B.htm#KIQ050
2001-2002,KIQ_U_B,KIQ052,How much were daily activities affected,5411,1675,https://wwwn.cdc.gov/Nchs/Data/Nhanes/Public/2001/DataFiles/KIQ_U_B.htm#KIQ052
2001-2002,L25_B,SEQN,Respondent sequence number,9929,9929,https://wwwn.cdc.gov/Nchs/Data/Nhanes/Public/2001/DataFiles/L25_B.htm#SEQN
2001-2002,L25_B,LBXWBCSI,White blood cell count (SI),9929,8952,https://wwwn.cdc.gov/Nchs/Data/Nhanes/Public/2001/DataFiles/L25_B.htm#LBXWBCSI
2001-2002,L25_B,LBXLYPCT,Lymphocyte percent (%),9929,8925,https://wwwn.cdc.gov/Nchs/Data/Nhanes/Public/2001/DataFiles/L25_B.htm#LBXLYPCT
2001-2002,L25_B,LBXMOPCT,Monocyte percent (%),9929,8925,https://wwwn.cdc.gov/Nchs/Data/Nhanes/Public/2001/DataFiles/L25_B.htm#LBXMOPCT
2001-2002,L25_B,LBXNEPCT,Segmented neutrophils percent (%),9929,8925,https://wwwn.cdc.gov/Nchs/Data/Nhanes/Public/2001/DataFiles/L25_B.htm#LBXNEPCT
2001-2002,L25_B,LBDLYMNO,Lymphocyte number,9929,8925,https://wwwn.cdc.gov/Nchs/Data/Nhanes/Public/2001/DataFiles/L25_B.htm#LBDLYMNO
2001-2002,L25_B,LBDMONO,Monocyte number,9929,8925,https://wwwn.cdc.gov/Nchs/Data/Nhanes/Public/2001/DataFiles/L25_B.htm#LBDMONO
2001-2002,L25_B,LBDNENO,Segmented neutrophils number,9929,8925,https://wwwn.cdc.gov/Nchs/Data/Nhanes/Public/2001/DataFiles/L25_B.htm#LBDNENO
2001-2002,L25_B,LBXRDW,Red cell distribution width (%),9929,8952,https://wwwn.cdc.gov/Nchs/Data/Nhanes/Public/2001/DataFiles/L25_B.htm#LBXRDW
2001-2002,L25_B,LBXPLTSI,Platelet count (%) SI,9929,8951,https://wwwn.cdc.gov/Nchs/Data/Nhanes/Public/2001/DataFiles/L25_B.htm#LBXPLTSI
2001-2002,L40_B,SEQN,Respondent sequence number,7445,7445,https://wwwn.cdc.gov/Nchs/Data/Nhanes/Public/2001/DataFiles/L40_B.htm#SEQN
2001-2002,L40_B,LBDSAPSI,Alkaline phosphatase (U/L),7445,6891,https://wwwn.cdc.gov/Nchs/Data/Nhanes/Public/2001/DataFiles/L40_B.htm#LBDSAPSI
2001-2002,L40_B,LBXSBU,Blood urea nitrogen (mg/dL),7445,6891,https://wwwn.cdc.gov/Nchs/Data/Nhanes/Public/2001/DataFiles/L40_B.htm#LBXSBU
2001-2002,L40_B,LBDSBUSI,Blood urea nitrogen (mmol/L),7445,6891,https://wwwn.cdc.gov/Nchs/Data/Nhanes/Public/2001/DataFiles/L40_B.htm#LBDSBUSI
2001-2002,L40_B,LBXSCA,Total Calcium (mg/dL),7445,6891,https://wwwn.cdc.gov/Nchs/Data/Nhanes/Public/2001/DataFiles/L40_B.htm#LBXSCA
2001-2002,L40_B,LBDSCASI,Total Calcium (mmol/L),7445,6891,https://wwwn.cdc.gov/Nchs/Data/Nhanes/Public/2001/DataFiles/L40_B.htm#LBDSCASI
2001-2002,L40_B,LBXSC3SI,Bicarbonate: SI (mmol/L),7445,6891,https://wwwn.cdc.gov/Nchs/Data/Nhanes/Public/2001/DataFiles/L40_B.htm#LBXSC3SI
2001-2002,L40_B,LBDSLDSI,LDH (U/L),7445,6890,https://wwwn.cdc.gov/Nchs/Data/Nhanes/Public/2001/DataFiles/L40_B.htm#LBDSLDSI
2001-2002,L40_B,LBXSUA,Uric acid (mg/dL),7445,6891,https://wwwn.cdc.gov/Nchs/Data/Nhanes/Public/2001/DataFiles/L40_B.htm#LBXSUA
2001-2002,L40_B,LBDSUASI,Uric acid (umol/L),7445,6891,https://wwwn.cdc.gov/Nchs/Data/Nhanes/Public/2001/DataFiles/L40_B.htm#LBDSUASI
2001-2002,MCQ_B,SEQN,Respondent sequence number,10470,10470,https://wwwn.cdc.gov/Nchs/Data/Nhanes/Public/2001/DataFiles/MCQ_B.htm#SEQN
2001-2002,MCQ_B,MCQ010,Ever been told you have asthma,10470,10469,https://wwwn.cdc.gov/Nchs/Data/Nhanes/Public/2001/DataFiles/MCQ_B.htm#MCQ010
2001-2002,MCQ_B,MCQ025,Age when first had asthma,10470,1288,https://wwwn.cdc.gov/Nchs/Data/Nhanes/Public/2001/DataFiles/MCQ_B.htm#MCQ025
2001-2002,MCQ_B,MCQ035,Still have asthma,10470,1288,https://wwwn.cdc.gov/Nchs/Data/Nhanes/Public/2001/DataFiles/MCQ_B.htm#MCQ035
2001-2002,MCQ_B,MCQ040,Had asthma attack in past year,10470,793,https://wwwn.cdc.gov/Nchs/Data/Nhanes/Public/2001/DataFiles/MCQ_B.htm#MCQ040
2001-2002,MCQ_B,MCQ050,Emergency care visit for asthma/past yr,10470,436,https://wwwn.cdc.gov/Nchs/Data/Nhanes/Public/2001/DataFiles/MCQ_B.htm#MCQ050
2001-2002,MCQ_B,MCQ053,Taking treatment for anemia/past 3 mos,10470,10469,https://wwwn.cdc.gov/Nchs/Data/Nhanes/Public/2001/DataFiles/MCQ_B.htm#MCQ053
2001-2002,MCQ_B,MCQ060,Told have attention deficit disorder?,10470,4132,https://wwwn.cdc.gov/Nchs/Data/Nhanes/Public/2001/DataFiles/MCQ_B.htm#MCQ060
2001-2002,MCQ_B,MCQ080,Doctor ever said you were overweight,10470,4716,https://wwwn.cdc.gov/Nchs/Data/Nhanes/Public/2001/DataFiles/MCQ_B.htm#MCQ080
2001-2002,MCQ_B,MCQ083,Ever told you have learning disability,10470,2908,https://wwwn.cdc.gov/Nchs/Data/Nhanes/Public/2001/DataFiles/MCQ_B.htm#MCQ083
2001-2002,MCQ_B,MCQ092,Ever receive blood transfusion,10470,9140,https://wwwn.cdc.gov/Nchs/Data/Nhanes/Public/2001/DataFiles/MCQ_B.htm#MCQ092
2001-2002,MCQ_B,MCD093,Year receive blood transfusion,10470,770,https://wwwn.cdc.gov/Nchs/Data/Nhanes/Public/2001/DataFiles/MCQ_B.htm#MCD093
2001-2002,MCQ_B,MCQ114,Ever tested for lead poisoning,10470,1327,https://wwwn.cdc.gov/Nchs/Data/Nhanes/Public/2001/DataFiles/MCQ_B.htm#MCQ114
2001-2002,MCQ_B,MCQ117Q,How long since lead poisoning test,10470,432,https://wwwn.cdc.gov/Nchs/Data/Nhanes/Public/2001/DataFiles/MCQ_B.htm#MCQ117Q
2001-2002,MCQ_B,MCQ117U,Months or years,10470,423,https://wwwn.cdc.gov/Nchs/Data/Nhanes/Public/2001/DataFiles/MCQ_B.htm#MCQ117U
2001-2002,MCQ_B,MCQ120A,Had hay fever in past year,10470,5058,https://wwwn.cdc.gov/Nchs/Data/Nhanes/Public/2001/DataFiles/MCQ_B.htm#MCQ120A
2001-2002,MCQ_B,MCQ120B,Had 3 or more ear infections/past year,10470,3834,https://wwwn.cdc.gov/Nchs/Data/Nhanes/Public/2001/DataFiles/MCQ_B.htm#MCQ120B
2001-2002,MCQ_B,MCQ120C,Had frequent/severe headaches/past yr,10470,4132,https://wwwn.cdc.gov/Nchs/Data/Nhanes/Public/2001/DataFiles/MCQ_B.htm#MCQ120C
2001-2002,MCQ_B,MCQ120D,Stuttering/Stammering in past year,10470,2908,https://wwwn.cdc.gov/Nchs/Data/Nhanes/Public/2001/DataFiles/MCQ_B.htm#MCQ120D
2001-2002,MCQ_B,MCQ140,Trouble seeing even with glass/contacts,10470,10127,https://wwwn.cdc.gov/Nchs/Data/Nhanes/Public/2001/DataFiles/MCQ_B.htm#MCQ140
2001-2002,MCQ_B,MCD147,Menstrual periods started yet?,10470,391,https://wwwn.cdc.gov/Nchs/Data/Nhanes/Public/2001/DataFiles/MCQ_B.htm#MCD147
2001-2002,MCQ_B,MCQ150G,School days missed from injury/illness,10470,3729,https://wwwn.cdc.gov/Nchs/Data/Nhanes/Public/2001/DataFiles/MCQ_B.htm#MCQ150G
2001-2002,MCQ_B,MCQ150Q,# school days missed from injury/illness,10470,3434,https://wwwn.cdc.gov/Nchs/Data/Nhanes/Public/2001/DataFiles/MCQ_B.htm#MCQ150Q
2001-2002,MCQ_B,MCQ160A,Doctor ever said you had arthritis,10470,5411,https://wwwn.cdc.gov/Nchs/Data/Nhanes/Public/2001/DataFiles/MCQ_B.htm#MCQ160A
2001-2002,MCQ_B,MCQ160B,Ever told had congestive heart failure,10470,5410,https://wwwn.cdc.gov/Nchs/Data/Nhanes/Public/2001/DataFiles/MCQ_B.htm#MCQ160B
2001-2002,MCQ_B,MCQ160C,Ever told you had coronary heart disease,10470,5410,https://wwwn.cdc.gov/Nchs/Data/Nhanes/Public/2001/DataFiles/MCQ_B.htm#MCQ160C
2001-2002,MCQ_B,MCQ160D,Ever told you had angina/angina pectoris,10470,5410,https://wwwn.cdc.gov/Nchs/Data/Nhanes/Public/2001/DataFiles/MCQ_B.htm#MCQ160D
2001-2002,MCQ_B,MCQ160E,Ever told you had heart attack,10470,5410,https://wwwn.cdc.gov/Nchs/Data/Nhanes/Public/2001/DataFiles/MCQ_B.htm#MCQ160E
2001-2002,MCQ_B,MCQ160F,Ever told you had a stroke,10470,5410,https://wwwn.cdc.gov/Nchs/Data/Nhanes/Public/2001/DataFiles/MCQ_B.htm#MCQ160F
2001-2002,MCQ_B,MCQ160G,Ever told you had emphysema,10470,5410,https://wwwn.cdc.gov/Nchs/Data/Nhanes/Public/2001/DataFiles/MCQ_B.htm#MCQ160G
2001-2002,MCQ_B,MCQ160J,Doctor said you were overweight,10470,5410,https://wwwn.cdc.gov/Nchs/Data/Nhanes/Public/2001/DataFiles/MCQ_B.htm#MCQ160J
2001-2002,MCQ_B,MCQ160K,Ever told you had chronic bronchitis,10470,5410,https://wwwn.cdc.gov/Nchs/Data/Nhanes/Public/2001/DataFiles/MCQ_B.htm#MCQ160K
2001-2002,MCQ_B,MCQ160L,Ever told you had any liver condition,10470,5410,https://wwwn.cdc.gov/Nchs/Data/Nhanes/Public/2001/DataFiles/MCQ_B.htm#MCQ160L
2001-2002,MCQ_B,MCD160M,Ever told you had a thyroid problem,10470,5410,https://wwwn.cdc.gov/Nchs/Data/Nhanes/Public/2001/DataFiles/MCQ_B.htm#MCD160M
2001-2002,MCQ_B,MCQ170K,Do you still have chronic bronchitis,10470,291,https://wwwn.cdc.gov/Nchs/Data/Nhanes/Public/2001/DataFiles/MCQ_B.htm#MCQ170K
2001-2002,MCQ_B,MCQ170L,Do you still have a liver condition,10470,158,https://wwwn.cdc.gov/Nchs/Data/Nhanes/Public/2001/DataFiles/MCQ_B.htm#MCQ170L
2001-2002,MCQ_B,MCD170M,Do you still have a thyroid problem,10470,434,https://wwwn.cdc.gov/Nchs/Data/Nhanes/Public/2001/DataFiles/MCQ_B.htm#MCD170M
2001-2002,MCQ_B,MCQ180A,Age when told you had arthritis,10470,1331,https://wwwn.cdc.gov/Nchs/Data/Nhanes/Public/2001/DataFiles/MCQ_B.htm#MCQ180A
2001-2002,MCQ_B,MCQ180B,Age when told you had heart failure,10470,187,https://wwwn.cdc.gov/Nchs/Data/Nhanes/Public/2001/DataFiles/MCQ_B.htm#MCQ180B
2001-2002,MCQ_B,MCQ180C,Age when told had coronary heart disease,10470,240,https://wwwn.cdc.gov/Nchs/Data/Nhanes/Public/2001/DataFiles/MCQ_B.htm#MCQ180C
2001-2002,MCQ_B,MCQ180D,Age when told you had angina pectoris,10470,199,https://wwwn.cdc.gov/Nchs/Data/Nhanes/Public/2001/DataFiles/MCQ_B.htm#MCQ180D
2001-2002,MCQ_B,MCQ180E,Age when told you had heart attack,10470,258,https://wwwn.cdc.gov/Nchs/Data/Nhanes/Public/2001/DataFiles/MCQ_B.htm#MCQ180E
2001-2002,MCQ_B,MCQ180F,Age when told you had a stroke,10470,204,https://wwwn.cdc.gov/Nchs/Data/Nhanes/Public/2001/DataFiles/MCQ_B.htm#MCQ180F
2001-2002,MCQ_B,MCQ180G,Age when told you had emphysema,10470,96,https://wwwn.cdc.gov/Nchs/Data/Nhanes/Public/2001/DataFiles/MCQ_B.htm#MCQ180G
2001-2002,MCQ_B,MCQ180K,Age when told you had chronic bronchitis,10470,291,https://wwwn.cdc.gov/Nchs/Data/Nhanes/Public/2001/DataFiles/MCQ_B.htm#MCQ180K
2001-2002,MCQ_B,MCQ180L,Age when told you had a liver condition,10470,158,https://wwwn.cdc.gov/Nchs/Data/Nhanes/Public/2001/DataFiles/MCQ_B.htm#MCQ180L
2001-2002,MCQ_B,MCD180M,Age when told you had a thyroid problem,10470,434,https://wwwn.cdc.gov/Nchs/Data/Nhanes/Public/2001/DataFiles/MCQ_B.htm#MCD180M
2001-2002,MCQ_B,MCQ190,Which type of arthritis,10470,1330,https://wwwn.cdc.gov/Nchs/Data/Nhanes/Public/2001/DataFiles/MCQ_B.htm#MCQ190
2001-2002,MCQ_B,MCQ220,Ever told you had cancer or malignancy,10470,5410,https://wwwn.cdc.gov/Nchs/Data/Nhanes/Public/2001/DataFiles/MCQ_B.htm#MCQ220
2001-2002,MCQ_B,MCQ230A,What kind of cancer,10470,520,https://wwwn.cdc.gov/Nchs/Data/Nhanes/Public/2001/DataFiles/MCQ_B.htm#MCQ230A
2001-2002,MCQ_B,MCQ230B,What kind of cancer,10470,56,https://wwwn.cdc.gov/Nchs/Data/Nhanes/Public/2001/DataFiles/MCQ_B.htm#MCQ230B
2001-2002,MCQ_B,MCQ230C,What kind of cancer,10470,4,https://wwwn.cdc.gov/Nchs/Data/Nhanes/Public/2001/DataFiles/MCQ_B.htm#MCQ230C
2001-2002,MCQ_B,MCQ230D,What kind of cancer,10470,0,https://wwwn.cdc.gov/Nchs/Data/Nhanes/Public/2001/DataFiles/MCQ_B.htm#MCQ230D
2001-2002,MCQ_B,MCQ240A,Age when bladder cancer first diagnosed,10470,14,https://wwwn.cdc.gov/Nchs/Data/Nhanes/Public/2001/DataFiles/MCQ_B.htm#MCQ240A
2001-2002,MCQ_B,MCQ240B,Age when blood cancer first diagnosed,10470,1,https://wwwn.cdc.gov/Nchs/Data/Nhanes/Public/2001/DataFiles/MCQ_B.htm#MCQ240B
2001-2002,MCQ_B,MCQ240C,Age when bone cancer first diagnosed,10470,9,https://wwwn.cdc.gov/Nchs/Data/Nhanes/Public/2001/DataFiles/MCQ_B.htm#MCQ240C
2001-2002,MCQ_B,MCQ240D,Age when brain cancer first diagnosed,10470,3,https://wwwn.cdc.gov/Nchs/Data/Nhanes/Public/2001/DataFiles/MCQ_B.htm#MCQ240D
2001-2002,MCQ_B,MCQ240E,Age when breast cancer first diagnosed,10470,74,https://wwwn.cdc.gov/Nchs/Data/Nhanes/Public/2001/DataFiles/MCQ_B.htm#MCQ240E
2001-2002,MCQ_B,MCQ240F,Age when cervical cancer first diagnosed,10470,34,https://wwwn.cdc.gov/Nchs/Data/Nhanes/Public/2001/DataFiles/MCQ_B.htm#MCQ240F
2001-2002,MCQ_B,MCQ240G,Age when colon cancer first diagnosed,10470,41,https://wwwn.cdc.gov/Nchs/Data/Nhanes/Public/2001/DataFiles/MCQ_B.htm#MCQ240G
2001-2002,MCQ_B,MCQ240H,Age esophageal cancer first diagnosed,10470,1,https://wwwn.cdc.gov/Nchs/Data/Nhanes/Public/2001/DataFiles/MCQ_B.htm#MCQ240H
2001-2002,MCQ_B,MCQ240I,Age gallbladder cancer first diagnosed,10470,0,https://wwwn.cdc.gov/Nchs/Data/Nhanes/Public/2001/DataFiles/MCQ_B.htm#MCQ240I
2001-2002,MCQ_B,MCQ240J,Age when kidney cancer first diagnosed,10470,13,https://wwwn.cdc.gov/Nchs/Data/Nhanes/Public/2001/DataFiles/MCQ_B.htm#MCQ240J
2001-2002,MCQ_B,MCQ240K,Age larynx/windpipe cancer diagnosed,10470,6,https://wwwn.cdc.gov/Nchs/Data/Nhanes/Public/2001/DataFiles/MCQ_B.htm#MCQ240K
2001-2002,MCQ_B,MCQ240L,Age when leukemia first diagnosed,10470,2,https://wwwn.cdc.gov/Nchs/Data/Nhanes/Public/2001/DataFiles/MCQ_B.htm#MCQ240L
2001-2002,MCQ_B,MCQ240M,Age when liver cancer first diagnosed,10470,3,https://wwwn.cdc.gov/Nchs/Data/Nhanes/Public/2001/DataFiles/MCQ_B.htm#MCQ240M
2001-2002,MCQ_B,MCQ240N,Age when lung cancer first diagnosed,10470,22,https://wwwn.cdc.gov/Nchs/Data/Nhanes/Public/2001/DataFiles/MCQ_B.htm#MCQ240N
2001-2002,MCQ_B,MCQ240O,Age lymphoma/Hodgkin's diagnosed,10470,9,https://wwwn.cdc.gov/Nchs/Data/Nhanes/Public/2001/DataFiles/MCQ_B.htm#MCQ240O
2001-2002,MCQ_B,MCQ240P,Age when melanoma first diagnosed,10470,20,https://wwwn.cdc.gov/Nchs/Data/Nhanes/Public/2001/DataFiles/MCQ_B.htm#MCQ240P
2001-2002,MCQ_B,MCQ240Q,Age mouth\tongue\lip cancer diagnosed,10470,2,https://wwwn.cdc.gov/Nchs/Data/Nhanes/Public/2001/DataFiles/MCQ_B.htm#MCQ240Q
2001-2002,MCQ_B,MCQ240R,Age nervous system cancer diagnosed,10470,0,https://wwwn.cdc.gov/Nchs/Data/Nhanes/Public/2001/DataFiles/MCQ_B.htm#MCQ240R
2001-2002,MCQ_B,MCQ240S,Age when ovarian cancer first diagnosed,10470,8,https://wwwn.cdc.gov/Nchs/Data/Nhanes/Public/2001/DataFiles/MCQ_B.htm#MCQ240S
2001-2002,MCQ_B,MCQ240T,Age pancreatic cancer first diagnosed,10470,1,https://wwwn.cdc.gov/Nchs/Data/Nhanes/Public/2001/DataFiles/MCQ_B.htm#MCQ240T
2001-2002,MCQ_B,MCQ240U,Age prostate cancer first diagnosed,10470,86,https://wwwn.cdc.gov/Nchs/Data/Nhanes/Public/2001/DataFiles/MCQ_B.htm#MCQ240U
2001-2002,MCQ_B,MCQ240V,Age when rectal cancer first diagnosed,10470,6,https://wwwn.cdc.gov/Nchs/Data/Nhanes/Public/2001/DataFiles/MCQ_B.htm#MCQ240V
2001-2002,MCQ_B,MCQ240W,Age non-melanoma skin cancer diagnosed,10470,92,https://wwwn.cdc.gov/Nchs/Data/Nhanes/Public/2001/DataFiles/MCQ_B.htm#MCQ240W
2001-2002,MCQ_B,MCQ240X,Age unknown skin cancer first diagnosed,10470,50,https://wwwn.cdc.gov/Nchs/Data/Nhanes/Public/2001/DataFiles/MCQ_B.htm#MCQ240X
2001-2002,MCQ_B,MCQ240Y,Age soft tissue cancer first diagnosed,10470,3,https://wwwn.cdc.gov/Nchs/Data/Nhanes/Public/2001/DataFiles/MCQ_B.htm#MCQ240Y
2001-2002,MCQ_B,MCQ240Z,Age stomach cancer first diagnosed,10470,5,https://wwwn.cdc.gov/Nchs/Data/Nhanes/Public/2001/DataFiles/MCQ_B.htm#MCQ240Z
2001-2002,MCQ_B,MCQ240AA,Age testicular cancer first diagnosed,10470,4,https://wwwn.cdc.gov/Nchs/Data/Nhanes/Public/2001/DataFiles/MCQ_B.htm#MCQ240AA
2001-2002,MCQ_B,MCQ240BB,Age when thyroid cancer first diagnosed,10470,8,https://wwwn.cdc.gov/Nchs/Data/Nhanes/Public/2001/DataFiles/MCQ_B.htm#MCQ240BB
2001-2002,MCQ_B,MCQ240CC,Age when uterine cancer first diagnosed,10470,29,https://wwwn.cdc.gov/Nchs/Data/Nhanes/Public/2001/DataFiles/MCQ_B.htm#MCQ240CC
2001-2002,MCQ_B,MCQ240DD,Age other type of cancer first diagnosed,10470,33,https://wwwn.cdc.gov/Nchs/Data/Nhanes/Public/2001/DataFiles/MCQ_B.htm#MCQ240DD
2001-2002,MCQ_B,MCQ245A,Work days missed for illness/maternity,10470,6633,https://wwwn.cdc.gov/Nchs/Data/Nhanes/Public/2001/DataFiles/MCQ_B.htm#MCQ245A
2001-2002,MCQ_B,MCQ245B,# of workdays missed,10470,4006,https://wwwn.cdc.gov/Nchs/Data/Nhanes/Public/2001/DataFiles/MCQ_B.htm#MCQ245B
2001-2002,MCQ_B,MCQ250A,Blood relatives have diabetes,10470,5410,https://wwwn.cdc.gov/Nchs/Data/Nhanes/Public/2001/DataFiles/MCQ_B.htm#MCQ250A
2001-2002,MCQ_B,MCQ250B,Blood relatives have Alzheimer's,10470,5410,https://wwwn.cdc.gov/Nchs/Data/Nhanes/Public/2001/DataFiles/MCQ_B.htm#MCQ250B
2001-2002,MCQ_B,MCQ250C,Blood relatives have asthma,10470,5410,https://wwwn.cdc.gov/Nchs/Data/Nhanes/Public/2001/DataFiles/MCQ_B.htm#MCQ250C
2001-2002,MCQ_B,MCQ250E,Blood relatives have osteoporosis,10470,5410,https://wwwn.cdc.gov/Nchs/Data/Nhanes/Public/2001/DataFiles/MCQ_B.htm#MCQ250E
2001-2002,MCQ_B,MCQ250F,Blood relatives w/hypertension/stroke,10470,5410,https://wwwn.cdc.gov/Nchs/Data/Nhanes/Public/2001/DataFiles/MCQ_B.htm#MCQ250F
2001-2002,MCQ_B,MCQ250G,Blood relatives have angina,10470,5410,https://wwwn.cdc.gov/Nchs/Data/Nhanes/Public/2001/DataFiles/MCQ_B.htm#MCQ250G
2001-2002,MCQ_B,MCQ260AA,Blood relative-diabetes-mother,10470,851,https://wwwn.cdc.gov/Nchs/Data/Nhanes/Public/2001/DataFiles/MCQ_B.htm#MCQ260AA
2001-2002,MCQ_B,MCQ260AB,Blood relative-diabetes-father,10470,590,https://wwwn.cdc.gov/Nchs/Data/Nhanes/Public/2001/DataFiles/MCQ_B.htm#MCQ260AB
2001-2002,MCQ_B,MCQ260AC,Blood relative-diabetes-mother's mother,10470,446,https://wwwn.cdc.gov/Nchs/Data/Nhanes/Public/2001/DataFiles/MCQ_B.htm#MCQ260AC
2001-2002,MCQ_B,MCQ260AD,Blood relative-diabetes-mother's father,10470,228,https://wwwn.cdc.gov/Nchs/Data/Nhanes/Public/2001/DataFiles/MCQ_B.htm#MCQ260AD
2001-2002,MCQ_B,MCQ260AE,Blood relative-diabetes-father's mother,10470,279,https://wwwn.cdc.gov/Nchs/Data/Nhanes/Public/2001/DataFiles/MCQ_B.htm#MCQ260AE
2001-2002,MCQ_B,MCQ260AF,Blood relative-diabetes-father's father,10470,168,https://wwwn.cdc.gov/Nchs/Data/Nhanes/Public/2001/DataFiles/MCQ_B.htm#MCQ260AF
2001-2002,MCQ_B,MCQ260AG,Blood relative-diabetes-brother,10470,385,https://wwwn.cdc.gov/Nchs/Data/Nhanes/Public/2001/DataFiles/MCQ_B.htm#MCQ260AG
2001-2002,MCQ_B,MCQ260AH,Blood relative-diabetes-sister,10470,437,https://wwwn.cdc.gov/Nchs/Data/Nhanes/Public/2001/DataFiles/MCQ_B.htm#MCQ260AH
2001-2002,MCQ_B,MCQ260AI,Blood relative-diabetes-other,10470,620,https://wwwn.cdc.gov/Nchs/Data/Nhanes/Public/2001/DataFiles/MCQ_B.htm#MCQ260AI
2001-2002,MCQ_B,MCQ260BA,Blood relative-Alzheimer's-mother,10470,117,https://wwwn.cdc.gov/Nchs/Data/Nhanes/Public/2001/DataFiles/MCQ_B.htm#MCQ260BA
2001-2002,MCQ_B,MCQ260BB,Blood relative-Alzheimer's-father,10470,73,https://wwwn.cdc.gov/Nchs/Data/Nhanes/Public/2001/DataFiles/MCQ_B.htm#MCQ260BB
2001-2002,MCQ_B,MCQ260BC,Blood relative-Alzheimer's-mom's mother,10470,110,https://wwwn.cdc.gov/Nchs/Data/Nhanes/Public/2001/DataFiles/MCQ_B.htm#MCQ260BC
2001-2002,MCQ_B,MCQ260BD,Blood relative-Alzheimer's-mom's father,10470,60,https://wwwn.cdc.gov/Nchs/Data/Nhanes/Public/2001/DataFiles/MCQ_B.htm#MCQ260BD
2001-2002,MCQ_B,MCQ260BE,Blood relative-Alzheimer's-dad's mother,10470,82,https://wwwn.cdc.gov/Nchs/Data/Nhanes/Public/2001/DataFiles/MCQ_B.htm#MCQ260BE
2001-2002,MCQ_B,MCQ260BF,Blood relative-Alzheimer's-dad's father,10470,38,https://wwwn.cdc.gov/Nchs/Data/Nhanes/Public/2001/DataFiles/MCQ_B.htm#MCQ260BF
2001-2002,MCQ_B,MCQ260BG,Blood relative-Alzheimer's-brother,10470,27,https://wwwn.cdc.gov/Nchs/Data/Nhanes/Public/2001/DataFiles/MCQ_B.htm#MCQ260BG
2001-2002,MCQ_B,MCQ260BH,Blood relative-Alzheimer's-sister,10470,27,https://wwwn.cdc.gov/Nchs/Data/Nhanes/Public/2001/DataFiles/MCQ_B.htm#MCQ260BH
2001-2002,MCQ_B,MCQ260BI,Blood relative-Alzheimer's-other,10470,118,https://wwwn.cdc.gov/Nchs/Data/Nhanes/Public/2001/DataFiles/MCQ_B.htm#MCQ260BI
2001-2002,MCQ_B,MCQ260CA,Blood relative-asthma-mother,10470,269,https://wwwn.cdc.gov/Nchs/Data/Nhanes/Public/2001/DataFiles/MCQ_B.htm#MCQ260CA
2001-2002,MCQ_B,MCQ260CB,Blood relative-asthma-father,10470,160,https://wwwn.cdc.gov/Nchs/Data/Nhanes/Public/2001/DataFiles/MCQ_B.htm#MCQ260CB
2001-2002,MCQ_B,MCQ260CC,Blood relative-asthma-mother's mother,10470,69,https://wwwn.cdc.gov/Nchs/Data/Nhanes/Public/2001/DataFiles/MCQ_B.htm#MCQ260CC
2001-2002,MCQ_B,MCQ260CD,Blood relative-asthma-mother's father,10470,35,https://wwwn.cdc.gov/Nchs/Data/Nhanes/Public/2001/DataFiles/MCQ_B.htm#MCQ260CD
2001-2002,MCQ_B,MCQ260CE,Blood relative-asthma-father's mother,10470,38,https://wwwn.cdc.gov/Nchs/Data/Nhanes/Public/2001/DataFiles/MCQ_B.htm#MCQ260CE
2001-2002,MCQ_B,MCQ260CF,Blood relative-asthma-father's father,10470,35,https://wwwn.cdc.gov/Nchs/Data/Nhanes/Public/2001/DataFiles/MCQ_B.htm#MCQ260CF
2001-2002,MCQ_B,MCQ260CG,Blood relative-asthma-brother,10470,235,https://wwwn.cdc.gov/Nchs/Data/Nhanes/Public/2001/DataFiles/MCQ_B.htm#MCQ260CG
2001-2002,MCQ_B,MCQ260CH,Blood relative-asthma-sister,10470,258,https://wwwn.cdc.gov/Nchs/Data/Nhanes/Public/2001/DataFiles/MCQ_B.htm#MCQ260CH
2001-2002,MCQ_B,MCQ260CI,Blood relative-asthma-other,10470,336,https://wwwn.cdc.gov/Nchs/Data/Nhanes/Public/2001/DataFiles/MCQ_B.htm#MCQ260CI
2001-2002,MCQ_B,MCQ260EA,Blood relative-osteoporosis-mother,10470,323,https://wwwn.cdc.gov/Nchs/Data/Nhanes/Public/2001/DataFiles/MCQ_B.htm#MCQ260EA
2001-2002,MCQ_B,MCQ260EB,Blood relative-osteoporosis-father,10470,29,https://wwwn.cdc.gov/Nchs/Data/Nhanes/Public/2001/DataFiles/MCQ_B.htm#MCQ260EB
2001-2002,MCQ_B,MCQ260EC,Blood relative-osteoporosis-mom's mother,10470,147,https://wwwn.cdc.gov/Nchs/Data/Nhanes/Public/2001/DataFiles/MCQ_B.htm#MCQ260EC
2001-2002,MCQ_B,MCQ260ED,Blood relative-osteoporosis-mom's father,10470,8,https://wwwn.cdc.gov/Nchs/Data/Nhanes/Public/2001/DataFiles/MCQ_B.htm#MCQ260ED
2001-2002,MCQ_B,MCQ260EE,Blood relative-osteoporosis-dad's mother,10470,55,https://wwwn.cdc.gov/Nchs/Data/Nhanes/Public/2001/DataFiles/MCQ_B.htm#MCQ260EE
2001-2002,MCQ_B,MCQ260EF,Blood relative-osteoporosis-dad's father,10470,4,https://wwwn.cdc.gov/Nchs/Data/Nhanes/Public/2001/DataFiles/MCQ_B.htm#MCQ260EF
2001-2002,MCQ_B,MCQ260EG,Blood relative-osteoporosis-brother,10470,13,https://wwwn.cdc.gov/Nchs/Data/Nhanes/Public/2001/DataFiles/MCQ_B.htm#MCQ260EG
2001-2002,MCQ_B,MCQ260EH,Blood relative-osteoporosis-sister,10470,94,https://wwwn.cdc.gov/Nchs/Data/Nhanes/Public/2001/DataFiles/MCQ_B.htm#MCQ260EH
2001-2002,MCQ_B,MCQ260EI,Blood relative-osteoporosis-other,10470,66,https://wwwn.cdc.gov/Nchs/Data/Nhanes/Public/2001/DataFiles/MCQ_B.htm#MCQ260EI
2001-2002,MCQ_B,MCQ260FA,Blood relative-hypertension-mother,10470,686,https://wwwn.cdc.gov/Nchs/Data/Nhanes/Public/2001/DataFiles/MCQ_B.htm#MCQ260FA
2001-2002,MCQ_B,MCQ260FB,Blood relative-hypertension-father,10470,522,https://wwwn.cdc.gov/Nchs/Data/Nhanes/Public/2001/DataFiles/MCQ_B.htm#MCQ260FB
2001-2002,MCQ_B,MCQ260FC,Blood relative-hypertension-mom's mother,10470,179,https://wwwn.cdc.gov/Nchs/Data/Nhanes/Public/2001/DataFiles/MCQ_B.htm#MCQ260FC
2001-2002,MCQ_B,MCQ260FD,Blood relative-hypertension-mom's father,10470,101,https://wwwn.cdc.gov/Nchs/Data/Nhanes/Public/2001/DataFiles/MCQ_B.htm#MCQ260FD
2001-2002,MCQ_B,MCQ260FE,Blood relative-hypertension-dad's mother,10470,67,https://wwwn.cdc.gov/Nchs/Data/Nhanes/Public/2001/DataFiles/MCQ_B.htm#MCQ260FE
2001-2002,MCQ_B,MCQ260FF,Blood relative-hypertension-dad's father,10470,66,https://wwwn.cdc.gov/Nchs/Data/Nhanes/Public/2001/DataFiles/MCQ_B.htm#MCQ260FF
2001-2002,MCQ_B,MCQ260FG,Blood relative-hypertension-brother,10470,194,https://wwwn.cdc.gov/Nchs/Data/Nhanes/Public/2001/DataFiles/MCQ_B.htm#MCQ260FG
2001-2002,MCQ_B,MCQ260FH,Blood relative-hypertension-sister,10470,195,https://wwwn.cdc.gov/Nchs/Data/Nhanes/Public/2001/DataFiles/MCQ_B.htm#MCQ260FH
2001-2002,MCQ_B,MCQ260FI,Blood relative-hypertension-other,10470,146,https://wwwn.cdc.gov/Nchs/Data/Nhanes/Public/2001/DataFiles/MCQ_B.htm#MCQ260FI
2001-2002,MCQ_B,MCQ260GA,Blood relative-heart attack-mother,10470,124,https://wwwn.cdc.gov/Nchs/Data/Nhanes/Public/2001/DataFiles/MCQ_B.htm#MCQ260GA
2001-2002,MCQ_B,MCQ260GB,Blood relative-heart attack-father,10470,226,https://wwwn.cdc.gov/Nchs/Data/Nhanes/Public/2001/DataFiles/MCQ_B.htm#MCQ260GB
2001-2002,MCQ_B,MCQ260GC,Blood relative-heart attack-mom's mother,10470,30,https://wwwn.cdc.gov/Nchs/Data/Nhanes/Public/2001/DataFiles/MCQ_B.htm#MCQ260GC
2001-2002,MCQ_B,MCQ260GD,Blood relative-heart attack-mom's father,10470,52,https://wwwn.cdc.gov/Nchs/Data/Nhanes/Public/2001/DataFiles/MCQ_B.htm#MCQ260GD
2001-2002,MCQ_B,MCQ260GE,Blood relative-heart attack-dad's mother,10470,19,https://wwwn.cdc.gov/Nchs/Data/Nhanes/Public/2001/DataFiles/MCQ_B.htm#MCQ260GE
2001-2002,MCQ_B,MCQ260GF,Blood relative-heart attack-dad's father,10470,46,https://wwwn.cdc.gov/Nchs/Data/Nhanes/Public/2001/DataFiles/MCQ_B.htm#MCQ260GF
2001-2002,MCQ_B,MCQ260GG,Blood relative-heart attack-brother,10470,88,https://wwwn.cdc.gov/Nchs/Data/Nhanes/Public/2001/DataFiles/MCQ_B.htm#MCQ260GG
2001-2002,MCQ_B,MCQ260GH,Blood relative-heart attack-sister,10470,27,https://wwwn.cdc.gov/Nchs/Data/Nhanes/Public/2001/DataFiles/MCQ_B.htm#MCQ260GH
2001-2002,MCQ_B,MCQ260GI,Blood relative-heart attack-other,10470,95,https://wwwn.cdc.gov/Nchs/Data/Nhanes/Public/2001/DataFiles/MCQ_B.htm#MCQ260GI
2001-2002,MCQ_B,MCQ270,Your mother ever fracture hip,10470,5410,https://wwwn.cdc.gov/Nchs/Data/Nhanes/Public/2001/DataFiles/MCQ_B.htm#MCQ270
2001-2002,MCQ_B,MCQ280,Mother's age when fractured hip,10470,306,https://wwwn.cdc.gov/Nchs/Data/Nhanes/Public/2001/DataFiles/MCQ_B.htm#MCQ280
2001-2002,MCQ_B,MCQ290,Mother under/over 50 when fracture hip,10470,13,https://wwwn.cdc.gov/Nchs/Data/Nhanes/Public/2001/DataFiles/MCQ_B.htm#MCQ290
2001-2002,PAQ_B,SEQN,Respondent sequence number,10094,10094,https://wwwn.cdc.gov/Nchs/Data/Nhanes/Public/2001/DataFiles/PAQ_B.htm#SEQN
2001-2002,PAQ_B,PAD020,Walked or bicycled over past 30 days,10094,7786,https://wwwn.cdc.gov/Nchs/Data/Nhanes/Public/2001/DataFiles/PAQ_B.htm#PAD020
2001-2002,PAQ_B,PAQ050Q,# times walked or bicycled,10094,2263,https://wwwn.cdc.gov/Nchs/Data/Nhanes/Public/2001/DataFiles/PAQ_B.htm#PAQ050Q
2001-2002,PAQ_B,PAQ050U,Unit of measure (day/week/month),10094,2262,https://wwwn.cdc.gov/Nchs/Data/Nhanes/Public/2001/DataFiles/PAQ_B.htm#PAQ050U
2001-2002,PAQ_B,PAD080,How long per day (minutes),10094,2259,https://wwwn.cdc.gov/Nchs/Data/Nhanes/Public/2001/DataFiles/PAQ_B.htm#PAD080
2001-2002,PAQ_B,PAQ100,Tasks around home/yard past 30 days,10094,6630,https://wwwn.cdc.gov/Nchs/Data/Nhanes/Public/2001/DataFiles/PAQ_B.htm#PAQ100
2001-2002,PAQ_B,PAD120,# of times past 30 days,10094,3489,https://wwwn.cdc.gov/Nchs/Data/Nhanes/Public/2001/DataFiles/PAQ_B.htm#PAD120
2001-2002,PAQ_B,PAD160,How long each time (minutes),10094,3482,https://wwwn.cdc.gov/Nchs/Data/Nhanes/Public/2001/DataFiles/PAQ_B.htm#PAD160
2001-2002,PAQ_B,PAQ180,Avg level of physical activity each day,10094,6630,https://wwwn.cdc.gov/Nchs/Data/Nhanes/Public/2001/DataFiles/PAQ_B.htm#PAQ180
2001-2002,PAQ_B,PAD200,Vigorous activity over past 30 days,10094,7786,https://wwwn.cdc.gov/Nchs/Data/Nhanes/Public/2001/DataFiles/PAQ_B.htm#PAD200
2001-2002,PAQ_B,PAD320,Moderate activity over past 30 days,10094,7784,https://wwwn.cdc.gov/Nchs/Data/Nhanes/Public/2001/DataFiles/PAQ_B.htm#PAD320
2001-2002,PAQ_B,PAD440,Muscle strengthening activities,10094,7784,https://wwwn.cdc.gov/Nchs/Data/Nhanes/Public/2001/DataFiles/PAQ_B.htm#PAD440
2001-2002,PAQ_B,PAD460,Number of times past 30 days,10094,2635,https://wwwn.cdc.gov/Nchs/Data/Nhanes/Public/2001/DataFiles/PAQ_B.htm#PAD460
2001-2002,PAQ_B,PAD480,"Daily hours of TV, video or computer use",10094,6624,https://wwwn.cdc.gov/Nchs/Data/Nhanes/Public/2001/DataFiles/PAQ_B.htm#PAD480
2001-2002,PAQ_B,PAQ500,Activity comparison last mo - last yr,10094,7784,https://wwwn.cdc.gov/Nchs/Data/Nhanes/Public/2001/DataFiles/PAQ_B.htm#PAQ500
2001-2002,PAQ_B,PAQ520,Compare activity w/others same age,10094,7784,https://wwwn.cdc.gov/Nchs/Data/Nhanes/Public/2001/DataFiles/PAQ_B.htm#PAQ520
2001-2002,PAQ_B,PAQ540,Compare activity with 10 years ago,10094,4389,https://wwwn.cdc.gov/Nchs/Data/Nhanes/Public/2001/DataFiles/PAQ_B.htm#PAQ540
2001-2002,PAQ_B,PAQ560,# time/week you play or exercise hard,10094,2229,https://wwwn.cdc.gov/Nchs/Data/Nhanes/Public/2001/DataFiles/PAQ_B.htm#PAQ560
2001-2002,PAQ_B,PAD590,# hours watch TV or videos past 30 days,10094,3383,https://wwwn.cdc.gov/Nchs/Data/Nhanes/Public/2001/DataFiles/PAQ_B.htm#PAD590
2001-2002,PAQ_B,PAD600,# of hours use computer past 30 days,10094,3383,https://wwwn.cdc.gov/Nchs/Data/Nhanes/Public/2001/DataFiles/PAQ_B.htm#PAD600
2001-2002,PFQ_B,SEQN,Respondent sequence number,10470,10470,https://wwwn.cdc.gov/Nchs/Data/Nhanes/Public/2001/DataFiles/PFQ_B.htm#SEQN
2001-2002,PFQ_B,PFQ010,"Physical, mental, emotional limitations",10470,1133,https://wwwn.cdc.gov/Nchs/Data/Nhanes/Public/2001/DataFiles/PFQ_B.htm#PFQ010
2001-2002,PFQ_B,PFQ015,Able to take part in most type of play,10470,28,https://wwwn.cdc.gov/Nchs/Data/Nhanes/Public/2001/DataFiles/PFQ_B.htm#PFQ015
2001-2002,PFQ_B,PFQ020,"Crawl, walk, run, play limitations",10470,5058,https://wwwn.cdc.gov/Nchs/Data/Nhanes/Public/2001/DataFiles/PFQ_B.htm#PFQ020
2001-2002,PFQ_B,PFQ030,Long term impairment/health problem,10470,200,https://wwwn.cdc.gov/Nchs/Data/Nhanes/Public/2001/DataFiles/PFQ_B.htm#PFQ030
2001-2002,PFQ_B,PFQ048,Limitations keeping you from working,10470,5410,https://wwwn.cdc.gov/Nchs/Data/Nhanes/Public/2001/DataFiles/PFQ_B.htm#PFQ048
2001-2002,PFQ_B,PFQ050,Limited in amount of work you can do,10470,654,https://wwwn.cdc.gov/Nchs/Data/Nhanes/Public/2001/DataFiles/PFQ_B.htm#PFQ050
2001-2002,PFQ_B,PFQ055,Need special equipment to walk,10470,654,https://wwwn.cdc.gov/Nchs/Data/Nhanes/Public/2001/DataFiles/PFQ_B.htm#PFQ055
2001-2002,PFQ_B,PFQ056,Experience confusion/memory problems,10470,5410,https://wwwn.cdc.gov/Nchs/Data/Nhanes/Public/2001/DataFiles/PFQ_B.htm#PFQ056
2001-2002,PFQ_B,PFQ059,"Physical, mental, emotional limitations",10470,4531,https://wwwn.cdc.gov/Nchs/Data/Nhanes/Public/2001/DataFiles/PFQ_B.htm#PFQ059
2001-2002,PFQ_B,PFQ060A,Managing money difficulty,10470,2440,https://wwwn.cdc.gov/Nchs/Data/Nhanes/Public/2001/DataFiles/PFQ_B.htm#PFQ060A
2001-2002,PFQ_B,PFQ060B,Walking for a quarter mile difficulty,10470,2150,https://wwwn.cdc.gov/Nchs/Data/Nhanes/Public/2001/DataFiles/PFQ_B.htm#PFQ060B
2001-2002,PFQ_B,PFQ060C,Walking up ten steps difficulty,10470,2150,https://wwwn.cdc.gov/Nchs/Data/Nhanes/Public/2001/DataFiles/PFQ_B.htm#PFQ060C
2001-2002,PFQ_B,PFQ060D,"Stooping, crouching, kneeling difficulty",10470,2440,https://wwwn.cdc.gov/Nchs/Data/Nhanes/Public/2001/DataFiles/PFQ_B.htm#PFQ060D
2001-2002,PFQ_B,PFQ060E,Lifting or carrying difficulty,10470,2440,https://wwwn.cdc.gov/Nchs/Data/Nhanes/Public/2001/DataFiles/PFQ_B.htm#PFQ060E
2001-2002,PFQ_B,PFQ060F,House chore difficulty,10470,2440,https://wwwn.cdc.gov/Nchs/Data/Nhanes/Public/2001/DataFiles/PFQ_B.htm#PFQ060F
2001-2002,PFQ_B,PFQ060G,Preparing meals difficulty,10470,2440,https://wwwn.cdc.gov/Nchs/Data/Nhanes/Public/2001/DataFiles/PFQ_B.htm#PFQ060G
2001-2002,PFQ_B,PFQ060H,Walking between rooms on same floor,10470,2440,https://wwwn.cdc.gov/Nchs/Data/Nhanes/Public/2001/DataFiles/PFQ_B.htm#PFQ060H
2001-2002,PFQ_B,PFQ060I,Standingup from armless chair difficulty,10470,2440,https://wwwn.cdc.gov/Nchs/Data/Nhanes/Public/2001/DataFiles/PFQ_B.htm#PFQ060I
2001-2002,PFQ_B,PFQ060J,Getting in and out of bed difficulty,10470,2440,https://wwwn.cdc.gov/Nchs/Data/Nhanes/Public/2001/DataFiles/PFQ_B.htm#PFQ060J
2001-2002,PFQ_B,PFQ060K,"Using fork, knife, drinking from cup",10470,2440,https://wwwn.cdc.gov/Nchs/Data/Nhanes/Public/2001/DataFiles/PFQ_B.htm#PFQ060K
2001-2002,PFQ_B,PFQ060L,Dressing yourself difficulty,10470,2440,https://wwwn.cdc.gov/Nchs/Data/Nhanes/Public/2001/DataFiles/PFQ_B.htm#PFQ060L
2001-2002,PFQ_B,PFQ060M,Standing for long periods difficulty,10470,2440,https://wwwn.cdc.gov/Nchs/Data/Nhanes/Public/2001/DataFiles/PFQ_B.htm#PFQ060M
2001-2002,PFQ_B,PFQ060N,Sitting for long periods difficulty,10470,2440,https://wwwn.cdc.gov/Nchs/Data/Nhanes/Public/2001/DataFiles/PFQ_B.htm#PFQ060N
2001-2002,PFQ_B,PFQ060O,Reaching up over head difficulty,10470,2440,https://wwwn.cdc.gov/Nchs/Data/Nhanes/Public/2001/DataFiles/PFQ_B.htm#PFQ060O
2001-2002,PFQ_B,PFQ060P,Grasp/holding small objects difficulty,10470,2440,https://wwwn.cdc.gov/Nchs/Data/Nhanes/Public/2001/DataFiles/PFQ_B.htm#PFQ060P
2001-2002,PFQ_B,PFQ060Q,"Going out to movies, events difficulty",10470,2440,https://wwwn.cdc.gov/Nchs/Data/Nhanes/Public/2001/DataFiles/PFQ_B.htm#PFQ060Q
2001-2002,PFQ_B,PFQ060R,Attending social event difficulty,10470,2440,https://wwwn.cdc.gov/Nchs/Data/Nhanes/Public/2001/DataFiles/PFQ_B.htm#PFQ060R
2001-2002,PFQ_B,PFQ060S,Leisure activity at home difficulty,10470,2440,https://wwwn.cdc.gov/Nchs/Data/Nhanes/Public/2001/DataFiles/PFQ_B.htm#PFQ060S
2001-2002,PFQ_B,PFQ090,Require special healthcare equipment,10470,5410,https://wwwn.cdc.gov/Nchs/Data/Nhanes/Public/2001/DataFiles/PFQ_B.htm#PFQ090
2001-2002,RXQ_RX_B,SEQN,Respondent sequence number,18418,18418,https://wwwn.cdc.gov/Nchs/Data/Nhanes/Public/2001/DataFiles/RXQ_RX_B.htm#SEQN
2001-2002,RXQ_RX_B,RXD030,"Taken prescription medicine, past month",18418,18414,https://wwwn.cdc.gov/Nchs/Data/Nhanes/Public/2001/DataFiles/RXQ_RX_B.htm#RXD030
2001-2002,RXQ_RX_B,RXD295,Number of prescription medicines taken,18418,11554,https://wwwn.cdc.gov/Nchs/Data/Nhanes/Public/2001/DataFiles/RXQ_RX_B.htm#RXD295
2001-2002,SMQ_B,SEQN,Respondent sequence number,5411,5411,https://wwwn.cdc.gov/Nchs/Data/Nhanes/Public/2001/DataFiles/SMQ_B.htm#SEQN
2001-2002,SMQ_B,SMQ020,Smoked at least 100 cigarettes in life,5411,5407,https://wwwn.cdc.gov/Nchs/Data/Nhanes/Public/2001/DataFiles/SMQ_B.htm#SMQ020
2003-2004,ALQ_C,SEQN,Respondent sequence number,4742,4742,https://wwwn.cdc.gov/Nchs/Data/Nhanes/Public/2003/DataFiles/ALQ_C.htm#SEQN
2003-2004,ALQ_C,ALQ101,Had at least 12 alcohol drinks/1 yr?,4742,4313,https://wwwn.cdc.gov/Nchs/Data/Nhanes/Public/2003/DataFiles/ALQ_C.htm#ALQ101
2003-2004,ALQ_C,ALQ110,Had at least 12 alcohol drinks/lifetime?,4742,1357,https://wwwn.cdc.gov/Nchs/Data/Nhanes/Public/2003/DataFiles/ALQ_C.htm#ALQ110
2003-2004,ALQ_C,ALQ120Q,How often drink alcohol over past 12 mos,4742,3679,https://wwwn.cdc.gov/Nchs/Data/Nhanes/Public/2003/DataFiles/ALQ_C.htm#ALQ120Q
2003-2004,ALQ_C,ALQ120U,"# days drink alcohol per wk, mo, yr",4742,2695,https://wwwn.cdc.gov/Nchs/Data/Nhanes/Public/2003/DataFiles/ALQ_C.htm#ALQ120U
2003-2004,ALQ_C,ALQ130,Avg # alcoholic drinks/day -past 12 mos,4742,2699,https://wwwn.cdc.gov/Nchs/Data/Nhanes/Public/2003/DataFiles/ALQ_C.htm#ALQ130
2003-2004,BMX_C,SEQN,Respondent sequence number,9643,9643,https://wwwn.cdc.gov/Nchs/Data/Nhanes/Public/2003/DataFiles/BMX_C.htm#SEQN
2003-2004,BMX_C,BMXBMI,Body Mass Index (kg/m**2),9643,8687,https://wwwn.cdc.gov/Nchs/Data/Nhanes/Public/2003/DataFiles/BMX_C.htm#BMXBMI
2003-2004,BPQ_C,SEQN,Respondent sequence number,6213,6213,https://wwwn.cdc.gov/Nchs/Data/Nhanes/Public/2003/DataFiles/BPQ_C.htm#SEQN
2003-2004,BPQ_C,BPQ010,Last blood pressure reading by doctor,6213,6213,https://wwwn.cdc.gov/Nchs/Data/Nhanes/Public/2003/DataFiles/BPQ_C.htm#BPQ010
2003-2004,BPQ_C,BPQ020,Ever told you had high blood pressure,6213,6138,https://wwwn.cdc.gov/Nchs/Data/Nhanes/Public/2003/DataFiles/BPQ_C.htm#BPQ020
2003-2004,BPQ_C,BPQ030,Told had high blood pressure - 2+ times,6213,1801,https://wwwn.cdc.gov/Nchs/Data/Nhanes/Public/2003/DataFiles/BPQ_C.htm#BPQ030
2003-2004,BPQ_C,BPQ040A,Taking prescription for hypertension,6213,1801,https://wwwn.cdc.gov/Nchs/Data/Nhanes/Public/2003/DataFiles/BPQ_C.htm#BPQ040A
2003-2004,BPQ_C,BPQ040B,Told to control weight for hypertension,6213,1801,https://wwwn.cdc.gov/Nchs/Data/Nhanes/Public/2003/DataFiles/BPQ_C.htm#BPQ040B
2003-2004,BPQ_C,BPQ040C,Told to reduce sodium for hypertension,6213,1801,https://wwwn.cdc.gov/Nchs/Data/Nhanes/Public/2003/DataFiles/BPQ_C.htm#BPQ040C
2003-2004,BPQ_C,BPQ040D,Told to exercise more for hypertension,6213,1801,https://wwwn.cdc.gov/Nchs/Data/Nhanes/Public/2003/DataFiles/BPQ_C.htm#BPQ040D
2003-2004,BPQ_C,BPQ040E,Told to reduce alcohol for hypertension,6213,1801,https://wwwn.cdc.gov/Nchs/Data/Nhanes/Public/2003/DataFiles/BPQ_C.htm#BPQ040E
2003-2004,BPQ_C,BPQ040F,Told to do other things for hypertension,6213,1801,https://wwwn.cdc.gov/Nchs/Data/Nhanes/Public/2003/DataFiles/BPQ_C.htm#BPQ040F
2003-2004,BPQ_C,BPQ043A,Told to stop smoking for hypertension,6213,67,https://wwwn.cdc.gov/Nchs/Data/Nhanes/Public/2003/DataFiles/BPQ_C.htm#BPQ043A
2003-2004,BPQ_C,BPQ043B,Told to increase potassium for hyprtnsn,6213,4,https://wwwn.cdc.gov/Nchs/Data/Nhanes/Public/2003/DataFiles/BPQ_C.htm#BPQ043B
2003-2004,BPQ_C,BPQ043C,Told of other diet changes for hyprtnsn,6213,59,https://wwwn.cdc.gov/Nchs/Data/Nhanes/Public/2003/DataFiles/BPQ_C.htm#BPQ043C
2003-2004,BPQ_C,BPQ043D,Told to do other things for hyprtnsn,6213,60,https://wwwn.cdc.gov/Nchs/Data/Nhanes/Public/2003/DataFiles/BPQ_C.htm#BPQ043D
2003-2004,BPQ_C,BPQ050A,Now taking prescribed medicine,6213,1452,https://wwwn.cdc.gov/Nchs/Data/Nhanes/Public/2003/DataFiles/BPQ_C.htm#BPQ050A
2003-2004,BPQ_C,BPQ050B,Now controlling weight,6213,867,https://wwwn.cdc.gov/Nchs/Data/Nhanes/Public/2003/DataFiles/BPQ_C.htm#BPQ050B
2003-2004,BPQ_C,BPQ050C,Now reducing salt/sodium,6213,1157,https://wwwn.cdc.gov/Nchs/Data/Nhanes/Public/2003/DataFiles/BPQ_C.htm#BPQ050C
2003-2004,BPQ_C,BPQ050D,Now exercising more,6213,1095,https://wwwn.cdc.gov/Nchs/Data/Nhanes/Public/2003/DataFiles/BPQ_C.htm#BPQ050D
2003-2004,BPQ_C,BPQ050E,Now reducing alcohol consumption,6213,413,https://wwwn.cdc.gov/Nchs/Data/Nhanes/Public/2003/DataFiles/BPQ_C.htm#BPQ050E
2003-2004,BPQ_C,BPQ060,Ever had blood cholesterol checked,6213,5040,https://wwwn.cdc.gov/Nchs/Data/Nhanes/Public/2003/DataFiles/BPQ_C.htm#BPQ060
2003-2004,BPQ_C,BPQ070,When blood cholesterol last checked,6213,3486,https://wwwn.cdc.gov/Nchs/Data/Nhanes/Public/2003/DataFiles/BPQ_C.htm#BPQ070
2003-2004,BPQ_C,BPQ080,Doctor told you - high cholesterol level,6213,3486,https://wwwn.cdc.gov/Nchs/Data/Nhanes/Public/2003/DataFiles/BPQ_C.htm#BPQ080
2003-2004,BPQ_C,BPQ090A,Told to eat less fat for cholesterol,6213,1510,https://wwwn.cdc.gov/Nchs/Data/Nhanes/Public/2003/DataFiles/BPQ_C.htm#BPQ090A
2003-2004,BPQ_C,BPQ090B,Told to reduce weight for cholesterol,6213,1510,https://wwwn.cdc.gov/Nchs/Data/Nhanes/Public/2003/DataFiles/BPQ_C.htm#BPQ090B
2003-2004,BPQ_C,BPQ090C,Told to exercise more for cholesterol,6213,1510,https://wwwn.cdc.gov/Nchs/Data/Nhanes/Public/2003/DataFiles/BPQ_C.htm#BPQ090C
2003-2004,BPQ_C,BPQ090D,Told to take prescriptn for cholesterol,6213,1510,https://wwwn.cdc.gov/Nchs/Data/Nhanes/Public/2003/DataFiles/BPQ_C.htm#BPQ090D
2003-2004,BPQ_C,BPQ100A,Now eating fewer high fat foods,6213,1217,https://wwwn.cdc.gov/Nchs/Data/Nhanes/Public/2003/DataFiles/BPQ_C.htm#BPQ100A
2003-2004,BPQ_C,BPQ100B,Now controlling weight,6213,826,https://wwwn.cdc.gov/Nchs/Data/Nhanes/Public/2003/DataFiles/BPQ_C.htm#BPQ100B
2003-2004,BPQ_C,BPQ100C,Now increasing exercise,6213,992,https://wwwn.cdc.gov/Nchs/Data/Nhanes/Public/2003/DataFiles/BPQ_C.htm#BPQ100C
2003-2004,BPQ_C,BPQ100D,Now taking prescribed medicine,6213,897,https://wwwn.cdc.gov/Nchs/Data/Nhanes/Public/2003/DataFiles/BPQ_C.htm#BPQ100D
2003-2004,BPX_C,SEQN,Respondent sequence number,9643,9643,https://wwwn.cdc.gov/Nchs/Data/Nhanes/Public/2003/DataFiles/BPX_C.htm#SEQN
2003-2004,BPX_C,BPXCHR,60 sec HR (30 sec HR * 2),9643,1938,https://wwwn.cdc.gov/Nchs/Data/Nhanes/Public/2003/DataFiles/BPX_C.htm#BPXCHR
2003-2004,BPX_C,BPQ150A,Had food in the past 30 minutes?,9643,7403,https://wwwn.cdc.gov/Nchs/Data/Nhanes/Public/2003/DataFiles/BPX_C.htm#BPQ150A
2003-2004,BPX_C,BPQ150B,Had alcohol in the past 30 minutes?,9643,7403,https://wwwn.cdc.gov/Nchs/Data/Nhanes/Public/2003/DataFiles/BPX_C.htm#BPQ150B
2003-2004,BPX_C,BPQ150C,Had coffee in the past 30 minutes?,9643,7403,https://wwwn.cdc.gov/Nchs/Data/Nhanes/Public/2003/DataFiles/BPX_C.htm#BPQ150C
2003-2004,BPX_C,BPQ150D,Had cigarettes in the past 30 minutes?,9643,7403,https://wwwn.cdc.gov/Nchs/Data/Nhanes/Public/2003/DataFiles/BPX_C.htm#BPQ150D
2003-2004,BPX_C,BPXPLS,60 sec. pulse (30 sec. pulse * 2):,9643,7361,https://wwwn.cdc.gov/Nchs/Data/Nhanes/Public/2003/DataFiles/BPX_C.htm#BPXPLS
2003-2004,BPX_C,BPXDB,# of dropped beats in 30 seconds,9643,45,https://wwwn.cdc.gov/Nchs/Data/Nhanes/Public/2003/DataFiles/BPX_C.htm#BPXDB
2003-2004,BPX_C,BPXPULS,Pulse regular or irregular?,9643,9333,https://wwwn.cdc.gov/Nchs/Data/Nhanes/Public/2003/DataFiles/BPX_C.htm#BPXPULS
2003-2004,BPX_C,BPXPTY,Pulse type:,9643,7392,https://wwwn.cdc.gov/Nchs/Data/Nhanes/Public/2003/DataFiles/BPX_C.htm#BPXPTY
2003-2004,BPX_C,BPXML1,MIL: maximum inflation levels (mm Hg),9643,7277,https://wwwn.cdc.gov/Nchs/Data/Nhanes/Public/2003/DataFiles/BPX_C.htm#BPXML1
2003-2004,BPX_C,BPXSY1,Systolic: Blood pres (1st rdg) mm Hg,9643,6274,https://wwwn.cdc.gov/Nchs/Data/Nhanes/Public/2003/DataFiles/BPX_C.htm#BPXSY1
2003-2004,BPX_C,BPXDI1,Diastolic: Blood pres (1st rdg) mm Hg,9643,6274,https://wwwn.cdc.gov/Nchs/Data/Nhanes/Public/2003/DataFiles/BPX_C.htm#BPXDI1
2003-2004,BPX_C,BPXSY2,Systolic: Blood pres (2nd rdg) mm Hg,9643,5762,https://wwwn.cdc.gov/Nchs/Data/Nhanes/Public/2003/DataFiles/BPX_C.htm#BPXSY2
2003-2004,BPX_C,BPXDI2,Diastolic: Blood pres (2nd rdg) mm Hg,9643,5762,https://wwwn.cdc.gov/Nchs/Data/Nhanes/Public/2003/DataFiles/BPX_C.htm#BPXDI2
2003-2004,BPX_C,BPXSY3,Systolic: Blood pres (3rd rdg) mm Hg,9643,5658,https://wwwn.cdc.gov/Nchs/Data/Nhanes/Public/2003/DataFiles/BPX_C.htm#BPXSY3
2003-2004,BPX_C,BPXDI3,Diastolic: Blood pres (3rd rdg) mm Hg,9643,5658,https://wwwn.cdc.gov/Nchs/Data/Nhanes/Public/2003/DataFiles/BPX_C.htm#BPXDI3
2003-2004,BPX_C,BPXSY4,Systolic: Blood pres (4th rdg) mm Hg,9643,1596,https://wwwn.cdc.gov/Nchs/Data/Nhanes/Public/2003/DataFiles/BPX_C.htm#BPXSY4
2003-2004,BPX_C,BPXDI4,Diastolic: Blood pres (4th rdg) mm Hg,9643,1596,https://wwwn.cdc.gov/Nchs/Data/Nhanes/Public/2003/DataFiles/BPX_C.htm#BPXDI4
2003-2004,BPX_C,BPXSAR,,9643,7218,https://wwwn.cdc.gov/Nchs/Data/Nhanes/Public/2003/DataFiles/BPX_C.htm#BPXSAR
2003-2004,BPX_C,BPXDAR,,9643,7218,https://wwwn.cdc.gov/Nchs/Data/Nhanes/Public/2003/DataFiles/BPX_C.htm#BPXDAR
2003-2004,DEMO_C,SEQN,Respondent sequence number,10122,10122,https://wwwn.cdc.gov/Nchs/Data/Nhanes/Public/2003/DataFiles/DEMO_C.htm#SEQN
2003-2004,DEMO_C,SDDSRVYR,Data Release Number,10122,10122,https://wwwn.cdc.gov/Nchs/Data/Nhanes/Public/2003/DataFiles/DEMO_C.htm#SDDSRVYR
2003-2004,DEMO_C,RIAGENDR,Gender,10122,10122,https://wwwn.cdc.gov/Nchs/Data/Nhanes/Public/2003/DataFiles/DEMO_C.htm#RIAGENDR
2003-2004,DEMO_C,RIDAGEYR,Age at Screening Adjudicated - Recode,10122,10122,https://wwwn.cdc.gov/Nchs/Data/Nhanes/Public/2003/DataFiles/DEMO_C.htm#RIDAGEYR
2003-2004,DEMO_C,RIDRETH1,Race/Ethnicity - Recode,10122,10122,https://wwwn.cdc.gov/Nchs/Data/Nhanes/Public/2003/DataFiles/DEMO_C.htm#RIDRETH1
2003-2004,DEMO_C,DMDEDUC2,Education Level - Adults 20+,10122,5041,https://wwwn.cdc.gov/Nchs/Data/Nhanes/Public/2003/DataFiles/DEMO_C.htm#DMDEDUC2
2003-2004,DEMO_C,INDFMPIR,Family PIR,10122,9535,https://wwwn.cdc.gov/Nchs/Data/Nhanes/Public/2003/DataFiles/DEMO_C.htm#INDFMPIR
2003-2004,DEMO_C,WTINT2YR,Full Sample 2 Year Interview Weight,10122,10122,https://wwwn.cdc.gov/Nchs/Data/Nhanes/Public/2003/DataFiles/DEMO_C.htm#WTINT2YR
2003-2004,DEMO_C,WTMEC2YR,Full Sample 2 Year MEC Exam Weight,10122,10122,https://wwwn.cdc.gov/Nchs/Data/Nhanes/Public/2003/DataFiles/DEMO_C.htm#WTMEC2YR
2003-2004,DEMO_C,SDMVPSU,Masked Variance Pseudo-PSU,10122,10122,https://wwwn.cdc.gov/Nchs/Data/Nhanes/Public/2003/DataFiles/DEMO_C.htm#SDMVPSU
2003-2004,DEMO_C,SDMVSTRA,Masked Variance Pseudo-Stratum,10122,10122,https://wwwn.cdc.gov/Nchs/Data/Nhanes/Public/2003/DataFiles/DEMO_C.htm#SDMVSTRA
2003-2004,DIQ_C,SEQN,Respondent sequence number,9645,9645,https://wwwn.cdc.gov/Nchs/Data/Nhanes/Public/2003/DataFiles/DIQ_C.htm#SEQN
2003-2004,DIQ_C,DIQ010,Doctor told you have diabetes,9645,9645,https://wwwn.cdc.gov/Nchs/Data/Nhanes/Public/2003/DataFiles/DIQ_C.htm#DIQ010
2003-2004,DIQ_C,DIQ050,Taking insulin now,9645,9645,https://wwwn.cdc.gov/Nchs/Data/Nhanes/Public/2003/DataFiles/DIQ_C.htm#DIQ050
2003-2004,DIQ_C,DIQ060U,Unit of measure (month/year),9645,143,https://wwwn.cdc.gov/Nchs/Data/Nhanes/Public/2003/DataFiles/DIQ_C.htm#DIQ060U
2003-2004,DIQ_C,DIQ070,Take diabetic pills to lower blood sugar,9645,559,https://wwwn.cdc.gov/Nchs/Data/Nhanes/Public/2003/DataFiles/DIQ_C.htm#DIQ070
2003-2004,DIQ_C,DIQ080,Diabetes affected eyes/had retinopathy,9645,545,https://wwwn.cdc.gov/Nchs/Data/Nhanes/Public/2003/DataFiles/DIQ_C.htm#DIQ080
2003-2004,DIQ_C,DIQ090,Ulcer/sore not healed within 4 weeks,9645,3299,https://wwwn.cdc.gov/Nchs/Data/Nhanes/Public/2003/DataFiles/DIQ_C.htm#DIQ090
2003-2004,DIQ_C,DIQ100,Numbness in hands/feet-past 3 mos,9645,3299,https://wwwn.cdc.gov/Nchs/Data/Nhanes/Public/2003/DataFiles/DIQ_C.htm#DIQ100
2003-2004,DIQ_C,DIQ110,"Numbness in hands, feet or both",9645,775,https://wwwn.cdc.gov/Nchs/Data/Nhanes/Public/2003/DataFiles/DIQ_C.htm#DIQ110
2003-2004,DIQ_C,DIQ120,Pain/tingling in hands/feet - past 3 mos,9645,3299,https://wwwn.cdc.gov/Nchs/Data/Nhanes/Public/2003/DataFiles/DIQ_C.htm#DIQ120
2003-2004,DIQ_C,DIQ130,"Pain/tingling in hands,feet or both",9645,770,https://wwwn.cdc.gov/Nchs/Data/Nhanes/Public/2003/DataFiles/DIQ_C.htm#DIQ130
2003-2004,DIQ_C,DIQ140,Pain in either leg while walking,9645,3299,https://wwwn.cdc.gov/Nchs/Data/Nhanes/Public/2003/DataFiles/DIQ_C.htm#DIQ140
2003-2004,DIQ_C,DIQ150,Pain in calf or calves,9645,990,https://wwwn.cdc.gov/Nchs/Data/Nhanes/Public/2003/DataFiles/DIQ_C.htm#DIQ150
2003-2004,DR1TOT_C,SEQN,Respondent sequence number,9643,9643,https://wwwn.cdc.gov/Nchs/Data/Nhanes/Public/2003/DataFiles/DR1TOT_C.htm#SEQN
2003-2004,DR1TOT_C,DR1DRSTZ,Dietary recall status,9643,9643,https://wwwn.cdc.gov/Nchs/Data/Nhanes/Public/2003/DataFiles/DR1TOT_C.htm#DR1DRSTZ
2003-2004,DR1TOT_C,DRDINT,Number of days of intake,9643,9034,https://wwwn.cdc.gov/Nchs/Data/Nhanes/Public/2003/DataFiles/DR1TOT_C.htm#DRDINT
2003-2004,DR1TOT_C,DR1TKCAL,Energy (kcal),9643,8894,https://wwwn.cdc.gov/Nchs/Data/Nhanes/Public/2003/DataFiles/DR1TOT_C.htm#DR1TKCAL
2003-2004,DR2TOT_C,SEQN,Respondent sequence number,9643,9643,https://wwwn.cdc.gov/Nchs/Data/Nhanes/Public/2003/DataFiles/DR2TOT_C.htm#SEQN
2003-2004,DR2TOT_C,DR2DRSTZ,Dietary recall status,9643,9643,https://wwwn.cdc.gov/Nchs/Data/Nhanes/Public/2003/DataFiles/DR2TOT_C.htm#DR2DRSTZ
2003-2004,DR2TOT_C,DRDINT,Number of days of intake,9643,9034,https://wwwn.cdc.gov/Nchs/Data/Nhanes/Public/2003/DataFiles/DR2TOT_C.htm#DRDINT
2003-2004,DR2TOT_C,DR2TKCAL,Energy (kcal),9643,8220,https://wwwn.cdc.gov/Nchs/Data/Nhanes/Public/2003/DataFiles/DR2TOT_C.htm#DR2TKCAL
2003-2004,HSQ_C,SEQN,Respondent sequence number,9535,9535,https://wwwn.cdc.gov/Nchs/Data/Nhanes/Public/2003/DataFiles/HSQ_C.htm#SEQN
2003-2004,HSQ_C,HSD010,General health condition,9535,6433,https://wwwn.cdc.gov/Nchs/Data/Nhanes/Public/2003/DataFiles/HSQ_C.htm#HSD010
2003-2004,HUQ_C,SEQN,Respondent sequence number,10122,10122,https://wwwn.cdc.gov/Nchs/Data/Nhanes/Public/2003/DataFiles/HUQ_C.htm#SEQN
2003-2004,HUQ_C,HUQ010,General health condition,10122,10122,https://wwwn.cdc.gov/Nchs/Data/Nhanes/Public/2003/DataFiles/HUQ_C.htm#HUQ010
2003-2004,HUQ_C,HUQ020,Health now compared with 1 year ago,10122,9645,https://wwwn.cdc.gov/Nchs/Data/Nhanes/Public/2003/DataFiles/HUQ_C.htm#HUQ020
2003-2004,HUQ_C,HUQ030,Routine place to go for healthcare,10122,10122,https://wwwn.cdc.gov/Nchs/Data/Nhanes/Public/2003/DataFiles/HUQ_C.htm#HUQ030
2003-2004,HUQ_C,HUQ040,Type place most often go for healthcare,10122,9051,https://wwwn.cdc.gov/Nchs/Data/Nhanes/Public/2003/DataFiles/HUQ_C.htm#HUQ040
2003-2004,HUQ_C,HUQ050,#Times receive healthcare over past year,10122,10122,https://wwwn.cdc.gov/Nchs/Data/Nhanes/Public/2003/DataFiles/HUQ_C.htm#HUQ050
2003-2004,HUQ_C,HUQ060,How long since last healthcare visit,10122,1250,https://wwwn.cdc.gov/Nchs/Data/Nhanes/Public/2003/DataFiles/HUQ_C.htm#HUQ060
2003-2004,HUQ_C,HUQ071,Overnight hospital patient in last year,10122,10122,https://wwwn.cdc.gov/Nchs/Data/Nhanes/Public/2003/DataFiles/HUQ_C.htm#HUQ071
2003-2004,HUQ_C,HUD080,#Times overnite hospital patient/last yr,10122,999,https://wwwn.cdc.gov/Nchs/Data/Nhanes/Public/2003/DataFiles/HUQ_C.htm#HUD080
2003-2004,HUQ_C,HUQ082,In long term care facility last 12 month,10122,9645,https://wwwn.cdc.gov/Nchs/Data/Nhanes/Public/2003/DataFiles/HUQ_C.htm#HUQ082
2003-2004,HUQ_C,HUQ084,Total # of days in long term facility,10122,82,https://wwwn.cdc.gov/Nchs/Data/Nhanes/Public/2003/DataFiles/HUQ_C.htm#HUQ084
2003-2004,HUQ_C,HUQ086,Non SP HH member in care fac overnight,10122,9645,https://wwwn.cdc.gov/Nchs/Data/Nhanes/Public/2003/DataFiles/HUQ_C.htm#HUQ086
2003-2004,HUQ_C,HUQ088A,,10122,442,https://wwwn.cdc.gov/Nchs/Data/Nhanes/Public/2003/DataFiles/HUQ_C.htm#HUQ088A
2003-2004,HUQ_C,HUQ088B,,10122,29,https://wwwn.cdc.gov/Nchs/Data/Nhanes/Public/2003/DataFiles/HUQ_C.htm#HUQ088B
2003-2004,HUQ_C,HUQ088C,,10122,66,https://wwwn.cdc.gov/Nchs/Data/Nhanes/Public/2003/DataFiles/HUQ_C.htm#HUQ088C
2003-2004,HUQ_C,HUQ090,Seen mental health professional /past yr,10122,8792,https://wwwn.cdc.gov/Nchs/Data/Nhanes/Public/2003/DataFiles/HUQ_C.htm#HUQ090
2003-2004,KIQ_U_C,SEQN,Respondent sequence number,5041,5041,https://wwwn.cdc.gov/Nchs/Data/Nhanes/Public/2003/DataFiles/KIQ_U_C.htm#SEQN
2003-2004,KIQ_U_C,KIQ022,Ever told you had weak/failing kidneys,5041,5040,https://wwwn.cdc.gov/Nchs/Data/Nhanes/Public/2003/DataFiles/KIQ_U_C.htm#KIQ022
2003-2004,KIQ_U_C,KIQ025,Received dialysis in past 12 months,5041,144,https://wwwn.cdc.gov/Nchs/Data/Nhanes/Public/2003/DataFiles/KIQ_U_C.htm#KIQ025
2003-2004,KIQ_U_C,KIQ042,Leak urine during physical activities,5041,4565,https://wwwn.cdc.gov/Nchs/Data/Nhanes/Public/2003/DataFiles/KIQ_U_C.htm#KIQ042
2003-2004,KIQ_U_C,KIQ043,How frequently does this occur,5041,1131,https://wwwn.cdc.gov/Nchs/Data/Nhanes/Public/2003/DataFiles/KIQ_U_C.htm#KIQ043
2003-2004,KIQ_U_C,KIQ044,Urinated before reaching the toilet,5041,4564,https://wwwn.cdc.gov/Nchs/Data/Nhanes/Public/2003/DataFiles/KIQ_U_C.htm#KIQ044
2003-2004,KIQ_U_C,KIQ045,Frequency with which this occurs,5041,1036,https://wwwn.cdc.gov/Nchs/Data/Nhanes/Public/2003/DataFiles/KIQ_U_C.htm#KIQ045
2003-2004,KIQ_U_C,KIQ046,Leak urine during nonphysical activities,5041,4564,https://wwwn.cdc.gov/Nchs/Data/Nhanes/Public/2003/DataFiles/KIQ_U_C.htm#KIQ046
2003-2004,KIQ_U_C,KIQ047,Leak urine during nonphysical activities,5041,433,https://wwwn.cdc.gov/Nchs/Data/Nhanes/Public/2003/DataFiles/KIQ_U_C.htm#KIQ047
2003-2004,KIQ_U_C,KIQ050,How much did urine leakage bother you,5041,1638,https://wwwn.cdc.gov/Nchs/Data/Nhanes/Public/2003/DataFiles/KIQ_U_C.htm#KIQ050
2003-2004,KIQ_U_C,KIQ052,How much were daily activities affected,5041,1638,https://wwwn.cdc.gov/Nchs/Data/Nhanes/Public/2003/DataFiles/KIQ_U_C.htm#KIQ052
2003-2004,L25_C,SEQN,Respondent sequence number,9179,9179,https://wwwn.cdc.gov/Nchs/Data/Nhanes/Public/2003/DataFiles/L25_C.htm#SEQN
2003-2004,L25_C,LBXWBCSI,White blood cell count (1000 cells/uL),9179,8384,https://wwwn.cdc.gov/Nchs/Data/Nhanes/Public/2003/DataFiles/L25_C.htm#LBXWBCSI
2003-2004,L25_C,LBXLYPCT,Lymphocyte percent (%),9179,8353,https://wwwn.cdc.gov/Nchs/Data/Nhanes/Public/2003/DataFiles/L25_C.htm#LBXLYPCT
2003-2004,L25_C,LBXMOPCT,Monocyte percent (%),9179,8353,https://wwwn.cdc.gov/Nchs/Data/Nhanes/Public/2003/DataFiles/L25_C.htm#LBXMOPCT
2003-2004,L25_C,LBXNEPCT,Segmented neutrophils percent (%),9179,8353,https://wwwn.cdc.gov/Nchs/Data/Nhanes/Public/2003/DataFiles/L25_C.htm#LBXNEPCT
2003-2004,L25_C,LBDLYMNO,Lymphocyte number,9179,8353,https://wwwn.cdc.gov/Nchs/Data/Nhanes/Public/2003/DataFiles/L25_C.htm#LBDLYMNO
2003-2004,L25_C,LBDMONO,Monocyte number,9179,8353,https://wwwn.cdc.gov/Nchs/Data/Nhanes/Public/2003/DataFiles/L25_C.htm#LBDMONO
2003-2004,L25_C,LBDNENO,Segmented neutrophils number,9179,8353,https://wwwn.cdc.gov/Nchs/Data/Nhanes/Public/2003/DataFiles/L25_C.htm#LBDNENO
2003-2004,L25_C,LBXRDW,Red cell distribution width (%),9179,8384,https://wwwn.cdc.gov/Nchs/Data/Nhanes/Public/2003/DataFiles/L25_C.htm#LBXRDW
2003-2004,L25_C,LBXPLTSI,Platelet count SI (1000 cells/uL),9179,8384,https://wwwn.cdc.gov/Nchs/Data/Nhanes/Public/2003/DataFiles/L25_C.htm#LBXPLTSI
2003-2004,L40_C,SEQN,Respondent sequence number,6990,6990,https://wwwn.cdc.gov/Nchs/Data/Nhanes/Public/2003/DataFiles/L40_C.htm#SEQN
2003-2004,L40_C,LBXSAPSI,Alkaline phosphotase (U/L),6990,6492,https://wwwn.cdc.gov/Nchs/Data/Nhanes/Public/2003/DataFiles/L40_C.htm#LBXSAPSI
2003-2004,L40_C,LBXSBU,Blood urea nitrogen (mg/dL),6990,6492,https://wwwn.cdc.gov/Nchs/Data/Nhanes/Public/2003/DataFiles/L40_C.htm#LBXSBU
2003-2004,L40_C,LBDSBUSI,Blood urea nitrogen (mmol/L),6990,6492,https://wwwn.cdc.gov/Nchs/Data/Nhanes/Public/2003/DataFiles/L40_C.htm#LBDSBUSI
2003-2004,L40_C,LBXSCA,Total calcium (mg/dL),6990,6492,https://wwwn.cdc.gov/Nchs/Data/Nhanes/Public/2003/DataFiles/L40_C.htm#LBXSCA
2003-2004,L40_C,LBDSCASI,Total calcium (mmol/L),6990,6492,https://wwwn.cdc.gov/Nchs/Data/Nhanes/Public/2003/DataFiles/L40_C.htm#LBDSCASI
2003-2004,L40_C,LBXSC3SI,Bicarbonate (mmol/L),6990,6492,https://wwwn.cdc.gov/Nchs/Data/Nhanes/Public/2003/DataFiles/L40_C.htm#LBXSC3SI
2003-2004,L40_C,LBXSLDSI,Lactate dehydrogenase LDH (U/L),6990,6487,https://wwwn.cdc.gov/Nchs/Data/Nhanes/Public/2003/DataFiles/L40_C.htm#LBXSLDSI
2003-2004,L40_C,LBXSUA,Uric acid (mg/dL),6990,6490,https://wwwn.cdc.gov/Nchs/Data/Nhanes/Public/2003/DataFiles/L40_C.htm#LBXSUA
2003-2004,L40_C,LBDSUASI,Uric acid (umol/L),6990,6490,https://wwwn.cdc.gov/Nchs/Data/Nhanes/Public/2003/DataFiles/L40_C.htm#LBDSUASI
2003-2004,MCQ_C,SEQN,Respondent sequence number,9645,9645,https://wwwn.cdc.gov/Nchs/Data/Nhanes/Public/2003/DataFiles/MCQ_C.htm#SEQN
2003-2004,MCQ_C,MCQ010,Ever been told you have asthma,9645,9645,https://wwwn.cdc.gov/Nchs/Data/Nhanes/Public/2003/DataFiles/MCQ_C.htm#MCQ010
2003-2004,MCQ_C,MCQ025,Age when first had asthma,9645,1335,https://wwwn.cdc.gov/Nchs/Data/Nhanes/Public/2003/DataFiles/MCQ_C.htm#MCQ025
2003-2004,MCQ_C,MCQ035,Still have asthma,9645,1336,https://wwwn.cdc.gov/Nchs/Data/Nhanes/Public/2003/DataFiles/MCQ_C.htm#MCQ035
2003-2004,MCQ_C,MCQ040,Had asthma attack in past year,9645,845,https://wwwn.cdc.gov/Nchs/Data/Nhanes/Public/2003/DataFiles/MCQ_C.htm#MCQ040
2003-2004,MCQ_C,MCQ050,Emergency care visit for asthma/past yr,9645,436,https://wwwn.cdc.gov/Nchs/Data/Nhanes/Public/2003/DataFiles/MCQ_C.htm#MCQ050
2003-2004,MCQ_C,MCQ053,Taking treatment for anemia/past 3 mos,9645,9645,https://wwwn.cdc.gov/Nchs/Data/Nhanes/Public/2003/DataFiles/MCQ_C.htm#MCQ053
2003-2004,MCQ_C,MCQ060,Told have attention deficit disorder?,9645,3751,https://wwwn.cdc.gov/Nchs/Data/Nhanes/Public/2003/DataFiles/MCQ_C.htm#MCQ060
2003-2004,MCQ_C,MCQ080,Doctor ever said you were overweight,9645,4263,https://wwwn.cdc.gov/Nchs/Data/Nhanes/Public/2003/DataFiles/MCQ_C.htm#MCQ080
2003-2004,MCQ_C,MCQ083,Ever told you have learning disability,9645,2579,https://wwwn.cdc.gov/Nchs/Data/Nhanes/Public/2003/DataFiles/MCQ_C.htm#MCQ083
2003-2004,MCQ_C,MCQ092,Ever receive blood transfusion,9645,8378,https://wwwn.cdc.gov/Nchs/Data/Nhanes/Public/2003/DataFiles/MCQ_C.htm#MCQ092
2003-2004,MCQ_C,MCD093,Year receive blood transfusion,9645,780,https://wwwn.cdc.gov/Nchs/Data/Nhanes/Public/2003/DataFiles/MCQ_C.htm#MCD093
2003-2004,MCQ_C,MCQ114,Ever tested for lead poisoning,9645,1267,https://wwwn.cdc.gov/Nchs/Data/Nhanes/Public/2003/DataFiles/MCQ_C.htm#MCQ114
2003-2004,MCQ_C,MCQ117Q,How long since lead poisoning test,9645,441,https://wwwn.cdc.gov/Nchs/Data/Nhanes/Public/2003/DataFiles/MCQ_C.htm#MCQ117Q
2003-2004,MCQ_C,MCQ117U,Months or years,9645,430,https://wwwn.cdc.gov/Nchs/Data/Nhanes/Public/2003/DataFiles/MCQ_C.htm#MCQ117U
2003-2004,MCQ_C,MCQ120A,Had hay fever in past year,9645,4604,https://wwwn.cdc.gov/Nchs/Data/Nhanes/Public/2003/DataFiles/MCQ_C.htm#MCQ120A
2003-2004,MCQ_C,MCQ120B,Had 3 or more ear infections/past year,9645,3432,https://wwwn.cdc.gov/Nchs/Data/Nhanes/Public/2003/DataFiles/MCQ_C.htm#MCQ120B
2003-2004,MCQ_C,MCQ120C,Had frequent/severe headaches/past yr,9645,3751,https://wwwn.cdc.gov/Nchs/Data/Nhanes/Public/2003/DataFiles/MCQ_C.htm#MCQ120C
2003-2004,MCQ_C,MCQ120D,Stuttering/Stammering in past year,9645,2579,https://wwwn.cdc.gov/Nchs/Data/Nhanes/Public/2003/DataFiles/MCQ_C.htm#MCQ120D
2003-2004,MCQ_C,MCQ140,Trouble seeing even with glass/contacts,9645,9304,https://wwwn.cdc.gov/Nchs/Data/Nhanes/Public/2003/DataFiles/MCQ_C.htm#MCQ140
2003-2004,MCQ_C,MCQ149,Menstrual periods started yet?,9645,363,https://wwwn.cdc.gov/Nchs/Data/Nhanes/Public/2003/DataFiles/MCQ_C.htm#MCQ149
2003-2004,MCQ_C,MCQ150G,School days missed from injury/illness,9645,3337,https://wwwn.cdc.gov/Nchs/Data/Nhanes/Public/2003/DataFiles/MCQ_C.htm#MCQ150G
2003-2004,MCQ_C,MCQ150Q,# school days missed from injury/illness,9645,3103,https://wwwn.cdc.gov/Nchs/Data/Nhanes/Public/2003/DataFiles/MCQ_C.htm#MCQ150Q
2003-2004,MCQ_C,MCQ160A,Doctor ever said you had arthritis,9645,5040,https://wwwn.cdc.gov/Nchs/Data/Nhanes/Public/2003/DataFiles/MCQ_C.htm#MCQ160A
2003-2004,MCQ_C,MCQ160B,Ever told had congestive heart failure,9645,5040,https://wwwn.cdc.gov/Nchs/Data/Nhanes/Public/2003/DataFiles/MCQ_C.htm#MCQ160B
2003-2004,MCQ_C,MCQ160C,Ever told you had coronary heart disease,9645,5040,https://wwwn.cdc.gov/Nchs/Data/Nhanes/Public/2003/DataFiles/MCQ_C.htm#MCQ160C
2003-2004,MCQ_C,MCQ160D,Ever told you had angina/angina pectoris,9645,5040,https://wwwn.cdc.gov/Nchs/Data/Nhanes/Public/2003/DataFiles/MCQ_C.htm#MCQ160D
2003-2004,MCQ_C,MCQ160E,Ever told you had heart attack,9645,5040,https://wwwn.cdc.gov/Nchs/Data/Nhanes/Public/2003/DataFiles/MCQ_C.htm#MCQ160E
2003-2004,MCQ_C,MCQ160F,Ever told you had a stroke,9645,5040,https://wwwn.cdc.gov/Nchs/Data/Nhanes/Public/2003/DataFiles/MCQ_C.htm#MCQ160F
2003-2004,MCQ_C,MCQ160G,Ever told you had emphysema,9645,5040,https://wwwn.cdc.gov/Nchs/Data/Nhanes/Public/2003/DataFiles/MCQ_C.htm#MCQ160G
2003-2004,MCQ_C,MCQ160J,Doctor said you were overweight,9645,5040,https://wwwn.cdc.gov/Nchs/Data/Nhanes/Public/2003/DataFiles/MCQ_C.htm#MCQ160J
2003-2004,MCQ_C,MCQ160K,Ever told you had chronic bronchitis,9645,5040,https://wwwn.cdc.gov/Nchs/Data/Nhanes/Public/2003/DataFiles/MCQ_C.htm#MCQ160K
2003-2004,MCQ_C,MCQ160L,Ever told you had any liver condition,9645,5040,https://wwwn.cdc.gov/Nchs/Data/Nhanes/Public/2003/DataFiles/MCQ_C.htm#MCQ160L
2003-2004,MCQ_C,MCQ160M,Ever told you had a thyroid problem,9645,5040,https://wwwn.cdc.gov/Nchs/Data/Nhanes/Public/2003/DataFiles/MCQ_C.htm#MCQ160M
2003-2004,MCQ_C,MCQ170K,Do you still have chronic bronchitis,9645,331,https://wwwn.cdc.gov/Nchs/Data/Nhanes/Public/2003/DataFiles/MCQ_C.htm#MCQ170K
2003-2004,MCQ_C,MCQ170L,Do you still have a liver condition,9645,170,https://wwwn.cdc.gov/Nchs/Data/Nhanes/Public/2003/DataFiles/MCQ_C.htm#MCQ170L
2003-2004,MCQ_C,MCQ170M,Do you still have a thyroid problem,9645,498,https://wwwn.cdc.gov/Nchs/Data/Nhanes/Public/2003/DataFiles/MCQ_C.htm#MCQ170M
2003-2004,MCQ_C,MCQ180A,Age when told you had arthritis,9645,1408,https://wwwn.cdc.gov/Nchs/Data/Nhanes/Public/2003/DataFiles/MCQ_C.htm#MCQ180A
2003-2004,MCQ_C,MCQ180B,Age when told you had heart failure,9645,196,https://wwwn.cdc.gov/Nchs/Data/Nhanes/Public/2003/DataFiles/MCQ_C.htm#MCQ180B
2003-2004,MCQ_C,MCQ180C,Age when told had coronary heart disease,9645,264,https://wwwn.cdc.gov/Nchs/Data/Nhanes/Public/2003/DataFiles/MCQ_C.htm#MCQ180C
2003-2004,MCQ_C,MCQ180D,Age when told you had angina pectoris,9645,212,https://wwwn.cdc.gov/Nchs/Data/Nhanes/Public/2003/DataFiles/MCQ_C.htm#MCQ180D
2003-2004,MCQ_C,MCQ180E,Age when told you had heart attack,9645,274,https://wwwn.cdc.gov/Nchs/Data/Nhanes/Public/2003/DataFiles/MCQ_C.htm#MCQ180E
2003-2004,MCQ_C,MCQ180F,Age when told you had a stroke,9645,212,https://wwwn.cdc.gov/Nchs/Data/Nhanes/Public/2003/DataFiles/MCQ_C.htm#MCQ180F
2003-2004,MCQ_C,MCQ180G,Age when told you had emphysema,9645,118,https://wwwn.cdc.gov/Nchs/Data/Nhanes/Public/2003/DataFiles/MCQ_C.htm#MCQ180G
2003-2004,MCQ_C,MCQ180K,Age when told you had chronic bronchitis,9645,331,https://wwwn.cdc.gov/Nchs/Data/Nhanes/Public/2003/DataFiles/MCQ_C.htm#MCQ180K
2003-2004,MCQ_C,MCQ180L,Age when told you had a liver condition,9645,170,https://wwwn.cdc.gov/Nchs/Data/Nhanes/Public/2003/DataFiles/MCQ_C.htm#MCQ180L
2003-2004,MCQ_C,MCQ180M,Age when told you had a thyroid problem,9645,498,https://wwwn.cdc.gov/Nchs/Data/Nhanes/Public/2003/DataFiles/MCQ_C.htm#MCQ180M
2003-2004,MCQ_C,MCQ190,Which type of arthritis,9645,1408,https://wwwn.cdc.gov/Nchs/Data/Nhanes/Public/2003/DataFiles/MCQ_C.htm#MCQ190
2003-2004,MCQ_C,MCQ220,Ever told you had cancer or malignancy,9645,5040,https://wwwn.cdc.gov/Nchs/Data/Nhanes/Public/2003/DataFiles/MCQ_C.htm#MCQ220
2003-2004,MCQ_C,MCQ230A,What kind of cancer,9645,478,https://wwwn.cdc.gov/Nchs/Data/Nhanes/Public/2003/DataFiles/MCQ_C.htm#MCQ230A
2003-2004,MCQ_C,MCQ230B,What kind of cancer,9645,46,https://wwwn.cdc.gov/Nchs/Data/Nhanes/Public/2003/DataFiles/MCQ_C.htm#MCQ230B
2003-2004,MCQ_C,MCQ230C,What kind of cancer,9645,6,https://wwwn.cdc.gov/Nchs/Data/Nhanes/Public/2003/DataFiles/MCQ_C.htm#MCQ230C
2003-2004,MCQ_C,MCQ230D,What kind of cancer,9645,0,https://wwwn.cdc.gov/Nchs/Data/Nhanes/Public/2003/DataFiles/MCQ_C.htm#MCQ230D
2003-2004,MCQ_C,MCQ240A,Age when bladder cancer first diagnosed,9645,15,https://wwwn.cdc.gov/Nchs/Data/Nhanes/Public/2003/DataFiles/MCQ_C.htm#MCQ240A
2003-2004,MCQ_C,MCQ240B,Age when blood cancer first diagnosed,9645,0,https://wwwn.cdc.gov/Nchs/Data/Nhanes/Public/2003/DataFiles/MCQ_C.htm#MCQ240B
2003-2004,MCQ_C,MCQ240C,Age when bone cancer first diagnosed,9645,4,https://wwwn.cdc.gov/Nchs/Data/Nhanes/Public/2003/DataFiles/MCQ_C.htm#MCQ240C
2003-2004,MCQ_C,MCQ240D,Age when brain cancer first diagnosed,9645,2,https://wwwn.cdc.gov/Nchs/Data/Nhanes/Public/2003/DataFiles/MCQ_C.htm#MCQ240D
2003-2004,MCQ_C,MCQ240E,Age when breast cancer first diagnosed,9645,68,https://wwwn.cdc.gov/Nchs/Data/Nhanes/Public/2003/DataFiles/MCQ_C.htm#MCQ240E
2003-2004,MCQ_C,MCQ240F,Age when cervical cancer first diagnosed,9645,32,https://wwwn.cdc.gov/Nchs/Data/Nhanes/Public/2003/DataFiles/MCQ_C.htm#MCQ240F
2003-2004,MCQ_C,MCQ240G,Age when colon cancer first diagnosed,9645,39,https://wwwn.cdc.gov/Nchs/Data/Nhanes/Public/2003/DataFiles/MCQ_C.htm#MCQ240G
2003-2004,MCQ_C,MCQ240H,Age esophageal cancer first diagnosed,9645,4,https://wwwn.cdc.gov/Nchs/Data/Nhanes/Public/2003/DataFiles/MCQ_C.htm#MCQ240H
2003-2004,MCQ_C,MCQ240I,Age gallbladder cancer first diagnosed,9645,0,https://wwwn.cdc.gov/Nchs/Data/Nhanes/Public/2003/DataFiles/MCQ_C.htm#MCQ240I
2003-2004,MCQ_C,MCQ240J,Age when kidney cancer first diagnosed,9645,14,https://wwwn.cdc.gov/Nchs/Data/Nhanes/Public/2003/DataFiles/MCQ_C.htm#MCQ240J
2003-2004,MCQ_C,MCQ240K,Age larynx/windpipe cancer diagnosed,9645,1,https://wwwn.cdc.gov/Nchs/Data/Nhanes/Public/2003/DataFiles/MCQ_C.htm#MCQ240K
2003-2004,MCQ_C,MCQ240L,Age when leukemia first diagnosed,9645,8,https://wwwn.cdc.gov/Nchs/Data/Nhanes/Public/2003/DataFiles/MCQ_C.htm#MCQ240L
2003-2004,MCQ_C,MCQ240M,Age when liver cancer first diagnosed,9645,4,https://wwwn.cdc.gov/Nchs/Data/Nhanes/Public/2003/DataFiles/MCQ_C.htm#MCQ240M
2003-2004,MCQ_C,MCQ240N,Age when lung cancer first diagnosed,9645,15,https://wwwn.cdc.gov/Nchs/Data/Nhanes/Public/2003/DataFiles/MCQ_C.htm#MCQ240N
2003-2004,MCQ_C,MCQ240O,Age lymphoma/Hodgkin's diagnosed,9645,11,https://wwwn.cdc.gov/Nchs/Data/Nhanes/Public/2003/DataFiles/MCQ_C.htm#MCQ240O
2003-2004,MCQ_C,MCQ240P,Age when melanoma first diagnosed,9645,31,https://wwwn.cdc.gov/Nchs/Data/Nhanes/Public/2003/DataFiles/MCQ_C.htm#MCQ240P
2003-2004,MCQ_C,MCQ240Q,Age mouth\tongue\lip cancer diagnosed,9645,4,https://wwwn.cdc.gov/Nchs/Data/Nhanes/Public/2003/DataFiles/MCQ_C.htm#MCQ240Q
2003-2004,MCQ_C,MCQ240R,Age nervous system cancer diagnosed,9645,0,https://wwwn.cdc.gov/Nchs/Data/Nhanes/Public/2003/DataFiles/MCQ_C.htm#MCQ240R
2003-2004,MCQ_C,MCQ240S,Age when ovarian cancer first diagnosed,9645,10,https://wwwn.cdc.gov/Nchs/Data/Nhanes/Public/2003/DataFiles/MCQ_C.htm#MCQ240S
2003-2004,MCQ_C,MCQ240T,Age pancreatic cancer first diagnosed,9645,0,https://wwwn.cdc.gov/Nchs/Data/Nhanes/Public/2003/DataFiles/MCQ_C.htm#MCQ240T
2003-2004,MCQ_C,MCQ240U,Age prostate cancer first diagnosed,9645,74,https://wwwn.cdc.gov/Nchs/Data/Nhanes/Public/2003/DataFiles/MCQ_C.htm#MCQ240U
2003-2004,MCQ_C,MCQ240V,Age when rectal cancer first diagnosed,9645,2,https://wwwn.cdc.gov/Nchs/Data/Nhanes/Public/2003/DataFiles/MCQ_C.htm#MCQ240V
2003-2004,MCQ_C,MCQ240W,Age non-melanoma skin cancer diagnosed,9645,74,https://wwwn.cdc.gov/Nchs/Data/Nhanes/Public/2003/DataFiles/MCQ_C.htm#MCQ240W
2003-2004,MCQ_C,MCQ240X,Age unknown skin cancer first diagnosed,9645,48,https://wwwn.cdc.gov/Nchs/Data/Nhanes/Public/2003/DataFiles/MCQ_C.htm#MCQ240X
2003-2004,MCQ_C,MCQ240Y,Age soft tissue cancer first diagnosed,9645,1,https://wwwn.cdc.gov/Nchs/Data/Nhanes/Public/2003/DataFiles/MCQ_C.htm#MCQ240Y
2003-2004,MCQ_C,MCQ240Z,Age stomach cancer first diagnosed,9645,3,https://wwwn.cdc.gov/Nchs/Data/Nhanes/Public/2003/DataFiles/MCQ_C.htm#MCQ240Z
2003-2004,MCQ_C,MCQ240AA,Age testicular cancer first diagnosed,9645,5,https://wwwn.cdc.gov/Nchs/Data/Nhanes/Public/2003/DataFiles/MCQ_C.htm#MCQ240AA
2003-2004,MCQ_C,MCQ240BB,Age when thyroid cancer first diagnosed,9645,10,https://wwwn.cdc.gov/Nchs/Data/Nhanes/Public/2003/DataFiles/MCQ_C.htm#MCQ240BB
2003-2004,MCQ_C,MCQ240CC,Age when uterine cancer first diagnosed,9645,25,https://wwwn.cdc.gov/Nchs/Data/Nhanes/Public/2003/DataFiles/MCQ_C.htm#MCQ240CC
2003-2004,MCQ_C,MCQ240DD,Age other type of cancer first diagnosed,9645,21,https://wwwn.cdc.gov/Nchs/Data/Nhanes/Public/2003/DataFiles/MCQ_C.htm#MCQ240DD
2003-2004,MCQ_C,MCQ245A,Work days missed for illness/maternity,9645,6213,https://wwwn.cdc.gov/Nchs/Data/Nhanes/Public/2003/DataFiles/MCQ_C.htm#MCQ245A
2003-2004,MCQ_C,MCQ245B,# of workdays missed,9645,3556,https://wwwn.cdc.gov/Nchs/Data/Nhanes/Public/2003/DataFiles/MCQ_C.htm#MCQ245B
2003-2004,MCQ_C,MCQ250A,Blood relatives have diabetes,9645,5040,https://wwwn.cdc.gov/Nchs/Data/Nhanes/Public/2003/DataFiles/MCQ_C.htm#MCQ250A
2003-2004,MCQ_C,MCQ250B,Blood relatives have Alzheimer's,9645,5040,https://wwwn.cdc.gov/Nchs/Data/Nhanes/Public/2003/DataFiles/MCQ_C.htm#MCQ250B
2003-2004,MCQ_C,MCQ250C,Blood relatives have asthma,9645,5040,https://wwwn.cdc.gov/Nchs/Data/Nhanes/Public/2003/DataFiles/MCQ_C.htm#MCQ250C
2003-2004,MCQ_C,MCQ250E,Blood relatives have osteoporosis,9645,5040,https://wwwn.cdc.gov/Nchs/Data/Nhanes/Public/2003/DataFiles/MCQ_C.htm#MCQ250E
2003-2004,MCQ_C,MCQ250F,Blood relatives w/hypertension/stroke,9645,5040,https://wwwn.cdc.gov/Nchs/Data/Nhanes/Public/2003/DataFiles/MCQ_C.htm#MCQ250F
2003-2004,MCQ_C,MCQ250G,Blood relatives have angina,9645,5040,https://wwwn.cdc.gov/Nchs/Data/Nhanes/Public/2003/DataFiles/MCQ_C.htm#MCQ250G
2003-2004,MCQ_C,MCQ260AA,Blood relative-diabetes-mother,9645,827,https://wwwn.cdc.gov/Nchs/Data/Nhanes/Public/2003/DataFiles/MCQ_C.htm#MCQ260AA
2003-2004,MCQ_C,MCQ260AB,Blood relative-diabetes-father,9645,580,https://wwwn.cdc.gov/Nchs/Data/Nhanes/Public/2003/DataFiles/MCQ_C.htm#MCQ260AB
2003-2004,MCQ_C,MCQ260AC,Blood relative-diabetes-mother's mother,9645,449,https://wwwn.cdc.gov/Nchs/Data/Nhanes/Public/2003/DataFiles/MCQ_C.htm#MCQ260AC
2003-2004,MCQ_C,MCQ260AD,Blood relative-diabetes-mother's father,9645,217,https://wwwn.cdc.gov/Nchs/Data/Nhanes/Public/2003/DataFiles/MCQ_C.htm#MCQ260AD
2003-2004,MCQ_C,MCQ260AE,Blood relative-diabetes-father's mother,9645,300,https://wwwn.cdc.gov/Nchs/Data/Nhanes/Public/2003/DataFiles/MCQ_C.htm#MCQ260AE
2003-2004,MCQ_C,MCQ260AF,Blood relative-diabetes-father's father,9645,119,https://wwwn.cdc.gov/Nchs/Data/Nhanes/Public/2003/DataFiles/MCQ_C.htm#MCQ260AF
2003-2004,MCQ_C,MCQ260AG,Blood relative-diabetes-brother,9645,396,https://wwwn.cdc.gov/Nchs/Data/Nhanes/Public/2003/DataFiles/MCQ_C.htm#MCQ260AG
2003-2004,MCQ_C,MCQ260AH,Blood relative-diabetes-sister,9645,416,https://wwwn.cdc.gov/Nchs/Data/Nhanes/Public/2003/DataFiles/MCQ_C.htm#MCQ260AH
2003-2004,MCQ_C,MCQ260AI,Blood relative-diabetes-other,9645,599,https://wwwn.cdc.gov/Nchs/Data/Nhanes/Public/2003/DataFiles/MCQ_C.htm#MCQ260AI
2003-2004,MCQ_C,MCQ260BA,Blood relative-Alzheimer's-mother,9645,127,https://wwwn.cdc.gov/Nchs/Data/Nhanes/Public/2003/DataFiles/MCQ_C.htm#MCQ260BA
2003-2004,MCQ_C,MCQ260BB,Blood relative-Alzheimer's-father,9645,71,https://wwwn.cdc.gov/Nchs/Data/Nhanes/Public/2003/DataFiles/MCQ_C.htm#MCQ260BB
2003-2004,MCQ_C,MCQ260BC,Blood relative-Alzheimer's-mom's mother,9645,127,https://wwwn.cdc.gov/Nchs/Data/Nhanes/Public/2003/DataFiles/MCQ_C.htm#MCQ260BC
2003-2004,MCQ_C,MCQ260BD,Blood relative-Alzheimer's-mom's father,9645,62,https://wwwn.cdc.gov/Nchs/Data/Nhanes/Public/2003/DataFiles/MCQ_C.htm#MCQ260BD
2003-2004,MCQ_C,MCQ260BE,Blood relative-Alzheimer's-dad's mother,9645,84,https://wwwn.cdc.gov/Nchs/Data/Nhanes/Public/2003/DataFiles/MCQ_C.htm#MCQ260BE
2003-2004,MCQ_C,MCQ260BF,Blood relative-Alzheimer's-dad's father,9645,31,https://wwwn.cdc.gov/Nchs/Data/Nhanes/Public/2003/DataFiles/MCQ_C.htm#MCQ260BF
2003-2004,MCQ_C,MCQ260BG,Blood relative-Alzheimer's-brother,9645,28,https://wwwn.cdc.gov/Nchs/Data/Nhanes/Public/2003/DataFiles/MCQ_C.htm#MCQ260BG
2003-2004,MCQ_C,MCQ260BH,Blood relative-Alzheimer's-sister,9645,51,https://wwwn.cdc.gov/Nchs/Data/Nhanes/Public/2003/DataFiles/MCQ_C.htm#MCQ260BH
2003-2004,MCQ_C,MCQ260BI,Blood relative-Alzheimer's-other,9645,129,https://wwwn.cdc.gov/Nchs/Data/Nhanes/Public/2003/DataFiles/MCQ_C.htm#MCQ260BI
2003-2004,MCQ_C,MCQ260CA,Blood relative-asthma-mother,9645,233,https://wwwn.cdc.gov/Nchs/Data/Nhanes/Public/2003/DataFiles/MCQ_C.htm#MCQ260CA
2003-2004,MCQ_C,MCQ260CB,Blood relative-asthma-father,9645,147,https://wwwn.cdc.gov/Nchs/Data/Nhanes/Public/2003/DataFiles/MCQ_C.htm#MCQ260CB
2003-2004,MCQ_C,MCQ260CC,Blood relative-asthma-mother's mother,9645,68,https://wwwn.cdc.gov/Nchs/Data/Nhanes/Public/2003/DataFiles/MCQ_C.htm#MCQ260CC
2003-2004,MCQ_C,MCQ260CD,Blood relative-asthma-mother's father,9645,40,https://wwwn.cdc.gov/Nchs/Data/Nhanes/Public/2003/DataFiles/MCQ_C.htm#MCQ260CD
2003-2004,MCQ_C,MCQ260CE,Blood relative-asthma-father's mother,9645,33,https://wwwn.cdc.gov/Nchs/Data/Nhanes/Public/2003/DataFiles/MCQ_C.htm#MCQ260CE
2003-2004,MCQ_C,MCQ260CF,Blood relative-asthma-father's father,9645,29,https://wwwn.cdc.gov/Nchs/Data/Nhanes/Public/2003/DataFiles/MCQ_C.htm#MCQ260CF
2003-2004,MCQ_C,MCQ260CG,Blood relative-asthma-brother,9645,212,https://wwwn.cdc.gov/Nchs/Data/Nhanes/Public/2003/DataFiles/MCQ_C.htm#MCQ260CG
2003-2004,MCQ_C,MCQ260CH,Blood relative-asthma-sister,9645,205,https://wwwn.cdc.gov/Nchs/Data/Nhanes/Public/2003/DataFiles/MCQ_C.htm#MCQ260CH
2003-2004,MCQ_C,MCQ260CI,Blood relative-asthma-other,9645,342,https://wwwn.cdc.gov/Nchs/Data/Nhanes/Public/2003/DataFiles/MCQ_C.htm#MCQ260CI
2003-2004,MCQ_C,MCQ260EA,Blood relative-osteoporosis-mother,9645,329,https://wwwn.cdc.gov/Nchs/Data/Nhanes/Public/2003/DataFiles/MCQ_C.htm#MCQ260EA
2003-2004,MCQ_C,MCQ260EB,Blood relative-osteoporosis-father,9645,36,https://wwwn.cdc.gov/Nchs/Data/Nhanes/Public/2003/DataFiles/MCQ_C.htm#MCQ260EB
2003-2004,MCQ_C,MCQ260EC,Blood relative-osteoporosis-mom's mother,9645,121,https://wwwn.cdc.gov/Nchs/Data/Nhanes/Public/2003/DataFiles/MCQ_C.htm#MCQ260EC
2003-2004,MCQ_C,MCQ260ED,Blood relative-osteoporosis-mom's father,9645,13,https://wwwn.cdc.gov/Nchs/Data/Nhanes/Public/2003/DataFiles/MCQ_C.htm#MCQ260ED
2003-2004,MCQ_C,MCQ260EE,Blood relative-osteoporosis-dad's mother,9645,53,https://wwwn.cdc.gov/Nchs/Data/Nhanes/Public/2003/DataFiles/MCQ_C.htm#MCQ260EE
2003-2004,MCQ_C,MCQ260EF,Blood relative-osteoporosis-dad's father,9645,6,https://wwwn.cdc.gov/Nchs/Data/Nhanes/Public/2003/DataFiles/MCQ_C.htm#MCQ260EF
2003-2004,MCQ_C,MCQ260EG,Blood relative-osteoporosis-brother,9645,15,https://wwwn.cdc.gov/Nchs/Data/Nhanes/Public/2003/DataFiles/MCQ_C.htm#MCQ260EG
2003-2004,MCQ_C,MCQ260EH,Blood relative-osteoporosis-sister,9645,107,https://wwwn.cdc.gov/Nchs/Data/Nhanes/Public/2003/DataFiles/MCQ_C.htm#MCQ260EH
2003-2004,MCQ_C,MCQ260EI,Blood relative-osteoporosis-other,9645,83,https://wwwn.cdc.gov/Nchs/Data/Nhanes/Public/2003/DataFiles/MCQ_C.htm#MCQ260EI
2003-2004,MCQ_C,MCQ260FA,Blood relative-hypertension-mother,9645,671,https://wwwn.cdc.gov/Nchs/Data/Nhanes/Public/2003/DataFiles/MCQ_C.htm#MCQ260FA
2003-2004,MCQ_C,MCQ260FB,Blood relative-hypertension-father,9645,485,https://wwwn.cdc.gov/Nchs/Data/Nhanes/Public/2003/DataFiles/MCQ_C.htm#MCQ260FB
2003-2004,MCQ_C,MCQ260FC,Blood relative-hypertension-mom's mother,9645,177,https://wwwn.cdc.gov/Nchs/Data/Nhanes/Public/2003/DataFiles/MCQ_C.htm#MCQ260FC
2003-2004,MCQ_C,MCQ260FD,Blood relative-hypertension-mom's father,9645,102,https://wwwn.cdc.gov/Nchs/Data/Nhanes/Public/2003/DataFiles/MCQ_C.htm#MCQ260FD
2003-2004,MCQ_C,MCQ260FE,Blood relative-hypertension-dad's mother,9645,79,https://wwwn.cdc.gov/Nchs/Data/Nhanes/Public/2003/DataFiles/MCQ_C.htm#MCQ260FE
2003-2004,MCQ_C,MCQ260FF,Blood relative-hypertension-dad's father,9645,63,https://wwwn.cdc.gov/Nchs/Data/Nhanes/Public/2003/DataFiles/MCQ_C.htm#MCQ260FF
2003-2004,MCQ_C,MCQ260FG,Blood relative-hypertension-brother,9645,200,https://wwwn.cdc.gov/Nchs/Data/Nhanes/Public/2003/DataFiles/MCQ_C.htm#MCQ260FG
2003-2004,MCQ_C,MCQ260FH,Blood relative-hypertension-sister,9645,200,https://wwwn.cdc.gov/Nchs/Data/Nhanes/Public/2003/DataFiles/MCQ_C.htm#MCQ260FH
2003-2004,MCQ_C,MCQ260FI,Blood relative-hypertension-other,9645,170,https://wwwn.cdc.gov/Nchs/Data/Nhanes/Public/2003/DataFiles/MCQ_C.htm#MCQ260FI
2003-2004,MCQ_C,MCQ260GA,Blood relative-heart attack-mother,9645,132,https://wwwn.cdc.gov/Nchs/Data/Nhanes/Public/2003/DataFiles/MCQ_C.htm#MCQ260GA
2003-2004,MCQ_C,MCQ260GB,Blood relative-heart attack-father,9645,239,https://wwwn.cdc.gov/Nchs/Data/Nhanes/Public/2003/DataFiles/MCQ_C.htm#MCQ260GB
2003-2004,MCQ_C,MCQ260GC,Blood relative-heart attack-mom's mother,9645,50,https://wwwn.cdc.gov/Nchs/Data/Nhanes/Public/2003/DataFiles/MCQ_C.htm#MCQ260GC
2003-2004,MCQ_C,MCQ260GD,Blood relative-heart attack-mom's father,9645,54,https://wwwn.cdc.gov/Nchs/Data/Nhanes/Public/2003/DataFiles/MCQ_C.htm#MCQ260GD
2003-2004,MCQ_C,MCQ260GE,Blood relative-heart attack-dad's mother,9645,24,https://wwwn.cdc.gov/Nchs/Data/Nhanes/Public/2003/DataFiles/MCQ_C.htm#MCQ260GE
2003-2004,MCQ_C,MCQ260GF,Blood relative-heart attack-dad's father,9645,48,https://wwwn.cdc.gov/Nchs/Data/Nhanes/Public/2003/DataFiles/MCQ_C.htm#MCQ260GF
2003-2004,MCQ_C,MCQ260GG,Blood relative-heart attack-brother,9645,112,https://wwwn.cdc.gov/Nchs/Data/Nhanes/Public/2003/DataFiles/MCQ_C.htm#MCQ260GG
2003-2004,MCQ_C,MCQ260GH,Blood relative-heart attack-sister,9645,39,https://wwwn.cdc.gov/Nchs/Data/Nhanes/Public/2003/DataFiles/MCQ_C.htm#MCQ260GH
2003-2004,MCQ_C,MCQ260GI,Blood relative-heart attack-other,9645,114,https://wwwn.cdc.gov/Nchs/Data/Nhanes/Public/2003/DataFiles/MCQ_C.htm#MCQ260GI
2003-2004,MCQ_C,MCQ265,Blood relative have/had prostate cancer,9645,5040,https://wwwn.cdc.gov/Nchs/Data/Nhanes/Public/2003/DataFiles/MCQ_C.htm#MCQ265
2003-2004,MCQ_C,MCQ267A,Biological family member-father,9645,249,https://wwwn.cdc.gov/Nchs/Data/Nhanes/Public/2003/DataFiles/MCQ_C.htm#MCQ267A
2003-2004,MCQ_C,MCQ267B,Biological family member-mother's father,9645,77,https://wwwn.cdc.gov/Nchs/Data/Nhanes/Public/2003/DataFiles/MCQ_C.htm#MCQ267B
2003-2004,MCQ_C,MCQ267C,Biological family member-father's father,9645,57,https://wwwn.cdc.gov/Nchs/Data/Nhanes/Public/2003/DataFiles/MCQ_C.htm#MCQ267C
2003-2004,MCQ_C,MCQ267D,Biological family member-brother,9645,122,https://wwwn.cdc.gov/Nchs/Data/Nhanes/Public/2003/DataFiles/MCQ_C.htm#MCQ267D
2003-2004,MCQ_C,MCQ267E,Biological family member-other,9645,87,https://wwwn.cdc.gov/Nchs/Data/Nhanes/Public/2003/DataFiles/MCQ_C.htm#MCQ267E
2003-2004,MCQ_C,MCQ270,Your mother ever fracture hip,9645,5036,https://wwwn.cdc.gov/Nchs/Data/Nhanes/Public/2003/DataFiles/MCQ_C.htm#MCQ270
2003-2004,MCQ_C,MCQ280,Mother's age when fractured hip,9645,282,https://wwwn.cdc.gov/Nchs/Data/Nhanes/Public/2003/DataFiles/MCQ_C.htm#MCQ280
2003-2004,MCQ_C,MCQ290,Mother under/over 50 when fracture hip,9645,4,https://wwwn.cdc.gov/Nchs/Data/Nhanes/Public/2003/DataFiles/MCQ_C.htm#MCQ290
2003-2004,PAQ_C,SEQN,Respondent sequence number,9278,9278,https://wwwn.cdc.gov/Nchs/Data/Nhanes/Public/2003/DataFiles/PAQ_C.htm#SEQN
2003-2004,PAQ_C,PAD020,Walked or bicycled over past 30 days,9278,7242,https://wwwn.cdc.gov/Nchs/Data/Nhanes/Public/2003/DataFiles/PAQ_C.htm#PAD020
2003-2004,PAQ_C,PAQ050Q,# times walked or bicycled,9278,2318,https://wwwn.cdc.gov/Nchs/Data/Nhanes/Public/2003/DataFiles/PAQ_C.htm#PAQ050Q
2003-2004,PAQ_C,PAQ050U,Unit of measure (day/week/month),9278,2318,https://wwwn.cdc.gov/Nchs/Data/Nhanes/Public/2003/DataFiles/PAQ_C.htm#PAQ050U
2003-2004,PAQ_C,PAD080,How long per day (minutes),9278,2310,https://wwwn.cdc.gov/Nchs/Data/Nhanes/Public/2003/DataFiles/PAQ_C.htm#PAD080
2003-2004,PAQ_C,PAQ100,Tasks around home/yard past 30 days,9278,6213,https://wwwn.cdc.gov/Nchs/Data/Nhanes/Public/2003/DataFiles/PAQ_C.htm#PAQ100
2003-2004,PAQ_C,PAD120,# of times past 30 days,9278,3450,https://wwwn.cdc.gov/Nchs/Data/Nhanes/Public/2003/DataFiles/PAQ_C.htm#PAD120
2003-2004,PAQ_C,PAD160,How long each time (minutes),9278,3443,https://wwwn.cdc.gov/Nchs/Data/Nhanes/Public/2003/DataFiles/PAQ_C.htm#PAD160
2003-2004,PAQ_C,PAQ180,Avg level of physical activity each day,9278,6213,https://wwwn.cdc.gov/Nchs/Data/Nhanes/Public/2003/DataFiles/PAQ_C.htm#PAQ180
2003-2004,PAQ_C,PAD200,Vigorous activity over past 30 days,9278,7242,https://wwwn.cdc.gov/Nchs/Data/Nhanes/Public/2003/DataFiles/PAQ_C.htm#PAD200
2003-2004,PAQ_C,PAD320,Moderate activity over past 30 days,9278,7240,https://wwwn.cdc.gov/Nchs/Data/Nhanes/Public/2003/DataFiles/PAQ_C.htm#PAD320
2003-2004,PAQ_C,PAD440,Muscle strengthening activities,9278,7239,https://wwwn.cdc.gov/Nchs/Data/Nhanes/Public/2003/DataFiles/PAQ_C.htm#PAD440
2003-2004,PAQ_C,PAD460,Number of times past 30 days,9278,2569,https://wwwn.cdc.gov/Nchs/Data/Nhanes/Public/2003/DataFiles/PAQ_C.htm#PAD460
2003-2004,PAQ_C,PAQ500,Activity comparison last mo - last yr,9278,7238,https://wwwn.cdc.gov/Nchs/Data/Nhanes/Public/2003/DataFiles/PAQ_C.htm#PAQ500
2003-2004,PAQ_C,PAQ520,Compare activity w/others same age,9278,7238,https://wwwn.cdc.gov/Nchs/Data/Nhanes/Public/2003/DataFiles/PAQ_C.htm#PAQ520
2003-2004,PAQ_C,PAQ540,Compare activity with 10 years ago,9278,4130,https://wwwn.cdc.gov/Nchs/Data/Nhanes/Public/2003/DataFiles/PAQ_C.htm#PAQ540
2003-2004,PAQ_C,PAQ560,# time/week you play or exercise hard,9278,1959,https://wwwn.cdc.gov/Nchs/Data/Nhanes/Public/2003/DataFiles/PAQ_C.htm#PAQ560
2003-2004,PAQ_C,PAD590,# hours watch TV or videos past 30 days,9278,9197,https://wwwn.cdc.gov/Nchs/Data/Nhanes/Public/2003/DataFiles/PAQ_C.htm#PAD590
2003-2004,PAQ_C,PAD600,# of hours use computer past 30 days,9278,9197,https://wwwn.cdc.gov/Nchs/Data/Nhanes/Public/2003/DataFiles/PAQ_C.htm#PAD600
2003-2004,PFQ_C,SEQN,Respondent sequence number,9645,9645,https://wwwn.cdc.gov/Nchs/Data/Nhanes/Public/2003/DataFiles/PFQ_C.htm#SEQN
2003-2004,PFQ_C,PFQ010,"Physical,mental,emotional limitations",9645,1054,https://wwwn.cdc.gov/Nchs/Data/Nhanes/Public/2003/DataFiles/PFQ_C.htm#PFQ010
2003-2004,PFQ_C,PFQ015,Able to take part in most type of play,9645,33,https://wwwn.cdc.gov/Nchs/Data/Nhanes/Public/2003/DataFiles/PFQ_C.htm#PFQ015
2003-2004,PFQ_C,PFQ020,"Crawl, walk, run, play limitations",9645,4604,https://wwwn.cdc.gov/Nchs/Data/Nhanes/Public/2003/DataFiles/PFQ_C.htm#PFQ020
2003-2004,PFQ_C,PFQ030,Long term impairment/health problem,9645,189,https://wwwn.cdc.gov/Nchs/Data/Nhanes/Public/2003/DataFiles/PFQ_C.htm#PFQ030
2003-2004,PFQ_C,PFQ041,Receive Special Ed or Early Intervention,9645,4023,https://wwwn.cdc.gov/Nchs/Data/Nhanes/Public/2003/DataFiles/PFQ_C.htm#PFQ041
2003-2004,PFQ_C,PFQ049,Limitations keeping you from working,9645,5040,https://wwwn.cdc.gov/Nchs/Data/Nhanes/Public/2003/DataFiles/PFQ_C.htm#PFQ049
2003-2004,PFQ_C,PFQ051,Limited in amount of work you can do,9645,5040,https://wwwn.cdc.gov/Nchs/Data/Nhanes/Public/2003/DataFiles/PFQ_C.htm#PFQ051
2003-2004,PFQ_C,PFQ054,Need special equipment to walk,9645,5040,https://wwwn.cdc.gov/Nchs/Data/Nhanes/Public/2003/DataFiles/PFQ_C.htm#PFQ054
2003-2004,PFQ_C,PFQ057,Experience confusion/memory problems,9645,5040,https://wwwn.cdc.gov/Nchs/Data/Nhanes/Public/2003/DataFiles/PFQ_C.htm#PFQ057
2003-2004,PFQ_C,PFQ059,"Physical, mental, emotional limitations",9645,3549,https://wwwn.cdc.gov/Nchs/Data/Nhanes/Public/2003/DataFiles/PFQ_C.htm#PFQ059
2003-2004,PFQ_C,PFQ061A,Managing money difficulty,9645,2568,https://wwwn.cdc.gov/Nchs/Data/Nhanes/Public/2003/DataFiles/PFQ_C.htm#PFQ061A
2003-2004,PFQ_C,PFQ061B,Walking for a quarter mile difficulty,9645,2006,https://wwwn.cdc.gov/Nchs/Data/Nhanes/Public/2003/DataFiles/PFQ_C.htm#PFQ061B
2003-2004,PFQ_C,PFQ061C,Walking up ten steps difficulty,9645,2006,https://wwwn.cdc.gov/Nchs/Data/Nhanes/Public/2003/DataFiles/PFQ_C.htm#PFQ061C
2003-2004,PFQ_C,PFQ061D,"Stooping, crouching, kneeling difficulty",9645,2568,https://wwwn.cdc.gov/Nchs/Data/Nhanes/Public/2003/DataFiles/PFQ_C.htm#PFQ061D
2003-2004,PFQ_C,PFQ061E,Lifting or carrying difficulty,9645,2568,https://wwwn.cdc.gov/Nchs/Data/Nhanes/Public/2003/DataFiles/PFQ_C.htm#PFQ061E
2003-2004,PFQ_C,PFQ061F,House chore difficulty,9645,2568,https://wwwn.cdc.gov/Nchs/Data/Nhanes/Public/2003/DataFiles/PFQ_C.htm#PFQ061F
2003-2004,PFQ_C,PFQ061G,Preparing meals difficulty,9645,2568,https://wwwn.cdc.gov/Nchs/Data/Nhanes/Public/2003/DataFiles/PFQ_C.htm#PFQ061G
2003-2004,PFQ_C,PFQ061H,Walking between rooms on same floor,9645,2568,https://wwwn.cdc.gov/Nchs/Data/Nhanes/Public/2003/DataFiles/PFQ_C.htm#PFQ061H
2003-2004,PFQ_C,PFQ061I,Standingup from armless chair difficulty,9645,2568,https://wwwn.cdc.gov/Nchs/Data/Nhanes/Public/2003/DataFiles/PFQ_C.htm#PFQ061I
2003-2004,PFQ_C,PFQ061J,Getting in and out of bed difficulty,9645,2568,https://wwwn.cdc.gov/Nchs/Data/Nhanes/Public/2003/DataFiles/PFQ_C.htm#PFQ061J
2003-2004,PFQ_C,PFQ061K,"Using fork, knife, drinking from cup",9645,2568,https://wwwn.cdc.gov/Nchs/Data/Nhanes/Public/2003/DataFiles/PFQ_C.htm#PFQ061K
2003-2004,PFQ_C,PFQ061L,Dressing yourself difficulty,9645,2568,https://wwwn.cdc.gov/Nchs/Data/Nhanes/Public/2003/DataFiles/PFQ_C.htm#PFQ061L
2003-2004,PFQ_C,PFQ061M,Standing for long periods difficulty,9645,2568,https://wwwn.cdc.gov/Nchs/Data/Nhanes/Public/2003/DataFiles/PFQ_C.htm#PFQ061M
2003-2004,PFQ_C,PFQ061N,Sitting for long periods difficulty,9645,2568,https://wwwn.cdc.gov/Nchs/Data/Nhanes/Public/2003/DataFiles/PFQ_C.htm#PFQ061N
2003-2004,PFQ_C,PFQ061O,Reaching up over head difficulty,9645,2568,https://wwwn.cdc.gov/Nchs/Data/Nhanes/Public/2003/DataFiles/PFQ_C.htm#PFQ061O
2003-2004,PFQ_C,PFQ061P,Grasp/holding small objects difficulty,9645,2568,https://wwwn.cdc.gov/Nchs/Data/Nhanes/Public/2003/DataFiles/PFQ_C.htm#PFQ061P
2003-2004,PFQ_C,PFQ061Q,"Going out to movies, events difficulty",9645,2568,https://wwwn.cdc.gov/Nchs/Data/Nhanes/Public/2003/DataFiles/PFQ_C.htm#PFQ061Q
2003-2004,PFQ_C,PFQ061R,Attending social event difficulty,9645,2568,https://wwwn.cdc.gov/Nchs/Data/Nhanes/Public/2003/DataFiles/PFQ_C.htm#PFQ061R
2003-2004,PFQ_C,PFQ061S,Leisure activity at home difficulty,9645,2568,https://wwwn.cdc.gov/Nchs/Data/Nhanes/Public/2003/DataFiles/PFQ_C.htm#PFQ061S
2003-2004,PFQ_C,PFQ061T,Push or pull large objects difficulty,9645,2568,https://wwwn.cdc.gov/Nchs/Data/Nhanes/Public/2003/DataFiles/PFQ_C.htm#PFQ061T
2003-2004,PFQ_C,PFQ063A,Health problems causing difficulty,9645,1906,https://wwwn.cdc.gov/Nchs/Data/Nhanes/Public/2003/DataFiles/PFQ_C.htm#PFQ063A
2003-2004,PFQ_C,PFQ063B,Health problems causing difficulty,9645,992,https://wwwn.cdc.gov/Nchs/Data/Nhanes/Public/2003/DataFiles/PFQ_C.htm#PFQ063B
2003-2004,PFQ_C,PFQ063C,Health problems causing difficulty,9645,554,https://wwwn.cdc.gov/Nchs/Data/Nhanes/Public/2003/DataFiles/PFQ_C.htm#PFQ063C
2003-2004,PFQ_C,PFQ063D,Health problems causing difficulty,9645,318,https://wwwn.cdc.gov/Nchs/Data/Nhanes/Public/2003/DataFiles/PFQ_C.htm#PFQ063D
2003-2004,PFQ_C,PFQ063E,Health problems causing difficulty,9645,159,https://wwwn.cdc.gov/Nchs/Data/Nhanes/Public/2003/DataFiles/PFQ_C.htm#PFQ063E
2003-2004,PFQ_C,PFQ090,Require special healthcare equipment,9645,5040,https://wwwn.cdc.gov/Nchs/Data/Nhanes/Public/2003/DataFiles/PFQ_C.htm#PFQ090
2003-2004,RXQ_RX_C,SEQN,Respondent sequence number,18401,18401,https://wwwn.cdc.gov/Nchs/Data/Nhanes/Public/2003/DataFiles/RXQ_RX_C.htm#SEQN
2003-2004,RXQ_RX_C,RXDUSE,"Taken prescription medicine, past month",18401,18387,https://wwwn.cdc.gov/Nchs/Data/Nhanes/Public/2003/DataFiles/RXQ_RX_C.htm#RXDUSE
2003-2004,RXQ_RX_C,RXDCOUNT,Number of prescription medicines taken,18401,12308,https://wwwn.cdc.gov/Nchs/Data/Nhanes/Public/2003/DataFiles/RXQ_RX_C.htm#RXDCOUNT
2003-2004,SMQ_C,SEQN,Respondent sequence number,5041,5041,https://wwwn.cdc.gov/Nchs/Data/Nhanes/Public/2003/DataFiles/SMQ_C.htm#SEQN
2003-2004,SMQ_C,SMQ020,Smoked at least 100 cigarettes in life,5041,5040,https://wwwn.cdc.gov/Nchs/Data/Nhanes/Public/2003/DataFiles/SMQ_C.htm#SMQ020
2005-2006,ALQ_D,SEQN,Respondent sequence number,4773,4773,https://wwwn.cdc.gov/Nchs/Data/Nhanes/Public/2005/DataFiles/ALQ_D.htm#SEQN
2005-2006,ALQ_D,ALQ101,Had at least 12 alcohol drinks/1 yr?,4773,4354,https://wwwn.cdc.gov/Nchs/Data/Nhanes/Public/2005/DataFiles/ALQ_D.htm#ALQ101
2005-2006,ALQ_D,ALQ110,Had at least 12 alcohol drinks/lifetime?,4773,1360,https://wwwn.cdc.gov/Nchs/Data/Nhanes/Public/2005/DataFiles/ALQ_D.htm#ALQ110
2005-2006,ALQ_D,ALQ120Q,How often drink alcohol over past 12 mos,4773,3747,https://wwwn.cdc.gov/Nchs/Data/Nhanes/Public/2005/DataFiles/ALQ_D.htm#ALQ120Q
2005-2006,ALQ_D,ALQ120U,"# days drink alcohol per wk, mo, yr",4773,2815,https://wwwn.cdc.gov/Nchs/Data/Nhanes/Public/2005/DataFiles/ALQ_D.htm#ALQ120U
2005-2006,ALQ_D,ALQ130,Avg # alcoholic drinks/day -past 12 mos,4773,2822,https://wwwn.cdc.gov/Nchs/Data/Nhanes/Public/2005/DataFiles/ALQ_D.htm#ALQ130
2005-2006,BIOPRO_D,SEQN,Respondent sequence number,6980,6980,https://wwwn.cdc.gov/Nchs/Data/Nhanes/Public/2005/DataFiles/BIOPRO_D.htm#SEQN
2005-2006,BIOPRO_D,LBXSAPSI,Alkaline phosphotase (U/L),6980,6433,https://wwwn.cdc.gov/Nchs/Data/Nhanes/Public/2005/DataFiles/BIOPRO_D.htm#LBXSAPSI
2005-2006,BIOPRO_D,LBXSBU,Blood urea nitrogen (mg/dL),6980,6434,https://wwwn.cdc.gov/Nchs/Data/Nhanes/Public/2005/DataFiles/BIOPRO_D.htm#LBXSBU
2005-2006,BIOPRO_D,LBDSBUSI,Blood urea nitrogen (mmol/L),6980,6434,https://wwwn.cdc.gov/Nchs/Data/Nhanes/Public/2005/DataFiles/BIOPRO_D.htm#LBDSBUSI
2005-2006,BIOPRO_D,LBXSCA,Total calcium (mg/dL),6980,6434,https://wwwn.cdc.gov/Nchs/Data/Nhanes/Public/2005/DataFiles/BIOPRO_D.htm#LBXSCA
2005-2006,BIOPRO_D,LBDSCASI,Total calcium (mmol/L),6980,6434,https://wwwn.cdc.gov/Nchs/Data/Nhanes/Public/2005/DataFiles/BIOPRO_D.htm#LBDSCASI
2005-2006,BIOPRO_D,LBXSC3SI,Bicarbonate (mmol/L),6980,6349,https://wwwn.cdc.gov/Nchs/Data/Nhanes/Public/2005/DataFiles/BIOPRO_D.htm#LBXSC3SI
2005-2006,BIOPRO_D,LBXSLDSI,Lactate dehydrogenase LDH (U/L),6980,6348,https://wwwn.cdc.gov/Nchs/Data/Nhanes/Public/2005/DataFiles/BIOPRO_D.htm#LBXSLDSI
2005-2006,BIOPRO_D,LBXSUA,Uric acid (mg/dL),6980,6433,https://wwwn.cdc.gov/Nchs/Data/Nhanes/Public/2005/DataFiles/BIOPRO_D.htm#LBXSUA
2005-2006,BIOPRO_D,LBDSUASI,Uric acid (umol/L),6980,6433,https://wwwn.cdc.gov/Nchs/Data/Nhanes/Public/2005/DataFiles/BIOPRO_D.htm#LBDSUASI
2005-2006,BMX_D,SEQN,Respondent sequence number,9950,9950,https://wwwn.cdc.gov/Nchs/Data/Nhanes/Public/2005/DataFiles/BMX_D.htm#SEQN
2005-2006,BMX_D,BMXBMI,Body Mass Index (kg/m**2),9950,8949,https://wwwn.cdc.gov/Nchs/Data/Nhanes/Public/2005/DataFiles/BMX_D.htm#BMXBMI
2005-2006,BPQ_D,SEQN,Respondent sequence number,6139,6139,https://wwwn.cdc.gov/Nchs/Data/Nhanes/Public/2005/DataFiles/BPQ_D.htm#SEQN
2005-2006,BPQ_D,BPQ020,Ever told you had high blood pressure,6139,6139,https://wwwn.cdc.gov/Nchs/Data/Nhanes/Public/2005/DataFiles/BPQ_D.htm#BPQ020
2005-2006,BPQ_D,BPQ030,Told had high blood pressure - 2+ times,6139,1625,https://wwwn.cdc.gov/Nchs/Data/Nhanes/Public/2005/DataFiles/BPQ_D.htm#BPQ030
2005-2006,BPQ_D,BPQ040A,Taking prescription for hypertension,6139,1625,https://wwwn.cdc.gov/Nchs/Data/Nhanes/Public/2005/DataFiles/BPQ_D.htm#BPQ040A
2005-2006,BPQ_D,BPQ050A,Now taking prescribed medicine for HBP,6139,1328,https://wwwn.cdc.gov/Nchs/Data/Nhanes/Public/2005/DataFiles/BPQ_D.htm#BPQ050A
2005-2006,BPQ_D,BPQ060,Ever had blood cholesterol checked,6139,4979,https://wwwn.cdc.gov/Nchs/Data/Nhanes/Public/2005/DataFiles/BPQ_D.htm#BPQ060
2005-2006,BPQ_D,BPQ070,When blood cholesterol last checked,6139,3370,https://wwwn.cdc.gov/Nchs/Data/Nhanes/Public/2005/DataFiles/BPQ_D.htm#BPQ070
2005-2006,BPQ_D,BPQ080,Doctor told you - high cholesterol level,6139,3370,https://wwwn.cdc.gov/Nchs/Data/Nhanes/Public/2005/DataFiles/BPQ_D.htm#BPQ080
2005-2006,BPQ_D,BPQ090A,Told to eat less fat for cholesterol,6139,1386,https://wwwn.cdc.gov/Nchs/Data/Nhanes/Public/2005/DataFiles/BPQ_D.htm#BPQ090A
2005-2006,BPQ_D,BPQ090B,Told to reduce weight for cholesterol,6139,1386,https://wwwn.cdc.gov/Nchs/Data/Nhanes/Public/2005/DataFiles/BPQ_D.htm#BPQ090B
2005-2006,BPQ_D,BPQ090C,Told to exercise more for cholesterol,6139,1386,https://wwwn.cdc.gov/Nchs/Data/Nhanes/Public/2005/DataFiles/BPQ_D.htm#BPQ090C
2005-2006,BPQ_D,BPQ090D,Told to take prescriptn for cholesterol,6139,1386,https://wwwn.cdc.gov/Nchs/Data/Nhanes/Public/2005/DataFiles/BPQ_D.htm#BPQ090D
2005-2006,BPQ_D,BPQ100A,Now eating fewer high fat foods,6139,1074,https://wwwn.cdc.gov/Nchs/Data/Nhanes/Public/2005/DataFiles/BPQ_D.htm#BPQ100A
2005-2006,BPQ_D,BPQ100B,Now controlling weight,6139,753,https://wwwn.cdc.gov/Nchs/Data/Nhanes/Public/2005/DataFiles/BPQ_D.htm#BPQ100B
2005-2006,BPQ_D,BPQ100C,Now increasing exercise,6139,887,https://wwwn.cdc.gov/Nchs/Data/Nhanes/Public/2005/DataFiles/BPQ_D.htm#BPQ100C
2005-2006,BPQ_D,BPQ100D,Now taking prescribed medicine,6139,851,https://wwwn.cdc.gov/Nchs/Data/Nhanes/Public/2005/DataFiles/BPQ_D.htm#BPQ100D
2005-2006,BPX_D,SEQN,Respondent sequence number,9950,9950,https://wwwn.cdc.gov/Nchs/Data/Nhanes/Public/2005/DataFiles/BPX_D.htm#SEQN
2005-2006,BPX_D,BPXCHR,60 sec HR (30 sec HR * 2),9950,2168,https://wwwn.cdc.gov/Nchs/Data/Nhanes/Public/2005/DataFiles/BPX_D.htm#BPXCHR
2005-2006,BPX_D,BPQ150A,Had food in the past 30 minutes?,9950,7455,https://wwwn.cdc.gov/Nchs/Data/Nhanes/Public/2005/DataFiles/BPX_D.htm#BPQ150A
2005-2006,BPX_D,BPQ150B,Had alcohol in the past 30 minutes?,9950,7455,https://wwwn.cdc.gov/Nchs/Data/Nhanes/Public/2005/DataFiles/BPX_D.htm#BPQ150B
2005-2006,BPX_D,BPQ150C,Had coffee in the past 30 minutes?,9950,7455,https://wwwn.cdc.gov/Nchs/Data/Nhanes/Public/2005/DataFiles/BPX_D.htm#BPQ150C
2005-2006,BPX_D,BPQ150D,Had cigarettes in the past 30 minutes?,9950,7455,https://wwwn.cdc.gov/Nchs/Data/Nhanes/Public/2005/DataFiles/BPX_D.htm#BPQ150D
2005-2006,BPX_D,BPXPLS,60 sec. pulse (30 sec. pulse * 2):,9950,7441,https://wwwn.cdc.gov/Nchs/Data/Nhanes/Public/2005/DataFiles/BPX_D.htm#BPXPLS
2005-2006,BPX_D,BPXDB,# of dropped beats in 30 seconds,9950,55,https://wwwn.cdc.gov/Nchs/Data/Nhanes/Public/2005/DataFiles/BPX_D.htm#BPXDB
2005-2006,BPX_D,BPXPULS,Pulse regular or irregular?,9950,9438,https://wwwn.cdc.gov/Nchs/Data/Nhanes/Public/2005/DataFiles/BPX_D.htm#BPXPULS
2005-2006,BPX_D,BPXPTY,Pulse type:,9950,7449,https://wwwn.cdc.gov/Nchs/Data/Nhanes/Public/2005/DataFiles/BPX_D.htm#BPXPTY
2005-2006,BPX_D,BPXML1,MIL: maximum inflation levels (mm Hg),9950,7377,https://wwwn.cdc.gov/Nchs/Data/Nhanes/Public/2005/DataFiles/BPX_D.htm#BPXML1
2005-2006,BPX_D,BPXSY1,Systolic: Blood pres (1st rdg) mm Hg,9950,6668,https://wwwn.cdc.gov/Nchs/Data/Nhanes/Public/2005/DataFiles/BPX_D.htm#BPXSY1
2005-2006,BPX_D,BPXDI1,Diastolic: Blood pres (1st rdg) mm Hg,9950,6668,https://wwwn.cdc.gov/Nchs/Data/Nhanes/Public/2005/DataFiles/BPX_D.htm#BPXDI1
2005-2006,BPX_D,BPXSY2,Systolic: Blood pres (2nd rdg) mm Hg,9950,6265,https://wwwn.cdc.gov/Nchs/Data/Nhanes/Public/2005/DataFiles/BPX_D.htm#BPXSY2
2005-2006,BPX_D,BPXDI2,Diastolic: Blood pres (2nd rdg) mm Hg,9950,6265,https://wwwn.cdc.gov/Nchs/Data/Nhanes/Public/2005/DataFiles/BPX_D.htm#BPXDI2
2005-2006,BPX_D,BPXSY3,Systolic: Blood pres (3rd rdg) mm Hg,9950,6091,https://wwwn.cdc.gov/Nchs/Data/Nhanes/Public/2005/DataFiles/BPX_D.htm#BPXSY3
2005-2006,BPX_D,BPXDI3,Diastolic: Blood pres (3rd rdg) mm Hg,9950,6091,https://wwwn.cdc.gov/Nchs/Data/Nhanes/Public/2005/DataFiles/BPX_D.htm#BPXDI3
2005-2006,BPX_D,BPXSY4,Systolic: Blood pres (4th rdg) mm Hg,9950,1179,https://wwwn.cdc.gov/Nchs/Data/Nhanes/Public/2005/DataFiles/BPX_D.htm#BPXSY4
2005-2006,BPX_D,BPXDI4,Diastolic: Blood pres (4th rdg) mm Hg,9950,1179,https://wwwn.cdc.gov/Nchs/Data/Nhanes/Public/2005/DataFiles/BPX_D.htm#BPXDI4
2005-2006,CBC_D,SEQN,Respondent sequence number,9440,9440,https://wwwn.cdc.gov/Nchs/Data/Nhanes/Public/2005/DataFiles/CBC_D.htm#SEQN
2005-2006,CBC_D,LBXWBCSI,White blood cell count (1000 cells/uL),9440,8400,https://wwwn.cdc.gov/Nchs/Data/Nhanes/Public/2005/DataFiles/CBC_D.htm#LBXWBCSI
2005-2006,CBC_D,LBXLYPCT,Lymphocyte percent (%),9440,8378,https://wwwn.cdc.gov/Nchs/Data/Nhanes/Public/2005/DataFiles/CBC_D.htm#LBXLYPCT
2005-2006,CBC_D,LBXMOPCT,Monocyte percent (%),9440,8378,https://wwwn.cdc.gov/Nchs/Data/Nhanes/Public/2005/DataFiles/CBC_D.htm#LBXMOPCT
2005-2006,CBC_D,LBXNEPCT,Segmented neutrophils percent (%),9440,8378,https://wwwn.cdc.gov/Nchs/Data/Nhanes/Public/2005/DataFiles/CBC_D.htm#LBXNEPCT
2005-2006,CBC_D,LBDLYMNO,Lymphocyte number (1000 cells/uL),9440,8378,https://wwwn.cdc.gov/Nchs/Data/Nhanes/Public/2005/DataFiles/CBC_D.htm#LBDLYMNO
2005-2006,CBC_D,LBDMONO,Monocyte number (1000 cells/uL),9440,8378,https://wwwn.cdc.gov/Nchs/Data/Nhanes/Public/2005/DataFiles/CBC_D.htm#LBDMONO
2005-2006,CBC_D,LBDNENO,Segmented neutrophils num (1000 cell/uL),9440,8378,https://wwwn.cdc.gov/Nchs/Data/Nhanes/Public/2005/DataFiles/CBC_D.htm#LBDNENO
2005-2006,CBC_D,LBXRDW,Red cell distribution width (%),9440,8400,https://wwwn.cdc.gov/Nchs/Data/Nhanes/Public/2005/DataFiles/CBC_D.htm#LBXRDW
2005-2006,CBC_D,LBXPLTSI,Platelet count SI (1000 cells/uL),9440,8400,https://wwwn.cdc.gov/Nchs/Data/Nhanes/Public/2005/DataFiles/CBC_D.htm#LBXPLTSI
2005-2006,DEMO_D,SEQN,Respondent sequence number,10348,10348,https://wwwn.cdc.gov/Nchs/Data/Nhanes/Public/2005/DataFiles/DEMO_D.htm#SEQN
2005-2006,DEMO_D,SDDSRVYR,Data Release Number,10348,10348,https://wwwn.cdc.gov/Nchs/Data/Nhanes/Public/2005/DataFiles/DEMO_D.htm#SDDSRVYR
2005-2006,DEMO_D,RIAGENDR,Gender,10348,10348,https://wwwn.cdc.gov/Nchs/Data/Nhanes/Public/2005/DataFiles/DEMO_D.htm#RIAGENDR
2005-2006,DEMO_D,RIDAGEYR,Age at Screening Adjudicated - Recode,10348,10348,https://wwwn.cdc.gov/Nchs/Data/Nhanes/Public/2005/DataFiles/DEMO_D.htm#RIDAGEYR
2005-2006,DEMO_D,RIDRETH1,Race/Ethnicity - Recode,10348,10348,https://wwwn.cdc.gov/Nchs/Data/Nhanes/Public/2005/DataFiles/DEMO_D.htm#RIDRETH1
2005-2006,DEMO_D,DMDEDUC2,Education Level - Adults 20+,10348,4979,https://wwwn.cdc.gov/Nchs/Data/Nhanes/Public/2005/DataFiles/DEMO_D.htm#DMDEDUC2
2005-2006,DEMO_D,INDFMPIR,Family PIR,10348,9814,https://wwwn.cdc.gov/Nchs/Data/Nhanes/Public/2005/DataFiles/DEMO_D.htm#INDFMPIR
2005-2006,DEMO_D,WTINT2YR,Full Sample 2 Year Interview Weight,10348,10348,https://wwwn.cdc.gov/Nchs/Data/Nhanes/Public/2005/DataFiles/DEMO_D.htm#WTINT2YR
2005-2006,DEMO_D,WTMEC2YR,Full Sample 2 Year MEC Exam Weight,10348,10348,https://wwwn.cdc.gov/Nchs/Data/Nhanes/Public/2005/DataFiles/DEMO_D.htm#WTMEC2YR
2005-2006,DEMO_D,SDMVPSU,Masked Variance Pseudo-PSU,10348,10348,https://wwwn.cdc.gov/Nchs/Data/Nhanes/Public/2005/DataFiles/DEMO_D.htm#SDMVPSU
2005-2006,DEMO_D,SDMVSTRA,Masked Variance Pseudo-Stratum,10348,10348,https://wwwn.cdc.gov/Nchs/Data/Nhanes/Public/2005/DataFiles/DEMO_D.htm#SDMVSTRA
2005-2006,DIQ_D,SEQN,Respondent sequence number,9822,9822,https://wwwn.cdc.gov/Nchs/Data/Nhanes/Public/2005/DataFiles/DIQ_D.htm#SEQN
2005-2006,DIQ_D,DIQ010,Doctor told you have diabetes,9822,9822,https://wwwn.cdc.gov/Nchs/Data/Nhanes/Public/2005/DataFiles/DIQ_D.htm#DIQ010
2005-2006,DIQ_D,DIQ220,When was your diabetes diagnosed,9822,115,https://wwwn.cdc.gov/Nchs/Data/Nhanes/Public/2005/DataFiles/DIQ_D.htm#DIQ220
2005-2006,DIQ_D,DIQ160,Ever told you have prediabetes,9822,6651,https://wwwn.cdc.gov/Nchs/Data/Nhanes/Public/2005/DataFiles/DIQ_D.htm#DIQ160
2005-2006,DIQ_D,DIQ170,Ever told have health risk for diabetes,9822,6751,https://wwwn.cdc.gov/Nchs/Data/Nhanes/Public/2005/DataFiles/DIQ_D.htm#DIQ170
2005-2006,DIQ_D,DIQ180,Had blood tested past three years,9822,6751,https://wwwn.cdc.gov/Nchs/Data/Nhanes/Public/2005/DataFiles/DIQ_D.htm#DIQ180
2005-2006,DIQ_D,DIQ190A,Past yr told control weight,9822,7267,https://wwwn.cdc.gov/Nchs/Data/Nhanes/Public/2005/DataFiles/DIQ_D.htm#DIQ190A
2005-2006,DIQ_D,DIQ190B,Past yr told increase physical activity,9822,7267,https://wwwn.cdc.gov/Nchs/Data/Nhanes/Public/2005/DataFiles/DIQ_D.htm#DIQ190B
2005-2006,DIQ_D,DIQ190C,Past yr told reduce fat/calories in diet,9822,7267,https://wwwn.cdc.gov/Nchs/Data/Nhanes/Public/2005/DataFiles/DIQ_D.htm#DIQ190C
2005-2006,DIQ_D,DIQ200A,Are you controlling weight,9822,7267,https://wwwn.cdc.gov/Nchs/Data/Nhanes/Public/2005/DataFiles/DIQ_D.htm#DIQ200A
2005-2006,DIQ_D,DIQ200B,Are you increasing physical activity,9822,7267,https://wwwn.cdc.gov/Nchs/Data/Nhanes/Public/2005/DataFiles/DIQ_D.htm#DIQ200B
2005-2006,DIQ_D,DIQ200C,Are you reducing fat/calories in diet,9822,7267,https://wwwn.cdc.gov/Nchs/Data/Nhanes/Public/2005/DataFiles/DIQ_D.htm#DIQ200C
2005-2006,DIQ_D,DIQ050,Taking insulin now,9822,9822,https://wwwn.cdc.gov/Nchs/Data/Nhanes/Public/2005/DataFiles/DIQ_D.htm#DIQ050
2005-2006,DIQ_D,DIQ060U,Unit of measure (month/year),9822,149,https://wwwn.cdc.gov/Nchs/Data/Nhanes/Public/2005/DataFiles/DIQ_D.htm#DIQ060U
2005-2006,DIQ_D,DIQ230,How long ago saw a diabetes specialist,9822,521,https://wwwn.cdc.gov/Nchs/Data/Nhanes/Public/2005/DataFiles/DIQ_D.htm#DIQ230
2005-2006,DIQ_D,DIQ240,Is there one Dr you see for diabetes,9822,521,https://wwwn.cdc.gov/Nchs/Data/Nhanes/Public/2005/DataFiles/DIQ_D.htm#DIQ240
2005-2006,DIQ_D,DIQ260U,Unit of measure (day/week/month/year),9822,444,https://wwwn.cdc.gov/Nchs/Data/Nhanes/Public/2005/DataFiles/DIQ_D.htm#DIQ260U
2005-2006,DIQ_D,DIQ280,What was your last A1C level,9822,370,https://wwwn.cdc.gov/Nchs/Data/Nhanes/Public/2005/DataFiles/DIQ_D.htm#DIQ280
2005-2006,DIQ_D,DIQ290,What does Dr say A1C should be,9822,370,https://wwwn.cdc.gov/Nchs/Data/Nhanes/Public/2005/DataFiles/DIQ_D.htm#DIQ290
2005-2006,DIQ_D,DIQ300S,What was your recent SBP,9822,516,https://wwwn.cdc.gov/Nchs/Data/Nhanes/Public/2005/DataFiles/DIQ_D.htm#DIQ300S
2005-2006,DIQ_D,DIQ300D,What was your recent DBP,9822,516,https://wwwn.cdc.gov/Nchs/Data/Nhanes/Public/2005/DataFiles/DIQ_D.htm#DIQ300D
2005-2006,DIQ_D,DIQ350U,Unit of measure (day/week/month/year),9822,403,https://wwwn.cdc.gov/Nchs/Data/Nhanes/Public/2005/DataFiles/DIQ_D.htm#DIQ350U
2005-2006,DIQ_D,DIQ360,Last time had pupils dilated for exam,9822,516,https://wwwn.cdc.gov/Nchs/Data/Nhanes/Public/2005/DataFiles/DIQ_D.htm#DIQ360
2005-2006,DIQ_D,DIQ080,Diabetes affected eyes/had retinopathy,9822,516,https://wwwn.cdc.gov/Nchs/Data/Nhanes/Public/2005/DataFiles/DIQ_D.htm#DIQ080
2005-2006,DR1TOT_D,SEQN,Respondent sequence number,9950,9950,https://wwwn.cdc.gov/Nchs/Data/Nhanes/Public/2005/DataFiles/DR1TOT_D.htm#SEQN
2005-2006,DR1TOT_D,DR1DRSTZ,Dietary recall status,9950,9950,https://wwwn.cdc.gov/Nchs/Data/Nhanes/Public/2005/DataFiles/DR1TOT_D.htm#DR1DRSTZ
2005-2006,DR1TOT_D,DRDINT,Number of days of intake,9950,9349,https://wwwn.cdc.gov/Nchs/Data/Nhanes/Public/2005/DataFiles/DR1TOT_D.htm#DRDINT
2005-2006,DR1TOT_D,DR1TKCAL,Energy (kcal),9950,9169,https://wwwn.cdc.gov/Nchs/Data/Nhanes/Public/2005/DataFiles/DR1TOT_D.htm#DR1TKCAL
2005-2006,DR2TOT_D,SEQN,Respondent sequence number,9950,9950,https://wwwn.cdc.gov/Nchs/Data/Nhanes/Public/2005/DataFiles/DR2TOT_D.htm#SEQN
2005-2006,DR2TOT_D,DR2DRSTZ,Dietary recall status,9950,9950,https://wwwn.cdc.gov/Nchs/Data/Nhanes/Public/2005/DataFiles/DR2TOT_D.htm#DR2DRSTZ
2005-2006,DR2TOT_D,DRDINT,Number of days of intake,9950,9349,https://wwwn.cdc.gov/Nchs/Data/Nhanes/Public/2005/DataFiles/DR2TOT_D.htm#DRDINT
2005-2006,DR2TOT_D,DR2TKCAL,Energy (kcal),9950,8264,https://wwwn.cdc.gov/Nchs/Data/Nhanes/Public/2005/DataFiles/DR2TOT_D.htm#DR2TKCAL
2005-2006,HSQ_D,SEQN,Respondent sequence number,9440,9440,https://wwwn.cdc.gov/Nchs/Data/Nhanes/Public/2005/DataFiles/HSQ_D.htm#SEQN
2005-2006,HSQ_D,HSD010,General health condition,9440,6408,https://wwwn.cdc.gov/Nchs/Data/Nhanes/Public/2005/DataFiles/HSQ_D.htm#HSD010
2005-2006,HUQ_D,SEQN,Respondent sequence number,10348,10348,https://wwwn.cdc.gov/Nchs/Data/Nhanes/Public/2005/DataFiles/HUQ_D.htm#SEQN
2005-2006,HUQ_D,HUQ010,General health condition,10348,10348,https://wwwn.cdc.gov/Nchs/Data/Nhanes/Public/2005/DataFiles/HUQ_D.htm#HUQ010
2005-2006,HUQ_D,HUQ020,Health now compared with 1 year ago,10348,9822,https://wwwn.cdc.gov/Nchs/Data/Nhanes/Public/2005/DataFiles/HUQ_D.htm#HUQ020
2005-2006,HUQ_D,HUQ030,Routine place to go for healthcare,10348,10348,https://wwwn.cdc.gov/Nchs/Data/Nhanes/Public/2005/DataFiles/HUQ_D.htm#HUQ030
2005-2006,HUQ_D,HUQ040,Type place most often go for healthcare,10348,9073,https://wwwn.cdc.gov/Nchs/Data/Nhanes/Public/2005/DataFiles/HUQ_D.htm#HUQ040
2005-2006,HUQ_D,HUQ050,#times receive healthcare over past year,10348,10348,https://wwwn.cdc.gov/Nchs/Data/Nhanes/Public/2005/DataFiles/HUQ_D.htm#HUQ050
2005-2006,HUQ_D,HUQ060,How long since last healthcare visit,10348,1526,https://wwwn.cdc.gov/Nchs/Data/Nhanes/Public/2005/DataFiles/HUQ_D.htm#HUQ060
2005-2006,HUQ_D,HUQ071,Overnite hospital patient in last year,10348,10348,https://wwwn.cdc.gov/Nchs/Data/Nhanes/Public/2005/DataFiles/HUQ_D.htm#HUQ071
2005-2006,HUQ_D,HUD080,#times overnite hospital patient/last yr,10348,984,https://wwwn.cdc.gov/Nchs/Data/Nhanes/Public/2005/DataFiles/HUQ_D.htm#HUD080
2005-2006,HUQ_D,HUQ090,Seen mental health professional/past yr,10348,8889,https://wwwn.cdc.gov/Nchs/Data/Nhanes/Public/2005/DataFiles/HUQ_D.htm#HUQ090
2005-2006,KIQ_U_D,SEQN,Respondent sequence number,4979,4979,https://wwwn.cdc.gov/Nchs/Data/Nhanes/Public/2005/DataFiles/KIQ_U_D.htm#SEQN
2005-2006,KIQ_U_D,KIQ022,Ever told you had weak/failing kidneys,4979,4979,https://wwwn.cdc.gov/Nchs/Data/Nhanes/Public/2005/DataFiles/KIQ_U_D.htm#KIQ022
2005-2006,KIQ_U_D,KIQ025,Received dialysis in past 12 months,4979,136,https://wwwn.cdc.gov/Nchs/Data/Nhanes/Public/2005/DataFiles/KIQ_U_D.htm#KIQ025
2005-2006,KIQ_U_D,KIQ005,How often have urinary leakage,4979,4348,https://wwwn.cdc.gov/Nchs/Data/Nhanes/Public/2005/DataFiles/KIQ_U_D.htm#KIQ005
2005-2006,KIQ_U_D,KIQ010,How much urine lose each time?,4979,1111,https://wwwn.cdc.gov/Nchs/Data/Nhanes/Public/2005/DataFiles/KIQ_U_D.htm#KIQ010
2005-2006,KIQ_U_D,KIQ042,Leak urine during physical activities,4979,4346,https://wwwn.cdc.gov/Nchs/Data/Nhanes/Public/2005/DataFiles/KIQ_U_D.htm#KIQ042
2005-2006,KIQ_U_D,KIQ430,How frequently does this occur?,4979,992,https://wwwn.cdc.gov/Nchs/Data/Nhanes/Public/2005/DataFiles/KIQ_U_D.htm#KIQ430
2005-2006,KIQ_U_D,KIQ044,Urinated before reaching the toilet,4979,4346,https://wwwn.cdc.gov/Nchs/Data/Nhanes/Public/2005/DataFiles/KIQ_U_D.htm#KIQ044
2005-2006,KIQ_U_D,KIQ450,How frequently does this occur?,4979,886,https://wwwn.cdc.gov/Nchs/Data/Nhanes/Public/2005/DataFiles/KIQ_U_D.htm#KIQ450
2005-2006,KIQ_U_D,KIQ046,Leak urine during nonphysical activities,4979,4344,https://wwwn.cdc.gov/Nchs/Data/Nhanes/Public/2005/DataFiles/KIQ_U_D.htm#KIQ046
2005-2006,KIQ_U_D,KIQ470,How frequently does this occur?,4979,289,https://wwwn.cdc.gov/Nchs/Data/Nhanes/Public/2005/DataFiles/KIQ_U_D.htm#KIQ470
2005-2006,KIQ_U_D,KIQ050,How much did urine leakage bother you,4979,1546,https://wwwn.cdc.gov/Nchs/Data/Nhanes/Public/2005/DataFiles/KIQ_U_D.htm#KIQ050
2005-2006,KIQ_U_D,KIQ052,How much were daily activities affected,4979,1546,https://wwwn.cdc.gov/Nchs/Data/Nhanes/Public/2005/DataFiles/KIQ_U_D.htm#KIQ052
2005-2006,KIQ_U_D,KIQ480,How many times urinate in night?,4979,4344,https://wwwn.cdc.gov/Nchs/Data/Nhanes/Public/2005/DataFiles/KIQ_U_D.htm#KIQ480
2005-2006,MCQ_D,SEQN,Respondent sequence number,9822,9822,https://wwwn.cdc.gov/Nchs/Data/Nhanes/Public/2005/DataFiles/MCQ_D.htm#SEQN
2005-2006,MCQ_D,MCQ010,Ever been told you have asthma,9822,9822,https://wwwn.cdc.gov/Nchs/Data/Nhanes/Public/2005/DataFiles/MCQ_D.htm#MCQ010
2005-2006,MCQ_D,MCQ025,Age when first had asthma,9822,1389,https://wwwn.cdc.gov/Nchs/Data/Nhanes/Public/2005/DataFiles/MCQ_D.htm#MCQ025
2005-2006,MCQ_D,MCQ035,Still have asthma,9822,1389,https://wwwn.cdc.gov/Nchs/Data/Nhanes/Public/2005/DataFiles/MCQ_D.htm#MCQ035
2005-2006,MCQ_D,MCQ040,Had asthma attack in past year,9822,873,https://wwwn.cdc.gov/Nchs/Data/Nhanes/Public/2005/DataFiles/MCQ_D.htm#MCQ040
2005-2006,MCQ_D,MCQ050,Emergency care visit for asthma/past yr,9822,476,https://wwwn.cdc.gov/Nchs/Data/Nhanes/Public/2005/DataFiles/MCQ_D.htm#MCQ050
2005-2006,MCQ_D,MCQ053,Taking treatment for anemia/past 3 mos,9822,9822,https://wwwn.cdc.gov/Nchs/Data/Nhanes/Public/2005/DataFiles/MCQ_D.htm#MCQ053
2005-2006,MCQ_D,MCQ080,Doctor ever said you were overweight,9822,6139,https://wwwn.cdc.gov/Nchs/Data/Nhanes/Public/2005/DataFiles/MCQ_D.htm#MCQ080
2005-2006,MCQ_D,MCQ092,Ever receive blood transfusion,9822,8411,https://wwwn.cdc.gov/Nchs/Data/Nhanes/Public/2005/DataFiles/MCQ_D.htm#MCQ092
2005-2006,MCQ_D,MCD093,Year receive blood transfusion,9822,692,https://wwwn.cdc.gov/Nchs/Data/Nhanes/Public/2005/DataFiles/MCQ_D.htm#MCD093
2005-2006,MCQ_D,MCQ140,Trouble seeing even with glass/contacts,9822,9463,https://wwwn.cdc.gov/Nchs/Data/Nhanes/Public/2005/DataFiles/MCQ_D.htm#MCQ140
2005-2006,MCQ_D,MCQ149,Menstrual periods started yet?,9822,395,https://wwwn.cdc.gov/Nchs/Data/Nhanes/Public/2005/DataFiles/MCQ_D.htm#MCQ149
2005-2006,MCQ_D,MCQ150G,School days missed from injury/illness,9822,3431,https://wwwn.cdc.gov/Nchs/Data/Nhanes/Public/2005/DataFiles/MCQ_D.htm#MCQ150G
2005-2006,MCQ_D,MCQ150Q,# school days missed from injury/illness,9822,3210,https://wwwn.cdc.gov/Nchs/Data/Nhanes/Public/2005/DataFiles/MCQ_D.htm#MCQ150Q
2005-2006,MCQ_D,MCQ160A,Doctor ever said you had arthritis,9822,4979,https://wwwn.cdc.gov/Nchs/Data/Nhanes/Public/2005/DataFiles/MCQ_D.htm#MCQ160A
2005-2006,MCQ_D,MCQ160B,Ever told had congestive heart failure,9822,4979,https://wwwn.cdc.gov/Nchs/Data/Nhanes/Public/2005/DataFiles/MCQ_D.htm#MCQ160B
2005-2006,MCQ_D,MCQ160C,Ever told you had coronary heart disease,9822,4979,https://wwwn.cdc.gov/Nchs/Data/Nhanes/Public/2005/DataFiles/MCQ_D.htm#MCQ160C
2005-2006,MCQ_D,MCQ160D,Ever told you had angina/angina pectoris,9822,4979,https://wwwn.cdc.gov/Nchs/Data/Nhanes/Public/2005/DataFiles/MCQ_D.htm#MCQ160D
2005-2006,MCQ_D,MCQ160E,Ever told you had heart attack,9822,4979,https://wwwn.cdc.gov/Nchs/Data/Nhanes/Public/2005/DataFiles/MCQ_D.htm#MCQ160E
2005-2006,MCQ_D,MCQ160F,Ever told you had a stroke,9822,4979,https://wwwn.cdc.gov/Nchs/Data/Nhanes/Public/2005/DataFiles/MCQ_D.htm#MCQ160F
2005-2006,MCQ_D,MCQ160G,Ever told you had emphysema,9822,4979,https://wwwn.cdc.gov/Nchs/Data/Nhanes/Public/2005/DataFiles/MCQ_D.htm#MCQ160G
2005-2006,MCQ_D,MCQ160K,Ever told you had chronic bronchitis,9822,4979,https://wwwn.cdc.gov/Nchs/Data/Nhanes/Public/2005/DataFiles/MCQ_D.htm#MCQ160K
2005-2006,MCQ_D,MCQ160L,Ever told you had any liver condition,9822,4979,https://wwwn.cdc.gov/Nchs/Data/Nhanes/Public/2005/DataFiles/MCQ_D.htm#MCQ160L
2005-2006,MCQ_D,MCQ160M,Ever told you had a thyroid problem,9822,4979,https://wwwn.cdc.gov/Nchs/Data/Nhanes/Public/2005/DataFiles/MCQ_D.htm#MCQ160M
2005-2006,MCQ_D,MCQ170K,Do you still have chronic bronchitis,9822,290,https://wwwn.cdc.gov/Nchs/Data/Nhanes/Public/2005/DataFiles/MCQ_D.htm#MCQ170K
2005-2006,MCQ_D,MCQ170L,Do you still have a liver condition,9822,163,https://wwwn.cdc.gov/Nchs/Data/Nhanes/Public/2005/DataFiles/MCQ_D.htm#MCQ170L
2005-2006,MCQ_D,MCQ170M,Do you still have a thyroid problem,9822,459,https://wwwn.cdc.gov/Nchs/Data/Nhanes/Public/2005/DataFiles/MCQ_D.htm#MCQ170M
2005-2006,MCQ_D,MCQ180A,Age when told you had arthritis,9822,1247,https://wwwn.cdc.gov/Nchs/Data/Nhanes/Public/2005/DataFiles/MCQ_D.htm#MCQ180A
2005-2006,MCQ_D,MCQ180B,Age when told you had heart failure,9822,180,https://wwwn.cdc.gov/Nchs/Data/Nhanes/Public/2005/DataFiles/MCQ_D.htm#MCQ180B
2005-2006,MCQ_D,MCQ180C,Age when told had coronary heart disease,9822,200,https://wwwn.cdc.gov/Nchs/Data/Nhanes/Public/2005/DataFiles/MCQ_D.htm#MCQ180C
2005-2006,MCQ_D,MCQ180D,Age when told you had angina pectoris,9822,155,https://wwwn.cdc.gov/Nchs/Data/Nhanes/Public/2005/DataFiles/MCQ_D.htm#MCQ180D
2005-2006,MCQ_D,MCQ180E,Age when told you had heart attack,9822,215,https://wwwn.cdc.gov/Nchs/Data/Nhanes/Public/2005/DataFiles/MCQ_D.htm#MCQ180E
2005-2006,MCQ_D,MCQ180F,Age when told you had a stroke,9822,193,https://wwwn.cdc.gov/Nchs/Data/Nhanes/Public/2005/DataFiles/MCQ_D.htm#MCQ180F
2005-2006,MCQ_D,MCQ180G,Age when told you had emphysema,9822,98,https://wwwn.cdc.gov/Nchs/Data/Nhanes/Public/2005/DataFiles/MCQ_D.htm#MCQ180G
2005-2006,MCQ_D,MCQ180K,Age when told you had chronic bronchitis,9822,290,https://wwwn.cdc.gov/Nchs/Data/Nhanes/Public/2005/DataFiles/MCQ_D.htm#MCQ180K
2005-2006,MCQ_D,MCQ180L,Age when told you had a liver condition,9822,163,https://wwwn.cdc.gov/Nchs/Data/Nhanes/Public/2005/DataFiles/MCQ_D.htm#MCQ180L
2005-2006,MCQ_D,MCQ180M,Age when told you had a thyroid problem,9822,459,https://wwwn.cdc.gov/Nchs/Data/Nhanes/Public/2005/DataFiles/MCQ_D.htm#MCQ180M
2005-2006,MCQ_D,MCQ190,Which type of arthritis,9822,1247,https://wwwn.cdc.gov/Nchs/Data/Nhanes/Public/2005/DataFiles/MCQ_D.htm#MCQ190
2005-2006,MCQ_D,MCQ220,Ever told you had cancer or malignancy,9822,4979,https://wwwn.cdc.gov/Nchs/Data/Nhanes/Public/2005/DataFiles/MCQ_D.htm#MCQ220
2005-2006,MCQ_D,MCQ230A,What kind of cancer,9822,414,https://wwwn.cdc.gov/Nchs/Data/Nhanes/Public/2005/DataFiles/MCQ_D.htm#MCQ230A
2005-2006,MCQ_D,MCQ230B,What kind of cancer,9822,44,https://wwwn.cdc.gov/Nchs/Data/Nhanes/Public/2005/DataFiles/MCQ_D.htm#MCQ230B
2005-2006,MCQ_D,MCQ230C,What kind of cancer,9822,4,https://wwwn.cdc.gov/Nchs/Data/Nhanes/Public/2005/DataFiles/MCQ_D.htm#MCQ230C
2005-2006,MCQ_D,MCQ230D,What kind of cancer,9822,0,https://wwwn.cdc.gov/Nchs/Data/Nhanes/Public/2005/DataFiles/MCQ_D.htm#MCQ230D
2005-2006,MCQ_D,MCQ240A,Age when bladder cancer first diagnosed,9822,8,https://wwwn.cdc.gov/Nchs/Data/Nhanes/Public/2005/DataFiles/MCQ_D.htm#MCQ240A
2005-2006,MCQ_D,MCQ240B,Age when blood cancer first diagnosed,9822,2,https://wwwn.cdc.gov/Nchs/Data/Nhanes/Public/2005/DataFiles/MCQ_D.htm#MCQ240B
2005-2006,MCQ_D,MCQ240C,Age when bone cancer first diagnosed,9822,2,https://wwwn.cdc.gov/Nchs/Data/Nhanes/Public/2005/DataFiles/MCQ_D.htm#MCQ240C
2005-2006,MCQ_D,MCQ240D,Age when brain cancer first diagnosed,9822,2,https://wwwn.cdc.gov/Nchs/Data/Nhanes/Public/2005/DataFiles/MCQ_D.htm#MCQ240D
2005-2006,MCQ_D,MCQ240E,Age when breast cancer first diagnosed,9822,77,https://wwwn.cdc.gov/Nchs/Data/Nhanes/Public/2005/DataFiles/MCQ_D.htm#MCQ240E
2005-2006,MCQ_D,MCQ240F,Age when cervical cancer first diagnosed,9822,43,https://wwwn.cdc.gov/Nchs/Data/Nhanes/Public/2005/DataFiles/MCQ_D.htm#MCQ240F
2005-2006,MCQ_D,MCQ240G,Age when colon cancer first diagnosed,9822,24,https://wwwn.cdc.gov/Nchs/Data/Nhanes/Public/2005/DataFiles/MCQ_D.htm#MCQ240G
2005-2006,MCQ_D,MCQ240H,Age esophageal cancer first diagnosed,9822,2,https://wwwn.cdc.gov/Nchs/Data/Nhanes/Public/2005/DataFiles/MCQ_D.htm#MCQ240H
2005-2006,MCQ_D,MCQ240I,Age gallbladder cancer first diagnosed,9822,0,https://wwwn.cdc.gov/Nchs/Data/Nhanes/Public/2005/DataFiles/MCQ_D.htm#MCQ240I
2005-2006,MCQ_D,MCQ240J,Age when kidney cancer first diagnosed,9822,5,https://wwwn.cdc.gov/Nchs/Data/Nhanes/Public/2005/DataFiles/MCQ_D.htm#MCQ240J
2005-2006,MCQ_D,MCQ240K,Age larynx/windpipe cancer diagnosed,9822,2,https://wwwn.cdc.gov/Nchs/Data/Nhanes/Public/2005/DataFiles/MCQ_D.htm#MCQ240K
2005-2006,MCQ_D,MCQ240L,Age when leukemia first diagnosed,9822,1,https://wwwn.cdc.gov/Nchs/Data/Nhanes/Public/2005/DataFiles/MCQ_D.htm#MCQ240L
2005-2006,MCQ_D,MCQ240M,Age when liver cancer first diagnosed,9822,2,https://wwwn.cdc.gov/Nchs/Data/Nhanes/Public/2005/DataFiles/MCQ_D.htm#MCQ240M
2005-2006,MCQ_D,MCQ240N,Age when lung cancer first diagnosed,9822,11,https://wwwn.cdc.gov/Nchs/Data/Nhanes/Public/2005/DataFiles/MCQ_D.htm#MCQ240N
2005-2006,MCQ_D,MCQ240O,Age lymphoma/Hodgkin's diagnosed,9822,9,https://wwwn.cdc.gov/Nchs/Data/Nhanes/Public/2005/DataFiles/MCQ_D.htm#MCQ240O
2005-2006,MCQ_D,MCQ240P,Age when melanoma first diagnosed,9822,26,https://wwwn.cdc.gov/Nchs/Data/Nhanes/Public/2005/DataFiles/MCQ_D.htm#MCQ240P
2005-2006,MCQ_D,MCQ240Q,Age mouth\tongue\lip cancer diagnosed,9822,3,https://wwwn.cdc.gov/Nchs/Data/Nhanes/Public/2005/DataFiles/MCQ_D.htm#MCQ240Q
2005-2006,MCQ_D,MCQ240R,Age nervous system cancer diagnosed,9822,0,https://wwwn.cdc.gov/Nchs/Data/Nhanes/Public/2005/DataFiles/MCQ_D.htm#MCQ240R
2005-2006,MCQ_D,MCQ240S,Age when ovarian cancer first diagnosed,9822,10,https://wwwn.cdc.gov/Nchs/Data/Nhanes/Public/2005/DataFiles/MCQ_D.htm#MCQ240S
2005-2006,MCQ_D,MCQ240T,Age pancreatic cancer first diagnosed,9822,0,https://wwwn.cdc.gov/Nchs/Data/Nhanes/Public/2005/DataFiles/MCQ_D.htm#MCQ240T
2005-2006,MCQ_D,MCQ240U,Age prostate cancer first diagnosed,9822,62,https://wwwn.cdc.gov/Nchs/Data/Nhanes/Public/2005/DataFiles/MCQ_D.htm#MCQ240U
2005-2006,MCQ_D,MCQ240V,Age when rectal cancer first diagnosed,9822,3,https://wwwn.cdc.gov/Nchs/Data/Nhanes/Public/2005/DataFiles/MCQ_D.htm#MCQ240V
2005-2006,MCQ_D,MCQ240W,Age non-melanoma skin cancer diagnosed,9822,79,https://wwwn.cdc.gov/Nchs/Data/Nhanes/Public/2005/DataFiles/MCQ_D.htm#MCQ240W
2005-2006,MCQ_D,MCQ240X,Age unknown skin cancer first diagnosed,9822,33,https://wwwn.cdc.gov/Nchs/Data/Nhanes/Public/2005/DataFiles/MCQ_D.htm#MCQ240X
2005-2006,MCQ_D,MCQ240Y,Age soft tissue cancer first diagnosed,9822,1,https://wwwn.cdc.gov/Nchs/Data/Nhanes/Public/2005/DataFiles/MCQ_D.htm#MCQ240Y
2005-2006,MCQ_D,MCQ240Z,Age stomach cancer first diagnosed,9822,3,https://wwwn.cdc.gov/Nchs/Data/Nhanes/Public/2005/DataFiles/MCQ_D.htm#MCQ240Z
2005-2006,MCQ_D,MCQ240AA,Age testicular cancer first diagnosed,9822,1,https://wwwn.cdc.gov/Nchs/Data/Nhanes/Public/2005/DataFiles/MCQ_D.htm#MCQ240AA
2005-2006,MCQ_D,MCQ240BB,Age when thyroid cancer first diagnosed,9822,8,https://wwwn.cdc.gov/Nchs/Data/Nhanes/Public/2005/DataFiles/MCQ_D.htm#MCQ240BB
2005-2006,MCQ_D,MCQ240CC,Age when uterine cancer first diagnosed,9822,19,https://wwwn.cdc.gov/Nchs/Data/Nhanes/Public/2005/DataFiles/MCQ_D.htm#MCQ240CC
2005-2006,MCQ_D,MCQ240DD,Age other type of cancer first diagnosed,9822,20,https://wwwn.cdc.gov/Nchs/Data/Nhanes/Public/2005/DataFiles/MCQ_D.htm#MCQ240DD
2005-2006,MCQ_D,MCQ240DK,How old when cancer first diagnosed?,9822,4,https://wwwn.cdc.gov/Nchs/Data/Nhanes/Public/2005/DataFiles/MCQ_D.htm#MCQ240DK
2005-2006,MCQ_D,MCQ245A,Work days missed for illness/maternity,9822,6139,https://wwwn.cdc.gov/Nchs/Data/Nhanes/Public/2005/DataFiles/MCQ_D.htm#MCQ245A
2005-2006,MCQ_D,MCQ245B,# of workdays missed,9822,3844,https://wwwn.cdc.gov/Nchs/Data/Nhanes/Public/2005/DataFiles/MCQ_D.htm#MCQ245B
2005-2006,MCQ_D,MCQ265,Blood relative have/had prostate cancer,9822,1543,https://wwwn.cdc.gov/Nchs/Data/Nhanes/Public/2005/DataFiles/MCQ_D.htm#MCQ265
2005-2006,MCQ_D,MCQ268A,Biological family members - father,9822,126,https://wwwn.cdc.gov/Nchs/Data/Nhanes/Public/2005/DataFiles/MCQ_D.htm#MCQ268A
2005-2006,MCQ_D,MCQ268B,Biological family member-mother's father,9822,20,https://wwwn.cdc.gov/Nchs/Data/Nhanes/Public/2005/DataFiles/MCQ_D.htm#MCQ268B
2005-2006,MCQ_D,MCQ268C,Biological family member-father's father,9822,14,https://wwwn.cdc.gov/Nchs/Data/Nhanes/Public/2005/DataFiles/MCQ_D.htm#MCQ268C
2005-2006,MCQ_D,MCQ268D,Biological family member - brother,9822,50,https://wwwn.cdc.gov/Nchs/Data/Nhanes/Public/2005/DataFiles/MCQ_D.htm#MCQ268D
2005-2006,MCQ_D,MCQ300A,Close relative had heart attack?,9822,4979,https://wwwn.cdc.gov/Nchs/Data/Nhanes/Public/2005/DataFiles/MCQ_D.htm#MCQ300A
2005-2006,MCQ_D,MCQ300B,Close relative had asthma?,9822,4979,https://wwwn.cdc.gov/Nchs/Data/Nhanes/Public/2005/DataFiles/MCQ_D.htm#MCQ300B
2005-2006,MCQ_D,MCQ300C,Close relative had diabetes?,9822,4979,https://wwwn.cdc.gov/Nchs/Data/Nhanes/Public/2005/DataFiles/MCQ_D.htm#MCQ300C
2005-2006,MCQ_D,MCQ310,Ever have blood test to check PSA?,9822,1543,https://wwwn.cdc.gov/Nchs/Data/Nhanes/Public/2005/DataFiles/MCQ_D.htm#MCQ310
2005-2006,MCQ_D,MCQ320,Age when first had PSA test,9822,830,https://wwwn.cdc.gov/Nchs/Data/Nhanes/Public/2005/DataFiles/MCQ_D.htm#MCQ320
2005-2006,MCQ_D,MCD330,How long ago was last PSA test?,9822,817,https://wwwn.cdc.gov/Nchs/Data/Nhanes/Public/2005/DataFiles/MCQ_D.htm#MCD330
2005-2006,MCQ_D,MCQ340,How many PSA tests in past 5 years?,9822,831,https://wwwn.cdc.gov/Nchs/Data/Nhanes/Public/2005/DataFiles/MCQ_D.htm#MCQ340
2005-2006,MCQ_D,MCQ350,Ever told PSA test was not normal?,9822,831,https://wwwn.cdc.gov/Nchs/Data/Nhanes/Public/2005/DataFiles/MCQ_D.htm#MCQ350
2005-2006,PAQ_D,SEQN,Respondent sequence number,9424,9424,https://wwwn.cdc.gov/Nchs/Data/Nhanes/Public/2005/DataFiles/PAQ_D.htm#SEQN
2005-2006,PAQ_D,PAD020,Walked or bicycled over past 30 days,9424,7151,https://wwwn.cdc.gov/Nchs/Data/Nhanes/Public/2005/DataFiles/PAQ_D.htm#PAD020
2005-2006,PAQ_D,PAQ050Q,# times walked or bicycled,9424,2370,https://wwwn.cdc.gov/Nchs/Data/Nhanes/Public/2005/DataFiles/PAQ_D.htm#PAQ050Q
2005-2006,PAQ_D,PAQ050U,Unit of measure (day/week/month),9424,2370,https://wwwn.cdc.gov/Nchs/Data/Nhanes/Public/2005/DataFiles/PAQ_D.htm#PAQ050U
2005-2006,PAQ_D,PAD080,How long per day (minutes),9424,2363,https://wwwn.cdc.gov/Nchs/Data/Nhanes/Public/2005/DataFiles/PAQ_D.htm#PAD080
2005-2006,PAQ_D,PAQ100,Tasks around home/yard past 30 days,9424,6139,https://wwwn.cdc.gov/Nchs/Data/Nhanes/Public/2005/DataFiles/PAQ_D.htm#PAQ100
2005-2006,PAQ_D,PAD120,# of times past 30 days,9424,3635,https://wwwn.cdc.gov/Nchs/Data/Nhanes/Public/2005/DataFiles/PAQ_D.htm#PAD120
2005-2006,PAQ_D,PAD160,How long each time (minutes),9424,3624,https://wwwn.cdc.gov/Nchs/Data/Nhanes/Public/2005/DataFiles/PAQ_D.htm#PAD160
2005-2006,PAQ_D,PAQ180,Avg level of physical activity each day,9424,6139,https://wwwn.cdc.gov/Nchs/Data/Nhanes/Public/2005/DataFiles/PAQ_D.htm#PAQ180
2005-2006,PAQ_D,PAD200,Vigorous activity over past 30 days,9424,7151,https://wwwn.cdc.gov/Nchs/Data/Nhanes/Public/2005/DataFiles/PAQ_D.htm#PAD200
2005-2006,PAQ_D,PAD320,Moderate activity over past 30 days,9424,7151,https://wwwn.cdc.gov/Nchs/Data/Nhanes/Public/2005/DataFiles/PAQ_D.htm#PAD320
2005-2006,PAQ_D,PAD440,Muscle strengthening activities,9424,7151,https://wwwn.cdc.gov/Nchs/Data/Nhanes/Public/2005/DataFiles/PAQ_D.htm#PAD440
2005-2006,PAQ_D,PAD460,Number of times past 30 days,9424,2574,https://wwwn.cdc.gov/Nchs/Data/Nhanes/Public/2005/DataFiles/PAQ_D.htm#PAD460
2005-2006,PAQ_D,PAQ500,Activity comparison last mo - last yr,9424,7151,https://wwwn.cdc.gov/Nchs/Data/Nhanes/Public/2005/DataFiles/PAQ_D.htm#PAQ500
2005-2006,PAQ_D,PAQ520,Compare activity w/others same age,9424,7151,https://wwwn.cdc.gov/Nchs/Data/Nhanes/Public/2005/DataFiles/PAQ_D.htm#PAQ520
2005-2006,PAQ_D,PAQ540,Compare activity with 10 years ago,9424,3912,https://wwwn.cdc.gov/Nchs/Data/Nhanes/Public/2005/DataFiles/PAQ_D.htm#PAQ540
2005-2006,PAQ_D,PAQ560,# time/week you play or exercise hard,9424,2196,https://wwwn.cdc.gov/Nchs/Data/Nhanes/Public/2005/DataFiles/PAQ_D.htm#PAQ560
2005-2006,PAQ_D,PAD590,# hours watch TV or videos past 30 days,9424,9347,https://wwwn.cdc.gov/Nchs/Data/Nhanes/Public/2005/DataFiles/PAQ_D.htm#PAD590
2005-2006,PAQ_D,PAD600,# of hours use computer past 30 days,9424,9347,https://wwwn.cdc.gov/Nchs/Data/Nhanes/Public/2005/DataFiles/PAQ_D.htm#PAD600
2005-2006,PFQ_D,SEQN,Respondent sequence number,9822,9822,https://wwwn.cdc.gov/Nchs/Data/Nhanes/Public/2005/DataFiles/PFQ_D.htm#SEQN
2005-2006,PFQ_D,PFQ010,"Physical,mental,emotional limitations",9822,1179,https://wwwn.cdc.gov/Nchs/Data/Nhanes/Public/2005/DataFiles/PFQ_D.htm#PFQ010
2005-2006,PFQ_D,PFQ015,Able to take part in most type of play,9822,32,https://wwwn.cdc.gov/Nchs/Data/Nhanes/Public/2005/DataFiles/PFQ_D.htm#PFQ015
2005-2006,PFQ_D,PFQ020,"Crawl, walk, run, play limitations",9822,4842,https://wwwn.cdc.gov/Nchs/Data/Nhanes/Public/2005/DataFiles/PFQ_D.htm#PFQ020
2005-2006,PFQ_D,PFQ030,Long term impairment/health problem,9822,210,https://wwwn.cdc.gov/Nchs/Data/Nhanes/Public/2005/DataFiles/PFQ_D.htm#PFQ030
2005-2006,PFQ_D,PFQ041,Receive Special Ed or Early Intervention,9822,4258,https://wwwn.cdc.gov/Nchs/Data/Nhanes/Public/2005/DataFiles/PFQ_D.htm#PFQ041
2005-2006,PFQ_D,PFQ049,Limitations keeping you from working,9822,4979,https://wwwn.cdc.gov/Nchs/Data/Nhanes/Public/2005/DataFiles/PFQ_D.htm#PFQ049
2005-2006,PFQ_D,PFQ051,Limited in amount of work you can do,9822,4979,https://wwwn.cdc.gov/Nchs/Data/Nhanes/Public/2005/DataFiles/PFQ_D.htm#PFQ051
2005-2006,PFQ_D,PFQ054,Need special equipment to walk,9822,4979,https://wwwn.cdc.gov/Nchs/Data/Nhanes/Public/2005/DataFiles/PFQ_D.htm#PFQ054
2005-2006,PFQ_D,PFQ057,Experience confusion/memory problems,9822,4979,https://wwwn.cdc.gov/Nchs/Data/Nhanes/Public/2005/DataFiles/PFQ_D.htm#PFQ057
2005-2006,PFQ_D,PFQ059,"Physical, mental, emotional limitations",9822,3755,https://wwwn.cdc.gov/Nchs/Data/Nhanes/Public/2005/DataFiles/PFQ_D.htm#PFQ059
2005-2006,PFQ_D,PFQ061A,Managing money difficulty,9822,2153,https://wwwn.cdc.gov/Nchs/Data/Nhanes/Public/2005/DataFiles/PFQ_D.htm#PFQ061A
2005-2006,PFQ_D,PFQ061B,Walking for a quarter mile difficulty,9822,1690,https://wwwn.cdc.gov/Nchs/Data/Nhanes/Public/2005/DataFiles/PFQ_D.htm#PFQ061B
2005-2006,PFQ_D,PFQ061C,Walking up ten steps difficulty,9822,1690,https://wwwn.cdc.gov/Nchs/Data/Nhanes/Public/2005/DataFiles/PFQ_D.htm#PFQ061C
2005-2006,PFQ_D,PFQ061D,"Stooping, crouching, kneeling difficulty",9822,2153,https://wwwn.cdc.gov/Nchs/Data/Nhanes/Public/2005/DataFiles/PFQ_D.htm#PFQ061D
2005-2006,PFQ_D,PFQ061E,Lifting or carrying difficulty,9822,2153,https://wwwn.cdc.gov/Nchs/Data/Nhanes/Public/2005/DataFiles/PFQ_D.htm#PFQ061E
2005-2006,PFQ_D,PFQ061F,House chore difficulty,9822,2153,https://wwwn.cdc.gov/Nchs/Data/Nhanes/Public/2005/DataFiles/PFQ_D.htm#PFQ061F
2005-2006,PFQ_D,PFQ061G,Preparing meals difficulty,9822,2153,https://wwwn.cdc.gov/Nchs/Data/Nhanes/Public/2005/DataFiles/PFQ_D.htm#PFQ061G
2005-2006,PFQ_D,PFQ061H,Walking between rooms on same floor,9822,2153,https://wwwn.cdc.gov/Nchs/Data/Nhanes/Public/2005/DataFiles/PFQ_D.htm#PFQ061H
2005-2006,PFQ_D,PFQ061I,Standingup from armless chair difficulty,9822,2153,https://wwwn.cdc.gov/Nchs/Data/Nhanes/Public/2005/DataFiles/PFQ_D.htm#PFQ061I
2005-2006,PFQ_D,PFQ061J,Getting in and out of bed difficulty,9822,2153,https://wwwn.cdc.gov/Nchs/Data/Nhanes/Public/2005/DataFiles/PFQ_D.htm#PFQ061J
2005-2006,PFQ_D,PFQ061K,"Using fork, knife, drinking from cup",9822,2153,https://wwwn.cdc.gov/Nchs/Data/Nhanes/Public/2005/DataFiles/PFQ_D.htm#PFQ061K
2005-2006,PFQ_D,PFQ061L,Dressing yourself difficulty,9822,2153,https://wwwn.cdc.gov/Nchs/Data/Nhanes/Public/2005/DataFiles/PFQ_D.htm#PFQ061L
2005-2006,PFQ_D,PFQ061M,Standing for long periods difficulty,9822,2153,https://wwwn.cdc.gov/Nchs/Data/Nhanes/Public/2005/DataFiles/PFQ_D.htm#PFQ061M
2005-2006,PFQ_D,PFQ061N,Sitting for long periods difficulty,9822,2153,https://wwwn.cdc.gov/Nchs/Data/Nhanes/Public/2005/DataFiles/PFQ_D.htm#PFQ061N
2005-2006,PFQ_D,PFQ061O,Reaching up over head difficulty,9822,2153,https://wwwn.cdc.gov/Nchs/Data/Nhanes/Public/2005/DataFiles/PFQ_D.htm#PFQ061O
2005-2006,PFQ_D,PFQ061P,Grasp/holding small objects difficulty,9822,2153,https://wwwn.cdc.gov/Nchs/Data/Nhanes/Public/2005/DataFiles/PFQ_D.htm#PFQ061P
2005-2006,PFQ_D,PFQ061Q,"Going out to movies, events difficulty",9822,2153,https://wwwn.cdc.gov/Nchs/Data/Nhanes/Public/2005/DataFiles/PFQ_D.htm#PFQ061Q
2005-2006,PFQ_D,PFQ061R,Attending social event difficulty,9822,2153,https://wwwn.cdc.gov/Nchs/Data/Nhanes/Public/2005/DataFiles/PFQ_D.htm#PFQ061R
2005-2006,PFQ_D,PFQ061S,Leisure activity at home difficulty,9822,2153,https://wwwn.cdc.gov/Nchs/Data/Nhanes/Public/2005/DataFiles/PFQ_D.htm#PFQ061S
2005-2006,PFQ_D,PFQ061T,Push or pull large objects difficulty,9822,2153,https://wwwn.cdc.gov/Nchs/Data/Nhanes/Public/2005/DataFiles/PFQ_D.htm#PFQ061T
2005-2006,PFQ_D,PFQ063A,Health problems causing difficulty,9822,1562,https://wwwn.cdc.gov/Nchs/Data/Nhanes/Public/2005/DataFiles/PFQ_D.htm#PFQ063A
2005-2006,PFQ_D,PFQ063B,Health problems causing difficulty,9822,843,https://wwwn.cdc.gov/Nchs/Data/Nhanes/Public/2005/DataFiles/PFQ_D.htm#PFQ063B
2005-2006,PFQ_D,PFQ063C,Health problems causing difficulty,9822,534,https://wwwn.cdc.gov/Nchs/Data/Nhanes/Public/2005/DataFiles/PFQ_D.htm#PFQ063C
2005-2006,PFQ_D,PFQ063D,Health problems causing difficulty,9822,323,https://wwwn.cdc.gov/Nchs/Data/Nhanes/Public/2005/DataFiles/PFQ_D.htm#PFQ063D
2005-2006,PFQ_D,PFQ063E,Health problems causing difficulty,9822,186,https://wwwn.cdc.gov/Nchs/Data/Nhanes/Public/2005/DataFiles/PFQ_D.htm#PFQ063E
2005-2006,PFQ_D,PFQ090,Require special healthcare equipment,9822,4979,https://wwwn.cdc.gov/Nchs/Data/Nhanes/Public/2005/DataFiles/PFQ_D.htm#PFQ090
2005-2006,RXQ_RX_D,SEQN,Respondent sequence number,18005,18005,https://wwwn.cdc.gov/Nchs/Data/Nhanes/Public/2005/DataFiles/RXQ_RX_D.htm#SEQN
2005-2006,RXQ_RX_D,RXDUSE,"Taken prescription medicine, past month",18005,18005,https://wwwn.cdc.gov/Nchs/Data/Nhanes/Public/2005/DataFiles/RXQ_RX_D.htm#RXDUSE
2005-2006,RXQ_RX_D,RXDCOUNT,Number of prescription medicines taken,18005,11431,https://wwwn.cdc.gov/Nchs/Data/Nhanes/Public/2005/DataFiles/RXQ_RX_D.htm#RXDCOUNT
2005-2006,SMQ_D,SEQN,Respondent sequence number,7186,7186,https://wwwn.cdc.gov/Nchs/Data/Nhanes/Public/2005/DataFiles/SMQ_D.htm#SEQN
2005-2006,SMQ_D,SMQ020,Smoked at least 100 cigarettes in life,7186,4979,https://wwwn.cdc.gov/Nchs/Data/Nhanes/Public/2005/DataFiles/SMQ_D.htm#SMQ020
2007-2008,ALQ_E,SEQN,Respondent sequence number,5707,5707,https://wwwn.cdc.gov/Nchs/Data/Nhanes/Public/2007/DataFiles/ALQ_E.htm#SEQN
2007-2008,ALQ_E,ALQ101,Had at least 12 alcohol drinks/1 yr?,5707,5233,https://wwwn.cdc.gov/Nchs/Data/Nhanes/Public/2007/DataFiles/ALQ_E.htm#ALQ101
2007-2008,ALQ_E,ALQ110,Had at least 12 alcohol drinks/lifetime?,5707,1563,https://wwwn.cdc.gov/Nchs/Data/Nhanes/Public/2007/DataFiles/ALQ_E.htm#ALQ110
2007-2008,ALQ_E,ALQ120Q,How often drink alcohol over past 12 mos,5707,4434,https://wwwn.cdc.gov/Nchs/Data/Nhanes/Public/2007/DataFiles/ALQ_E.htm#ALQ120Q
2007-2008,ALQ_E,ALQ120U,"# days drink alcohol per wk, mo, yr",5707,3312,https://wwwn.cdc.gov/Nchs/Data/Nhanes/Public/2007/DataFiles/ALQ_E.htm#ALQ120U
2007-2008,ALQ_E,ALQ130,Avg # alcoholic drinks/day -past 12 mos,5707,3323,https://wwwn.cdc.gov/Nchs/Data/Nhanes/Public/2007/DataFiles/ALQ_E.htm#ALQ130
2007-2008,BIOPRO_E,SEQN,Respondent sequence number,6917,6917,https://wwwn.cdc.gov/Nchs/Data/Nhanes/Public/2007/DataFiles/BIOPRO_E.htm#SEQN
2007-2008,BIOPRO_E,LBXSAPSI,Alkaline phosphotase (U/L),6917,6375,https://wwwn.cdc.gov/Nchs/Data/Nhanes/Public/2007/DataFiles/BIOPRO_E.htm#LBXSAPSI
2007-2008,BIOPRO_E,LBXSBU,Blood urea nitrogen (mg/dL),6917,6375,https://wwwn.cdc.gov/Nchs/Data/Nhanes/Public/2007/DataFiles/BIOPRO_E.htm#LBXSBU
2007-2008,BIOPRO_E,LBDSBUSI,Blood urea nitrogen (mmol/L),6917,6375,https://wwwn.cdc.gov/Nchs/Data/Nhanes/Public/2007/DataFiles/BIOPRO_E.htm#LBDSBUSI
2007-2008,BIOPRO_E,LBXSCA,Total calcium (mg/dL),6917,6375,https://wwwn.cdc.gov/Nchs/Data/Nhanes/Public/2007/DataFiles/BIOPRO_E.htm#LBXSCA
2007-2008,BIOPRO_E,LBDSCASI,Total calcium (mmol/L),6917,6375,https://wwwn.cdc.gov/Nchs/Data/Nhanes/Public/2007/DataFiles/BIOPRO_E.htm#LBDSCASI
2007-2008,BIOPRO_E,LBXSC3SI,Bicarbonate (mmol/L),6917,6375,https://wwwn.cdc.gov/Nchs/Data/Nhanes/Public/2007/DataFiles/BIOPRO_E.htm#LBXSC3SI
2007-2008,BIOPRO_E,LBXSLDSI,Lactate dehydrogenase LDH (U/L),6917,6373,https://wwwn.cdc.gov/Nchs/Data/Nhanes/Public/2007/DataFiles/BIOPRO_E.htm#LBXSLDSI
2007-2008,BIOPRO_E,LBXSUA,Uric acid (mg/dL),6917,6375,https://wwwn.cdc.gov/Nchs/Data/Nhanes/Public/2007/DataFiles/BIOPRO_E.htm#LBXSUA
2007-2008,BIOPRO_E,LBDSUASI,Uric acid (umol/L),6917,6375,https://wwwn.cdc.gov/Nchs/Data/Nhanes/Public/2007/DataFiles/BIOPRO_E.htm#LBDSUASI
2007-2008,BMX_E,SEQN,Respondent sequence number,9762,9762,https://wwwn.cdc.gov/Nchs/Data/Nhanes/Public/2007/DataFiles/BMX_E.htm#SEQN
2007-2008,BMX_E,BMXBMI,Body Mass Index (kg/m**2),9762,8861,https://wwwn.cdc.gov/Nchs/Data/Nhanes/Public/2007/DataFiles/BMX_E.htm#BMXBMI
2007-2008,BPQ_E,SEQN,Respondent sequence number,6546,6546,https://wwwn.cdc.gov/Nchs/Data/Nhanes/Public/2007/DataFiles/BPQ_E.htm#SEQN
2007-2008,BPQ_E,BPQ020,Ever told you had high blood pressure,6546,6546,https://wwwn.cdc.gov/Nchs/Data/Nhanes/Public/2007/DataFiles/BPQ_E.htm#BPQ020
2007-2008,BPQ_E,BPQ030,Told had high blood pressure - 2+ times,6546,2142,https://wwwn.cdc.gov/Nchs/Data/Nhanes/Public/2007/DataFiles/BPQ_E.htm#BPQ030
2007-2008,BPQ_E,BPQ040A,Taking prescription for hypertension,6546,2142,https://wwwn.cdc.gov/Nchs/Data/Nhanes/Public/2007/DataFiles/BPQ_E.htm#BPQ040A
2007-2008,BPQ_E,BPQ050A,Now taking prescribed medicine for HBP,6546,1892,https://wwwn.cdc.gov/Nchs/Data/Nhanes/Public/2007/DataFiles/BPQ_E.htm#BPQ050A
2007-2008,BPQ_E,BPQ052,Told have Prehypertension,6546,6546,https://wwwn.cdc.gov/Nchs/Data/Nhanes/Public/2007/DataFiles/BPQ_E.htm#BPQ052
2007-2008,BPQ_E,BPQ057,Borderline Hypertension,6546,6209,https://wwwn.cdc.gov/Nchs/Data/Nhanes/Public/2007/DataFiles/BPQ_E.htm#BPQ057
2007-2008,BPQ_E,BPQ060,Ever had blood cholesterol checked,6546,5935,https://wwwn.cdc.gov/Nchs/Data/Nhanes/Public/2007/DataFiles/BPQ_E.htm#BPQ060
2007-2008,BPQ_E,BPQ070,When blood cholesterol last checked,6546,4218,https://wwwn.cdc.gov/Nchs/Data/Nhanes/Public/2007/DataFiles/BPQ_E.htm#BPQ070
2007-2008,BPQ_E,BPQ080,Doctor told you - high cholesterol level,6546,4218,https://wwwn.cdc.gov/Nchs/Data/Nhanes/Public/2007/DataFiles/BPQ_E.htm#BPQ080
2007-2008,BPQ_E,BPQ090A,Told to eat less fat for cholesterol,6546,1906,https://wwwn.cdc.gov/Nchs/Data/Nhanes/Public/2007/DataFiles/BPQ_E.htm#BPQ090A
2007-2008,BPQ_E,BPQ090B,Told to reduce weight for cholesterol,6546,1906,https://wwwn.cdc.gov/Nchs/Data/Nhanes/Public/2007/DataFiles/BPQ_E.htm#BPQ090B
2007-2008,BPQ_E,BPQ090C,Told to exercise more for cholesterol,6546,1906,https://wwwn.cdc.gov/Nchs/Data/Nhanes/Public/2007/DataFiles/BPQ_E.htm#BPQ090C
2007-2008,BPQ_E,BPQ090D,Told to take prescriptn for cholesterol,6546,1906,https://wwwn.cdc.gov/Nchs/Data/Nhanes/Public/2007/DataFiles/BPQ_E.htm#BPQ090D
2007-2008,BPQ_E,BPQ100A,Now eating fewer high fat foods,6546,1540,https://wwwn.cdc.gov/Nchs/Data/Nhanes/Public/2007/DataFiles/BPQ_E.htm#BPQ100A
2007-2008,BPQ_E,BPQ100B,Now controlling weight,6546,1137,https://wwwn.cdc.gov/Nchs/Data/Nhanes/Public/2007/DataFiles/BPQ_E.htm#BPQ100B
2007-2008,BPQ_E,BPQ100C,Now increasing exercise,6546,1300,https://wwwn.cdc.gov/Nchs/Data/Nhanes/Public/2007/DataFiles/BPQ_E.htm#BPQ100C
2007-2008,BPQ_E,BPQ100D,Now taking prescribed medicine,6546,1332,https://wwwn.cdc.gov/Nchs/Data/Nhanes/Public/2007/DataFiles/BPQ_E.htm#BPQ100D
2007-2008,BPX_E,SEQN,Respondent sequence number,9762,9762,https://wwwn.cdc.gov/Nchs/Data/Nhanes/Public/2007/DataFiles/BPX_E.htm#SEQN
2007-2008,BPX_E,BPXCHR,60 sec HR (30 sec HR * 2),9762,2016,https://wwwn.cdc.gov/Nchs/Data/Nhanes/Public/2007/DataFiles/BPX_E.htm#BPXCHR
2007-2008,BPX_E,BPQ150A,Had food in the past 30 minutes?,9762,7370,https://wwwn.cdc.gov/Nchs/Data/Nhanes/Public/2007/DataFiles/BPX_E.htm#BPQ150A
2007-2008,BPX_E,BPQ150B,Had alcohol in the past 30 minutes?,9762,7370,https://wwwn.cdc.gov/Nchs/Data/Nhanes/Public/2007/DataFiles/BPX_E.htm#BPQ150B
2007-2008,BPX_E,BPQ150C,Had coffee in the past 30 minutes?,9762,7370,https://wwwn.cdc.gov/Nchs/Data/Nhanes/Public/2007/DataFiles/BPX_E.htm#BPQ150C
2007-2008,BPX_E,BPQ150D,Had cigarettes in the past 30 minutes?,9762,7370,https://wwwn.cdc.gov/Nchs/Data/Nhanes/Public/2007/DataFiles/BPX_E.htm#BPQ150D
2007-2008,BPX_E,BPXPLS,60 sec. pulse (30 sec. pulse * 2):,9762,7361,https://wwwn.cdc.gov/Nchs/Data/Nhanes/Public/2007/DataFiles/BPX_E.htm#BPXPLS
2007-2008,BPX_E,BPXPULS,Pulse regular or irregular?,9762,9386,https://wwwn.cdc.gov/Nchs/Data/Nhanes/Public/2007/DataFiles/BPX_E.htm#BPXPULS
2007-2008,BPX_E,BPXPTY,Pulse type:,9762,7370,https://wwwn.cdc.gov/Nchs/Data/Nhanes/Public/2007/DataFiles/BPX_E.htm#BPXPTY
2007-2008,BPX_E,BPXML1,MIL: maximum inflation levels (mm Hg),9762,7352,https://wwwn.cdc.gov/Nchs/Data/Nhanes/Public/2007/DataFiles/BPX_E.htm#BPXML1
2007-2008,BPX_E,BPXSY1,Systolic: Blood pres (1st rdg) mm Hg,9762,7147,https://wwwn.cdc.gov/Nchs/Data/Nhanes/Public/2007/DataFiles/BPX_E.htm#BPXSY1
2007-2008,BPX_E,BPXDI1,Diastolic: Blood pres (1st rdg) mm Hg,9762,7147,https://wwwn.cdc.gov/Nchs/Data/Nhanes/Public/2007/DataFiles/BPX_E.htm#BPXDI1
2007-2008,BPX_E,BPXSY2,Systolic: Blood pres (2nd rdg) mm Hg,9762,6876,https://wwwn.cdc.gov/Nchs/Data/Nhanes/Public/2007/DataFiles/BPX_E.htm#BPXSY2
2007-2008,BPX_E,BPXDI2,Diastolic: Blood pres (2nd rdg) mm Hg,9762,6876,https://wwwn.cdc.gov/Nchs/Data/Nhanes/Public/2007/DataFiles/BPX_E.htm#BPXDI2
2007-2008,BPX_E,BPXSY3,Systolic: Blood pres (3rd rdg) mm Hg,9762,6759,https://wwwn.cdc.gov/Nchs/Data/Nhanes/Public/2007/DataFiles/BPX_E.htm#BPXSY3
2007-2008,BPX_E,BPXDI3,Diastolic: Blood pres (3rd rdg) mm Hg,9762,6759,https://wwwn.cdc.gov/Nchs/Data/Nhanes/Public/2007/DataFiles/BPX_E.htm#BPXDI3
2007-2008,BPX_E,BPXSY4,Systolic: Blood pres (4th rdg) mm Hg,9762,225,https://wwwn.cdc.gov/Nchs/Data/Nhanes/Public/2007/DataFiles/BPX_E.htm#BPXSY4
2007-2008,BPX_E,BPXDI4,Diastolic: Blood pres (4th rdg) mm Hg,9762,225,https://wwwn.cdc.gov/Nchs/Data/Nhanes/Public/2007/DataFiles/BPX_E.htm#BPXDI4
2007-2008,CBC_E,SEQN,Respondent sequence number,9307,9307,https://wwwn.cdc.gov/Nchs/Data/Nhanes/Public/2007/DataFiles/CBC_E.htm#SEQN
2007-2008,CBC_E,LBXWBCSI,White blood cell count (1000 cells/uL),9307,8266,https://wwwn.cdc.gov/Nchs/Data/Nhanes/Public/2007/DataFiles/CBC_E.htm#LBXWBCSI
2007-2008,CBC_E,LBXLYPCT,Lymphocyte percent (%),9307,8250,https://wwwn.cdc.gov/Nchs/Data/Nhanes/Public/2007/DataFiles/CBC_E.htm#LBXLYPCT
2007-2008,CBC_E,LBXMOPCT,Monocyte percent (%),9307,8250,https://wwwn.cdc.gov/Nchs/Data/Nhanes/Public/2007/DataFiles/CBC_E.htm#LBXMOPCT
2007-2008,CBC_E,LBXNEPCT,Segmented neutrophils percent (%),9307,8250,https://wwwn.cdc.gov/Nchs/Data/Nhanes/Public/2007/DataFiles/CBC_E.htm#LBXNEPCT
2007-2008,CBC_E,LBDLYMNO,Lymphocyte number (1000 cells/uL),9307,8249,https://wwwn.cdc.gov/Nchs/Data/Nhanes/Public/2007/DataFiles/CBC_E.htm#LBDLYMNO
2007-2008,CBC_E,LBDMONO,Monocyte number (1000 cells/uL),9307,8249,https://wwwn.cdc.gov/Nchs/Data/Nhanes/Public/2007/DataFiles/CBC_E.htm#LBDMONO
2007-2008,CBC_E,LBDNENO,Segmented neutrophils num (1000 cell/uL),9307,8249,https://wwwn.cdc.gov/Nchs/Data/Nhanes/Public/2007/DataFiles/CBC_E.htm#LBDNENO
2007-2008,CBC_E,LBXRDW,Red cell distribution width (%),9307,8267,https://wwwn.cdc.gov/Nchs/Data/Nhanes/Public/2007/DataFiles/CBC_E.htm#LBXRDW
2007-2008,CBC_E,LBXPLTSI,Platelet count (1000 cells/uL),9307,8267,https://wwwn.cdc.gov/Nchs/Data/Nhanes/Public/2007/DataFiles/CBC_E.htm#LBXPLTSI
2007-2008,DEMO_E,SEQN,Respondent sequence number,10149,10149,https://wwwn.cdc.gov/Nchs/Data/Nhanes/Public/2007/DataFiles/DEMO_E.htm#SEQN
2007-2008,DEMO_E,SDDSRVYR,Data Release Number,10149,10149,https://wwwn.cdc.gov/Nchs/Data/Nhanes/Public/2007/DataFiles/DEMO_E.htm#SDDSRVYR
2007-2008,DEMO_E,RIAGENDR,Gender,10149,10149,https://wwwn.cdc.gov/Nchs/Data/Nhanes/Public/2007/DataFiles/DEMO_E.htm#RIAGENDR
2007-2008,DEMO_E,RIDAGEYR,Age at Screening Adjudicated - Recode,10149,10149,https://wwwn.cdc.gov/Nchs/Data/Nhanes/Public/2007/DataFiles/DEMO_E.htm#RIDAGEYR
2007-2008,DEMO_E,RIDRETH1,Race/Ethnicity - Recode,10149,10149,https://wwwn.cdc.gov/Nchs/Data/Nhanes/Public/2007/DataFiles/DEMO_E.htm#RIDRETH1
2007-2008,DEMO_E,DMDEDUC2,Education Level - Adults 20+,10149,5935,https://wwwn.cdc.gov/Nchs/Data/Nhanes/Public/2007/DataFiles/DEMO_E.htm#DMDEDUC2
2007-2008,DEMO_E,INDFMPIR,Ratio of family income to poverty,10149,9255,https://wwwn.cdc.gov/Nchs/Data/Nhanes/Public/2007/DataFiles/DEMO_E.htm#INDFMPIR
2007-2008,DEMO_E,WTINT2YR,Full Sample 2 Year Interview Weight,10149,10149,https://wwwn.cdc.gov/Nchs/Data/Nhanes/Public/2007/DataFiles/DEMO_E.htm#WTINT2YR
2007-2008,DEMO_E,WTMEC2YR,Full Sample 2 Year MEC Exam Weight,10149,10149,https://wwwn.cdc.gov/Nchs/Data/Nhanes/Public/2007/DataFiles/DEMO_E.htm#WTMEC2YR
2007-2008,DEMO_E,SDMVPSU,Masked Variance Pseudo-PSU,10149,10149,https://wwwn.cdc.gov/Nchs/Data/Nhanes/Public/2007/DataFiles/DEMO_E.htm#SDMVPSU
2007-2008,DEMO_E,SDMVSTRA,Masked Variance Pseudo-Stratum,10149,10149,https://wwwn.cdc.gov/Nchs/Data/Nhanes/Public/2007/DataFiles/DEMO_E.htm#SDMVSTRA
2007-2008,DIQ_E,SEQN,Respondent sequence number,9666,9666,https://wwwn.cdc.gov/Nchs/Data/Nhanes/Public/2007/DataFiles/DIQ_E.htm#SEQN
2007-2008,DIQ_E,DIQ010,Doctor told you have diabetes,9666,9666,https://wwwn.cdc.gov/Nchs/Data/Nhanes/Public/2007/DataFiles/DIQ_E.htm#DIQ010
2007-2008,DIQ_E,DIQ220,When was your diabetes diagnosed,9666,142,https://wwwn.cdc.gov/Nchs/Data/Nhanes/Public/2007/DataFiles/DIQ_E.htm#DIQ220
2007-2008,DIQ_E,DIQ160,Ever told you have prediabetes,9666,6305,https://wwwn.cdc.gov/Nchs/Data/Nhanes/Public/2007/DataFiles/DIQ_E.htm#DIQ160
2007-2008,DIQ_E,DIQ170,Ever told have health risk for diabetes,9666,6404,https://wwwn.cdc.gov/Nchs/Data/Nhanes/Public/2007/DataFiles/DIQ_E.htm#DIQ170
2007-2008,DIQ_E,DIQ180,Had blood tested past three years,9666,6404,https://wwwn.cdc.gov/Nchs/Data/Nhanes/Public/2007/DataFiles/DIQ_E.htm#DIQ180
2007-2008,DIQ_E,DIQ190A,Past yr told control weight,9666,7173,https://wwwn.cdc.gov/Nchs/Data/Nhanes/Public/2007/DataFiles/DIQ_E.htm#DIQ190A
2007-2008,DIQ_E,DIQ190B,Past yr told increase physical activity,9666,7173,https://wwwn.cdc.gov/Nchs/Data/Nhanes/Public/2007/DataFiles/DIQ_E.htm#DIQ190B
2007-2008,DIQ_E,DIQ190C,Past yr told reduce fat/calories in diet,9666,7173,https://wwwn.cdc.gov/Nchs/Data/Nhanes/Public/2007/DataFiles/DIQ_E.htm#DIQ190C
2007-2008,DIQ_E,DIQ200A,Are you controlling weight,9666,7173,https://wwwn.cdc.gov/Nchs/Data/Nhanes/Public/2007/DataFiles/DIQ_E.htm#DIQ200A
2007-2008,DIQ_E,DIQ200B,Are you increasing physical activity,9666,7173,https://wwwn.cdc.gov/Nchs/Data/Nhanes/Public/2007/DataFiles/DIQ_E.htm#DIQ200B
2007-2008,DIQ_E,DIQ200C,Are you reducing fat/calories in diet,9666,7173,https://wwwn.cdc.gov/Nchs/Data/Nhanes/Public/2007/DataFiles/DIQ_E.htm#DIQ200C
2007-2008,DIQ_E,DIQ050,Taking insulin now,9666,9666,https://wwwn.cdc.gov/Nchs/Data/Nhanes/Public/2007/DataFiles/DIQ_E.htm#DIQ050
2007-2008,DIQ_E,DIQ060U,Unit of measure (month/year),9666,212,https://wwwn.cdc.gov/Nchs/Data/Nhanes/Public/2007/DataFiles/DIQ_E.htm#DIQ060U
2007-2008,DIQ_E,DIQ230,How long ago saw a diabetes specialist,9666,777,https://wwwn.cdc.gov/Nchs/Data/Nhanes/Public/2007/DataFiles/DIQ_E.htm#DIQ230
2007-2008,DIQ_E,DIQ240,Is there one Dr you see for diabetes,9666,777,https://wwwn.cdc.gov/Nchs/Data/Nhanes/Public/2007/DataFiles/DIQ_E.htm#DIQ240
2007-2008,DIQ_E,DIQ260U,Unit of measure (day/week/month/year),9666,646,https://wwwn.cdc.gov/Nchs/Data/Nhanes/Public/2007/DataFiles/DIQ_E.htm#DIQ260U
2007-2008,DIQ_E,DIQ280,What was your last A1C level,9666,513,https://wwwn.cdc.gov/Nchs/Data/Nhanes/Public/2007/DataFiles/DIQ_E.htm#DIQ280
2007-2008,DIQ_E,DIQ290,What does Dr say A1C should be,9666,513,https://wwwn.cdc.gov/Nchs/Data/Nhanes/Public/2007/DataFiles/DIQ_E.htm#DIQ290
2007-2008,DIQ_E,DIQ300S,What was your recent SBP,9666,769,https://wwwn.cdc.gov/Nchs/Data/Nhanes/Public/2007/DataFiles/DIQ_E.htm#DIQ300S
2007-2008,DIQ_E,DIQ300D,What was your recent DBP,9666,769,https://wwwn.cdc.gov/Nchs/Data/Nhanes/Public/2007/DataFiles/DIQ_E.htm#DIQ300D
2007-2008,DIQ_E,DIQ350U,Unit of measure (day/week/month/year),9666,583,https://wwwn.cdc.gov/Nchs/Data/Nhanes/Public/2007/DataFiles/DIQ_E.htm#DIQ350U
2007-2008,DIQ_E,DIQ360,Last time had pupils dilated for exam,9666,769,https://wwwn.cdc.gov/Nchs/Data/Nhanes/Public/2007/DataFiles/DIQ_E.htm#DIQ360
2007-2008,DIQ_E,DIQ080,Diabetes affected eyes/had retinopathy,9666,769,https://wwwn.cdc.gov/Nchs/Data/Nhanes/Public/2007/DataFiles/DIQ_E.htm#DIQ080
2007-2008,DR1TOT_E,SEQN,Respondent sequence number,9762,9762,https://wwwn.cdc.gov/Nchs/Data/Nhanes/Public/2007/DataFiles/DR1TOT_E.htm#SEQN
2007-2008,DR1TOT_E,DR1DRSTZ,Dietary recall status,9762,9762,https://wwwn.cdc.gov/Nchs/Data/Nhanes/Public/2007/DataFiles/DR1TOT_E.htm#DR1DRSTZ
2007-2008,DR1TOT_E,DRDINT,Number of days of intake,9762,9255,https://wwwn.cdc.gov/Nchs/Data/Nhanes/Public/2007/DataFiles/DR1TOT_E.htm#DRDINT
2007-2008,DR1TOT_E,DR1TKCAL,Energy (kcal),9762,9118,https://wwwn.cdc.gov/Nchs/Data/Nhanes/Public/2007/DataFiles/DR1TOT_E.htm#DR1TKCAL
2007-2008,DR2TOT_E,SEQN,Respondent sequence number,9762,9762,https://wwwn.cdc.gov/Nchs/Data/Nhanes/Public/2007/DataFiles/DR2TOT_E.htm#SEQN
2007-2008,DR2TOT_E,DR2DRSTZ,Dietary recall status,9762,9762,https://wwwn.cdc.gov/Nchs/Data/Nhanes/Public/2007/DataFiles/DR2TOT_E.htm#DR2DRSTZ
2007-2008,DR2TOT_E,DRDINT,Number of days of intake,9762,9255,https://wwwn.cdc.gov/Nchs/Data/Nhanes/Public/2007/DataFiles/DR2TOT_E.htm#DRDINT
2007-2008,DR2TOT_E,DR2TKCAL,Energy (kcal),9762,7715,https://wwwn.cdc.gov/Nchs/Data/Nhanes/Public/2007/DataFiles/DR2TOT_E.htm#DR2TKCAL
2007-2008,HSQ_E,SEQN,Respondent sequence number,9307,9307,https://wwwn.cdc.gov/Nchs/Data/Nhanes/Public/2007/DataFiles/HSQ_E.htm#SEQN
2007-2008,HSQ_E,HSD010,General health condition,9307,6356,https://wwwn.cdc.gov/Nchs/Data/Nhanes/Public/2007/DataFiles/HSQ_E.htm#HSD010
2007-2008,HUQ_E,SEQN,Respondent sequence number,10149,10149,https://wwwn.cdc.gov/Nchs/Data/Nhanes/Public/2007/DataFiles/HUQ_E.htm#SEQN
2007-2008,HUQ_E,HUQ010,General health condition,10149,10149,https://wwwn.cdc.gov/Nchs/Data/Nhanes/Public/2007/DataFiles/HUQ_E.htm#HUQ010
2007-2008,HUQ_E,HUQ020,Health now compared with 1 year ago,10149,9666,https://wwwn.cdc.gov/Nchs/Data/Nhanes/Public/2007/DataFiles/HUQ_E.htm#HUQ020
2007-2008,HUQ_E,HUQ030,Routine place to go for healthcare,10149,10149,https://wwwn.cdc.gov/Nchs/Data/Nhanes/Public/2007/DataFiles/HUQ_E.htm#HUQ030
2007-2008,HUQ_E,HUQ040,Type place most often go for healthcare,10149,8965,https://wwwn.cdc.gov/Nchs/Data/Nhanes/Public/2007/DataFiles/HUQ_E.htm#HUQ040
2007-2008,HUQ_E,HUQ050,#times receive healthcare over past year,10149,10149,https://wwwn.cdc.gov/Nchs/Data/Nhanes/Public/2007/DataFiles/HUQ_E.htm#HUQ050
2007-2008,HUQ_E,HUQ060,How long since last healthcare visit,10149,1449,https://wwwn.cdc.gov/Nchs/Data/Nhanes/Public/2007/DataFiles/HUQ_E.htm#HUQ060
2007-2008,HUQ_E,HUQ071,Overnite hospital patient in last year,10149,10149,https://wwwn.cdc.gov/Nchs/Data/Nhanes/Public/2007/DataFiles/HUQ_E.htm#HUQ071
2007-2008,HUQ_E,HUD080,#times overnite hospital patient/last yr,10149,1040,https://wwwn.cdc.gov/Nchs/Data/Nhanes/Public/2007/DataFiles/HUQ_E.htm#HUD080
2007-2008,HUQ_E,HUQ090,Seen mental health professional/past yr,10149,8849,https://wwwn.cdc.gov/Nchs/Data/Nhanes/Public/2007/DataFiles/HUQ_E.htm#HUQ090
2007-2008,KIQ_U_E,SEQN,Respondent sequence number,5935,5935,https://wwwn.cdc.gov/Nchs/Data/Nhanes/Public/2007/DataFiles/KIQ_U_E.htm#SEQN
2007-2008,KIQ_U_E,KIQ022,Ever told you had weak/failing kidneys,5935,5935,https://wwwn.cdc.gov/Nchs/Data/Nhanes/Public/2007/DataFiles/KIQ_U_E.htm#KIQ022
2007-2008,KIQ_U_E,KIQ025,Received dialysis in past 12 months,5935,179,https://wwwn.cdc.gov/Nchs/Data/Nhanes/Public/2007/DataFiles/KIQ_U_E.htm#KIQ025
2007-2008,KIQ_U_E,KIQ026,Ever had kidney stones?,5935,5935,https://wwwn.cdc.gov/Nchs/Data/Nhanes/Public/2007/DataFiles/KIQ_U_E.htm#KIQ026
2007-2008,KIQ_U_E,KIQ005,How often have urinary leakage,5935,5229,https://wwwn.cdc.gov/Nchs/Data/Nhanes/Public/2007/DataFiles/KIQ_U_E.htm#KIQ005
2007-2008,KIQ_U_E,KIQ010,How much urine lose each time?,5935,1522,https://wwwn.cdc.gov/Nchs/Data/Nhanes/Public/2007/DataFiles/KIQ_U_E.htm#KIQ010
2007-2008,KIQ_U_E,KIQ042,Leak urine during physical activities,5935,5228,https://wwwn.cdc.gov/Nchs/Data/Nhanes/Public/2007/DataFiles/KIQ_U_E.htm#KIQ042
2007-2008,KIQ_U_E,KIQ430,How frequently does this occur?,5935,1276,https://wwwn.cdc.gov/Nchs/Data/Nhanes/Public/2007/DataFiles/KIQ_U_E.htm#KIQ430
2007-2008,KIQ_U_E,KIQ044,Urinated before reaching the toilet,5935,5228,https://wwwn.cdc.gov/Nchs/Data/Nhanes/Public/2007/DataFiles/KIQ_U_E.htm#KIQ044
2007-2008,KIQ_U_E,KIQ450,How frequently does this occur?,5935,1214,https://wwwn.cdc.gov/Nchs/Data/Nhanes/Public/2007/DataFiles/KIQ_U_E.htm#KIQ450
2007-2008,KIQ_U_E,KIQ046,Leak urine during nonphysical activities,5935,5228,https://wwwn.cdc.gov/Nchs/Data/Nhanes/Public/2007/DataFiles/KIQ_U_E.htm#KIQ046
2007-2008,KIQ_U_E,KIQ470,How frequently does this occur?,5935,398,https://wwwn.cdc.gov/Nchs/Data/Nhanes/Public/2007/DataFiles/KIQ_U_E.htm#KIQ470
2007-2008,KIQ_U_E,KIQ050,How much did urine leakage bother you,5935,2016,https://wwwn.cdc.gov/Nchs/Data/Nhanes/Public/2007/DataFiles/KIQ_U_E.htm#KIQ050
2007-2008,KIQ_U_E,KIQ052,How much were daily activities affected,5935,2016,https://wwwn.cdc.gov/Nchs/Data/Nhanes/Public/2007/DataFiles/KIQ_U_E.htm#KIQ052
2007-2008,KIQ_U_E,KIQ480,How many times urinate in night?,5935,5225,https://wwwn.cdc.gov/Nchs/Data/Nhanes/Public/2007/DataFiles/KIQ_U_E.htm#KIQ480
2007-2008,MCQ_E,SEQN,Respondent sequence number,9666,9666,https://wwwn.cdc.gov/Nchs/Data/Nhanes/Public/2007/DataFiles/MCQ_E.htm#SEQN
2007-2008,MCQ_E,MCQ010,Ever been told you have asthma,9666,9666,https://wwwn.cdc.gov/Nchs/Data/Nhanes/Public/2007/DataFiles/MCQ_E.htm#MCQ010
2007-2008,MCQ_E,MCQ025,Age when first had asthma,9666,1383,https://wwwn.cdc.gov/Nchs/Data/Nhanes/Public/2007/DataFiles/MCQ_E.htm#MCQ025
2007-2008,MCQ_E,MCQ035,Still have asthma,9666,1385,https://wwwn.cdc.gov/Nchs/Data/Nhanes/Public/2007/DataFiles/MCQ_E.htm#MCQ035
2007-2008,MCQ_E,MCQ040,Had asthma attack in past year,9666,835,https://wwwn.cdc.gov/Nchs/Data/Nhanes/Public/2007/DataFiles/MCQ_E.htm#MCQ040
2007-2008,MCQ_E,MCQ050,Emergency care visit for asthma/past yr,9666,440,https://wwwn.cdc.gov/Nchs/Data/Nhanes/Public/2007/DataFiles/MCQ_E.htm#MCQ050
2007-2008,MCQ_E,MCQ051,Dr. prescribed medication for asthma?,9666,835,https://wwwn.cdc.gov/Nchs/Data/Nhanes/Public/2007/DataFiles/MCQ_E.htm#MCQ051
2007-2008,MCQ_E,MCQ053,Taking treatment for anemia/past 3 mos,9666,9666,https://wwwn.cdc.gov/Nchs/Data/Nhanes/Public/2007/DataFiles/MCQ_E.htm#MCQ053
2007-2008,MCQ_E,MCQ080,Doctor ever said you were overweight,9666,6546,https://wwwn.cdc.gov/Nchs/Data/Nhanes/Public/2007/DataFiles/MCQ_E.htm#MCQ080
2007-2008,MCQ_E,MCQ092,Ever receive blood transfusion,9666,8435,https://wwwn.cdc.gov/Nchs/Data/Nhanes/Public/2007/DataFiles/MCQ_E.htm#MCQ092
2007-2008,MCQ_E,MCD093,Year receive blood transfusion,9666,824,https://wwwn.cdc.gov/Nchs/Data/Nhanes/Public/2007/DataFiles/MCQ_E.htm#MCD093
2007-2008,MCQ_E,MCQ140,Trouble seeing even with glass/contacts,9666,9360,https://wwwn.cdc.gov/Nchs/Data/Nhanes/Public/2007/DataFiles/MCQ_E.htm#MCQ140
2007-2008,MCQ_E,MCQ149,Menstrual periods started yet?,9666,428,https://wwwn.cdc.gov/Nchs/Data/Nhanes/Public/2007/DataFiles/MCQ_E.htm#MCQ149
2007-2008,MCQ_E,MCQ150G,School days missed from injury/illness,9666,2500,https://wwwn.cdc.gov/Nchs/Data/Nhanes/Public/2007/DataFiles/MCQ_E.htm#MCQ150G
2007-2008,MCQ_E,MCQ150Q,# school days missed from injury/illness,9666,2367,https://wwwn.cdc.gov/Nchs/Data/Nhanes/Public/2007/DataFiles/MCQ_E.htm#MCQ150Q
2007-2008,MCQ_E,MCQ160A,Doctor ever said you had arthritis,9666,5935,https://wwwn.cdc.gov/Nchs/Data/Nhanes/Public/2007/DataFiles/MCQ_E.htm#MCQ160A
2007-2008,MCQ_E,MCQ180A,Age when told you had arthritis,9666,1755,https://wwwn.cdc.gov/Nchs/Data/Nhanes/Public/2007/DataFiles/MCQ_E.htm#MCQ180A
2007-2008,MCQ_E,MCQ190,Which type of arthritis,9666,1755,https://wwwn.cdc.gov/Nchs/Data/Nhanes/Public/2007/DataFiles/MCQ_E.htm#MCQ190
2007-2008,MCQ_E,MCQ160N,Doctor ever told you that you had gout?,9666,5935,https://wwwn.cdc.gov/Nchs/Data/Nhanes/Public/2007/DataFiles/MCQ_E.htm#MCQ160N
2007-2008,MCQ_E,MCQ180N,Age when told you had gout,9666,299,https://wwwn.cdc.gov/Nchs/Data/Nhanes/Public/2007/DataFiles/MCQ_E.htm#MCQ180N
2007-2008,MCQ_E,MCQ160B,Ever told had congestive heart failure,9666,5935,https://wwwn.cdc.gov/Nchs/Data/Nhanes/Public/2007/DataFiles/MCQ_E.htm#MCQ160B
2007-2008,MCQ_E,MCQ180B,Age when told you had heart failure,9666,217,https://wwwn.cdc.gov/Nchs/Data/Nhanes/Public/2007/DataFiles/MCQ_E.htm#MCQ180B
2007-2008,MCQ_E,MCQ160C,Ever told you had coronary heart disease,9666,5935,https://wwwn.cdc.gov/Nchs/Data/Nhanes/Public/2007/DataFiles/MCQ_E.htm#MCQ160C
2007-2008,MCQ_E,MCQ180C,Age when told had coronary heart disease,9666,253,https://wwwn.cdc.gov/Nchs/Data/Nhanes/Public/2007/DataFiles/MCQ_E.htm#MCQ180C
2007-2008,MCQ_E,MCQ160D,Ever told you had angina/angina pectoris,9666,5935,https://wwwn.cdc.gov/Nchs/Data/Nhanes/Public/2007/DataFiles/MCQ_E.htm#MCQ160D
2007-2008,MCQ_E,MCQ180D,Age when told you had angina pectoris,9666,164,https://wwwn.cdc.gov/Nchs/Data/Nhanes/Public/2007/DataFiles/MCQ_E.htm#MCQ180D
2007-2008,MCQ_E,MCQ160E,Ever told you had heart attack,9666,5935,https://wwwn.cdc.gov/Nchs/Data/Nhanes/Public/2007/DataFiles/MCQ_E.htm#MCQ160E
2007-2008,MCQ_E,MCQ180E,Age when told you had heart attack,9666,282,https://wwwn.cdc.gov/Nchs/Data/Nhanes/Public/2007/DataFiles/MCQ_E.htm#MCQ180E
2007-2008,MCQ_E,MCQ160F,Ever told you had a stroke,9666,5935,https://wwwn.cdc.gov/Nchs/Data/Nhanes/Public/2007/DataFiles/MCQ_E.htm#MCQ160F
2007-2008,MCQ_E,MCQ180F,Age when told you had a stroke,9666,258,https://wwwn.cdc.gov/Nchs/Data/Nhanes/Public/2007/DataFiles/MCQ_E.htm#MCQ180F
2007-2008,MCQ_E,MCQ160G,Ever told you had emphysema,9666,5935,https://wwwn.cdc.gov/Nchs/Data/Nhanes/Public/2007/DataFiles/MCQ_E.htm#MCQ160G
2007-2008,MCQ_E,MCQ180G,Age when told you had emphysema,9666,163,https://wwwn.cdc.gov/Nchs/Data/Nhanes/Public/2007/DataFiles/MCQ_E.htm#MCQ180G
2007-2008,MCQ_E,MCQ160M,Ever told you had a thyroid problem,9666,5935,https://wwwn.cdc.gov/Nchs/Data/Nhanes/Public/2007/DataFiles/MCQ_E.htm#MCQ160M
2007-2008,MCQ_E,MCQ170M,Do you still have a thyroid problem,9666,554,https://wwwn.cdc.gov/Nchs/Data/Nhanes/Public/2007/DataFiles/MCQ_E.htm#MCQ170M
2007-2008,MCQ_E,MCQ180M,Age when told you had a thyroid problem,9666,554,https://wwwn.cdc.gov/Nchs/Data/Nhanes/Public/2007/DataFiles/MCQ_E.htm#MCQ180M
2007-2008,MCQ_E,MCQ160K,Ever told you had chronic bronchitis,9666,5935,https://wwwn.cdc.gov/Nchs/Data/Nhanes/Public/2007/DataFiles/MCQ_E.htm#MCQ160K
2007-2008,MCQ_E,MCQ170K,Do you still have chronic bronchitis,9666,375,https://wwwn.cdc.gov/Nchs/Data/Nhanes/Public/2007/DataFiles/MCQ_E.htm#MCQ170K
2007-2008,MCQ_E,MCQ180K,Age when told you had chronic bronchitis,9666,374,https://wwwn.cdc.gov/Nchs/Data/Nhanes/Public/2007/DataFiles/MCQ_E.htm#MCQ180K
2007-2008,MCQ_E,MCQ160L,Ever told you had any liver condition,9666,5935,https://wwwn.cdc.gov/Nchs/Data/Nhanes/Public/2007/DataFiles/MCQ_E.htm#MCQ160L
2007-2008,MCQ_E,MCQ170L,Do you still have a liver condition,9666,226,https://wwwn.cdc.gov/Nchs/Data/Nhanes/Public/2007/DataFiles/MCQ_E.htm#MCQ170L
2007-2008,MCQ_E,MCQ180L,Age when told you had a liver condition,9666,224,https://wwwn.cdc.gov/Nchs/Data/Nhanes/Public/2007/DataFiles/MCQ_E.htm#MCQ180L
2007-2008,MCQ_E,MCQ220,Ever told you had cancer or malignancy,9666,5935,https://wwwn.cdc.gov/Nchs/Data/Nhanes/Public/2007/DataFiles/MCQ_E.htm#MCQ220
2007-2008,MCQ_E,MCQ230A,What kind of cancer,9666,576,https://wwwn.cdc.gov/Nchs/Data/Nhanes/Public/2007/DataFiles/MCQ_E.htm#MCQ230A
2007-2008,MCQ_E,MCQ230B,What kind of cancer,9666,47,https://wwwn.cdc.gov/Nchs/Data/Nhanes/Public/2007/DataFiles/MCQ_E.htm#MCQ230B
2007-2008,MCQ_E,MCQ230C,What kind of cancer,9666,6,https://wwwn.cdc.gov/Nchs/Data/Nhanes/Public/2007/DataFiles/MCQ_E.htm#MCQ230C
2007-2008,MCQ_E,MCQ230D,What kind of cancer,9666,1,https://wwwn.cdc.gov/Nchs/Data/Nhanes/Public/2007/DataFiles/MCQ_E.htm#MCQ230D
2007-2008,MCQ_E,MCQ240A,Age when bladder cancer first diagnosed,9666,19,https://wwwn.cdc.gov/Nchs/Data/Nhanes/Public/2007/DataFiles/MCQ_E.htm#MCQ240A
2007-2008,MCQ_E,MCQ240B,Age when blood cancer first diagnosed,9666,1,https://wwwn.cdc.gov/Nchs/Data/Nhanes/Public/2007/DataFiles/MCQ_E.htm#MCQ240B
2007-2008,MCQ_E,MCQ240C,Age when bone cancer first diagnosed,9666,5,https://wwwn.cdc.gov/Nchs/Data/Nhanes/Public/2007/DataFiles/MCQ_E.htm#MCQ240C
2007-2008,MCQ_E,MCQ240D,Age when brain cancer first diagnosed,9666,2,https://wwwn.cdc.gov/Nchs/Data/Nhanes/Public/2007/DataFiles/MCQ_E.htm#MCQ240D
2007-2008,MCQ_E,MCQ240E,Age when breast cancer first diagnosed,9666,93,https://wwwn.cdc.gov/Nchs/Data/Nhanes/Public/2007/DataFiles/MCQ_E.htm#MCQ240E
2007-2008,MCQ_E,MCQ240F,Age when cervical cancer first diagnosed,9666,42,https://wwwn.cdc.gov/Nchs/Data/Nhanes/Public/2007/DataFiles/MCQ_E.htm#MCQ240F
2007-2008,MCQ_E,MCQ240G,Age when colon cancer first diagnosed,9666,51,https://wwwn.cdc.gov/Nchs/Data/Nhanes/Public/2007/DataFiles/MCQ_E.htm#MCQ240G
2007-2008,MCQ_E,MCQ240H,Age esophageal cancer first diagnosed,9666,5,https://wwwn.cdc.gov/Nchs/Data/Nhanes/Public/2007/DataFiles/MCQ_E.htm#MCQ240H
2007-2008,MCQ_E,MCQ240I,Age gallbladder cancer first diagnosed,9666,1,https://wwwn.cdc.gov/Nchs/Data/Nhanes/Public/2007/DataFiles/MCQ_E.htm#MCQ240I
2007-2008,MCQ_E,MCQ240J,Age when kidney cancer first diagnosed,9666,7,https://wwwn.cdc.gov/Nchs/Data/Nhanes/Public/2007/DataFiles/MCQ_E.htm#MCQ240J
2007-2008,MCQ_E,MCQ240K,Age larynx/windpipe cancer diagnosed,9666,2,https://wwwn.cdc.gov/Nchs/Data/Nhanes/Public/2007/DataFiles/MCQ_E.htm#MCQ240K
2007-2008,MCQ_E,MCQ240L,Age when leukemia first diagnosed,9666,8,https://wwwn.cdc.gov/Nchs/Data/Nhanes/Public/2007/DataFiles/MCQ_E.htm#MCQ240L
2007-2008,MCQ_E,MCQ240M,Age when liver cancer first diagnosed,9666,4,https://wwwn.cdc.gov/Nchs/Data/Nhanes/Public/2007/DataFiles/MCQ_E.htm#MCQ240M
2007-2008,MCQ_E,MCQ240N,Age when lung cancer first diagnosed,9666,17,https://wwwn.cdc.gov/Nchs/Data/Nhanes/Public/2007/DataFiles/MCQ_E.htm#MCQ240N
2007-2008,MCQ_E,MCQ240O,Age lymphoma/Hodgkin's diagnosed,9666,13,https://wwwn.cdc.gov/Nchs/Data/Nhanes/Public/2007/DataFiles/MCQ_E.htm#MCQ240O
2007-2008,MCQ_E,MCQ240P,Age when melanoma first diagnosed,9666,33,https://wwwn.cdc.gov/Nchs/Data/Nhanes/Public/2007/DataFiles/MCQ_E.htm#MCQ240P
2007-2008,MCQ_E,MCQ240Q,Age mouth\tongue\lip cancer diagnosed,9666,4,https://wwwn.cdc.gov/Nchs/Data/Nhanes/Public/2007/DataFiles/MCQ_E.htm#MCQ240Q
2007-2008,MCQ_E,MCQ240R,Age nervous system cancer diagnosed,9666,1,https://wwwn.cdc.gov/Nchs/Data/Nhanes/Public/2007/DataFiles/MCQ_E.htm#MCQ240R
2007-2008,MCQ_E,MCQ240S,Age when ovarian cancer first diagnosed,9666,22,https://wwwn.cdc.gov/Nchs/Data/Nhanes/Public/2007/DataFiles/MCQ_E.htm#MCQ240S
2007-2008,MCQ_E,MCQ240T,Age pancreatic cancer first diagnosed,9666,2,https://wwwn.cdc.gov/Nchs/Data/Nhanes/Public/2007/DataFiles/MCQ_E.htm#MCQ240T
2007-2008,MCQ_E,MCQ240U,Age prostate cancer first diagnosed,9666,100,https://wwwn.cdc.gov/Nchs/Data/Nhanes/Public/2007/DataFiles/MCQ_E.htm#MCQ240U
2007-2008,MCQ_E,MCQ240V,Age when rectal cancer first diagnosed,9666,0,https://wwwn.cdc.gov/Nchs/Data/Nhanes/Public/2007/DataFiles/MCQ_E.htm#MCQ240V
2007-2008,MCQ_E,MCQ240W,Age non-melanoma skin cancer diagnosed,9666,86,https://wwwn.cdc.gov/Nchs/Data/Nhanes/Public/2007/DataFiles/MCQ_E.htm#MCQ240W
2007-2008,MCQ_E,MCQ240X,Age unknown skin cancer first diagnosed,9666,47,https://wwwn.cdc.gov/Nchs/Data/Nhanes/Public/2007/DataFiles/MCQ_E.htm#MCQ240X
2007-2008,MCQ_E,MCQ240Y,Age soft tissue cancer first diagnosed,9666,1,https://wwwn.cdc.gov/Nchs/Data/Nhanes/Public/2007/DataFiles/MCQ_E.htm#MCQ240Y
2007-2008,MCQ_E,MCQ240Z,Age stomach cancer first diagnosed,9666,6,https://wwwn.cdc.gov/Nchs/Data/Nhanes/Public/2007/DataFiles/MCQ_E.htm#MCQ240Z
2007-2008,MCQ_E,MCQ240AA,Age testicular cancer first diagnosed,9666,1,https://wwwn.cdc.gov/Nchs/Data/Nhanes/Public/2007/DataFiles/MCQ_E.htm#MCQ240AA
2007-2008,MCQ_E,MCQ240BB,Age when thyroid cancer first diagnosed,9666,9,https://wwwn.cdc.gov/Nchs/Data/Nhanes/Public/2007/DataFiles/MCQ_E.htm#MCQ240BB
2007-2008,MCQ_E,MCQ240CC,Age when uterine cancer first diagnosed,9666,23,https://wwwn.cdc.gov/Nchs/Data/Nhanes/Public/2007/DataFiles/MCQ_E.htm#MCQ240CC
2007-2008,MCQ_E,MCQ240DD,Age other type of cancer first diagnosed,9666,23,https://wwwn.cdc.gov/Nchs/Data/Nhanes/Public/2007/DataFiles/MCQ_E.htm#MCQ240DD
2007-2008,MCQ_E,MCQ240DK,Age unknown cancer first diagnosed,9666,1,https://wwwn.cdc.gov/Nchs/Data/Nhanes/Public/2007/DataFiles/MCQ_E.htm#MCQ240DK
2007-2008,MCQ_E,MCQ245A,Work days missed for illness/maternity,9666,6546,https://wwwn.cdc.gov/Nchs/Data/Nhanes/Public/2007/DataFiles/MCQ_E.htm#MCQ245A
2007-2008,MCQ_E,MCQ245B,# of workdays missed,9666,3900,https://wwwn.cdc.gov/Nchs/Data/Nhanes/Public/2007/DataFiles/MCQ_E.htm#MCQ245B
2007-2008,MCQ_E,MCQ300A,Close relative had heart attack?,9666,5935,https://wwwn.cdc.gov/Nchs/Data/Nhanes/Public/2007/DataFiles/MCQ_E.htm#MCQ300A
2007-2008,MCQ_E,MCQ300B,Close relative had asthma?,9666,8435,https://wwwn.cdc.gov/Nchs/Data/Nhanes/Public/2007/DataFiles/MCQ_E.htm#MCQ300B
2007-2008,MCQ_E,MCQ300C,Close relative had diabetes?,9666,5935,https://wwwn.cdc.gov/Nchs/Data/Nhanes/Public/2007/DataFiles/MCQ_E.htm#MCQ300C
2007-2008,MCQ_E,MCQ265,Blood relative have/had prostate cancer,9666,1962,https://wwwn.cdc.gov/Nchs/Data/Nhanes/Public/2007/DataFiles/MCQ_E.htm#MCQ265
2007-2008,MCQ_E,MCQ268A,Biological family members - father,9666,144,https://wwwn.cdc.gov/Nchs/Data/Nhanes/Public/2007/DataFiles/MCQ_E.htm#MCQ268A
2007-2008,MCQ_E,MCQ268B,Biological family member-mother's father,9666,20,https://wwwn.cdc.gov/Nchs/Data/Nhanes/Public/2007/DataFiles/MCQ_E.htm#MCQ268B
2007-2008,MCQ_E,MCQ268C,Biological family member-father's father,9666,26,https://wwwn.cdc.gov/Nchs/Data/Nhanes/Public/2007/DataFiles/MCQ_E.htm#MCQ268C
2007-2008,MCQ_E,MCQ268D,Biological family member - brother,9666,80,https://wwwn.cdc.gov/Nchs/Data/Nhanes/Public/2007/DataFiles/MCQ_E.htm#MCQ268D
2007-2008,MCQ_E,MCQ310,Ever have blood test to check PSA?,9666,1962,https://wwwn.cdc.gov/Nchs/Data/Nhanes/Public/2007/DataFiles/MCQ_E.htm#MCQ310
2007-2008,MCQ_E,MCQ320,Age when first had PSA test,9666,1089,https://wwwn.cdc.gov/Nchs/Data/Nhanes/Public/2007/DataFiles/MCQ_E.htm#MCQ320
2007-2008,MCQ_E,MCD330,How long ago was last PSA test?,9666,1082,https://wwwn.cdc.gov/Nchs/Data/Nhanes/Public/2007/DataFiles/MCQ_E.htm#MCD330
2007-2008,MCQ_E,MCQ340,How many PSA tests in past 5 years?,9666,1089,https://wwwn.cdc.gov/Nchs/Data/Nhanes/Public/2007/DataFiles/MCQ_E.htm#MCQ340
2007-2008,MCQ_E,MCQ350,Ever told PSA test was not normal?,9666,1089,https://wwwn.cdc.gov/Nchs/Data/Nhanes/Public/2007/DataFiles/MCQ_E.htm#MCQ350
2007-2008,PAQ_E,SEQN,Respondent sequence number,9359,9359,https://wwwn.cdc.gov/Nchs/Data/Nhanes/Public/2007/DataFiles/PAQ_E.htm#SEQN
2007-2008,PAQ_E,PAQ560,Times per week play or exercise hard,9359,1932,https://wwwn.cdc.gov/Nchs/Data/Nhanes/Public/2007/DataFiles/PAQ_E.htm#PAQ560
2007-2008,PAQ_E,PAD590,Hours watch TV or videos past 30 days,9359,1932,https://wwwn.cdc.gov/Nchs/Data/Nhanes/Public/2007/DataFiles/PAQ_E.htm#PAD590
2007-2008,PAQ_E,PAD600,Hours use computer past 30 days,9359,1932,https://wwwn.cdc.gov/Nchs/Data/Nhanes/Public/2007/DataFiles/PAQ_E.htm#PAD600
2007-2008,PAQ_E,PAQ605,Vigorous work activity,9359,7105,https://wwwn.cdc.gov/Nchs/Data/Nhanes/Public/2007/DataFiles/PAQ_E.htm#PAQ605
2007-2008,PAQ_E,PAQ610,Days vigorous work,9359,1303,https://wwwn.cdc.gov/Nchs/Data/Nhanes/Public/2007/DataFiles/PAQ_E.htm#PAQ610
2007-2008,PAQ_E,PAD615,Minutes vigorous-intensity work,9359,1290,https://wwwn.cdc.gov/Nchs/Data/Nhanes/Public/2007/DataFiles/PAQ_E.htm#PAD615
2007-2008,PAQ_E,PAQ620,Moderate work activity,9359,7105,https://wwwn.cdc.gov/Nchs/Data/Nhanes/Public/2007/DataFiles/PAQ_E.htm#PAQ620
2007-2008,PAQ_E,PAQ625,Number of days moderate work,9359,2646,https://wwwn.cdc.gov/Nchs/Data/Nhanes/Public/2007/DataFiles/PAQ_E.htm#PAQ625
2007-2008,PAQ_E,PAD630,Minutes moderate-intensity work,9359,2633,https://wwwn.cdc.gov/Nchs/Data/Nhanes/Public/2007/DataFiles/PAQ_E.htm#PAD630
2007-2008,PAQ_E,PAQ635,Walk or bicycle,9359,7105,https://wwwn.cdc.gov/Nchs/Data/Nhanes/Public/2007/DataFiles/PAQ_E.htm#PAQ635
2007-2008,PAQ_E,PAQ640,Number of days walk or bicycle,9359,1991,https://wwwn.cdc.gov/Nchs/Data/Nhanes/Public/2007/DataFiles/PAQ_E.htm#PAQ640
2007-2008,PAQ_E,PAD645,Minutes walk/bicycle for transportation,9359,1983,https://wwwn.cdc.gov/Nchs/Data/Nhanes/Public/2007/DataFiles/PAQ_E.htm#PAD645
2007-2008,PAQ_E,PAQ650,Vigorous recreational activities,9359,7105,https://wwwn.cdc.gov/Nchs/Data/Nhanes/Public/2007/DataFiles/PAQ_E.htm#PAQ650
2007-2008,PAQ_E,PAQ655,Days vigorous recreational activities,9359,1857,https://wwwn.cdc.gov/Nchs/Data/Nhanes/Public/2007/DataFiles/PAQ_E.htm#PAQ655
2007-2008,PAQ_E,PAD660,Minutes vigorous recreational activities,9359,1850,https://wwwn.cdc.gov/Nchs/Data/Nhanes/Public/2007/DataFiles/PAQ_E.htm#PAD660
2007-2008,PAQ_E,PAQ665,Moderate recreational activities,9359,7105,https://wwwn.cdc.gov/Nchs/Data/Nhanes/Public/2007/DataFiles/PAQ_E.htm#PAQ665
2007-2008,PAQ_E,PAQ670,Days moderate recreational activities,9359,2661,https://wwwn.cdc.gov/Nchs/Data/Nhanes/Public/2007/DataFiles/PAQ_E.htm#PAQ670
2007-2008,PAQ_E,PAD675,Minutes moderate recreational activities,9359,2652,https://wwwn.cdc.gov/Nchs/Data/Nhanes/Public/2007/DataFiles/PAQ_E.htm#PAD675
2007-2008,PAQ_E,PAD680,Minutes sedentary activity,9359,7091,https://wwwn.cdc.gov/Nchs/Data/Nhanes/Public/2007/DataFiles/PAQ_E.htm#PAD680
2007-2008,PFQ_E,SEQN,Respondent sequence number,9666,9666,https://wwwn.cdc.gov/Nchs/Data/Nhanes/Public/2007/DataFiles/PFQ_E.htm#SEQN
2007-2008,PFQ_E,PFQ010,"Physical,mental,emotional limitations",9666,1040,https://wwwn.cdc.gov/Nchs/Data/Nhanes/Public/2007/DataFiles/PFQ_E.htm#PFQ010
2007-2008,PFQ_E,PFQ015,Able to take part in most type of play,9666,31,https://wwwn.cdc.gov/Nchs/Data/Nhanes/Public/2007/DataFiles/PFQ_E.htm#PFQ015
2007-2008,PFQ_E,PFQ020,"Crawl, walk, run, play limitations",9666,3731,https://wwwn.cdc.gov/Nchs/Data/Nhanes/Public/2007/DataFiles/PFQ_E.htm#PFQ020
2007-2008,PFQ_E,PFQ030,Long term impairment/health problem,9666,161,https://wwwn.cdc.gov/Nchs/Data/Nhanes/Public/2007/DataFiles/PFQ_E.htm#PFQ030
2007-2008,PFQ_E,PFQ041,Receive Special Ed or Early Intervention,9666,3438,https://wwwn.cdc.gov/Nchs/Data/Nhanes/Public/2007/DataFiles/PFQ_E.htm#PFQ041
2007-2008,PFQ_E,PFQ049,Limitations keeping you from working,9666,5935,https://wwwn.cdc.gov/Nchs/Data/Nhanes/Public/2007/DataFiles/PFQ_E.htm#PFQ049
2007-2008,PFQ_E,PFQ051,Limited in amount of work you can do,9666,5935,https://wwwn.cdc.gov/Nchs/Data/Nhanes/Public/2007/DataFiles/PFQ_E.htm#PFQ051
2007-2008,PFQ_E,PFQ054,Need special equipment to walk,9666,5935,https://wwwn.cdc.gov/Nchs/Data/Nhanes/Public/2007/DataFiles/PFQ_E.htm#PFQ054
2007-2008,PFQ_E,PFQ057,Experience confusion/memory problems,9666,5935,https://wwwn.cdc.gov/Nchs/Data/Nhanes/Public/2007/DataFiles/PFQ_E.htm#PFQ057
2007-2008,PFQ_E,PFQ059,"Physical, mental, emotional limitations",9666,4353,https://wwwn.cdc.gov/Nchs/Data/Nhanes/Public/2007/DataFiles/PFQ_E.htm#PFQ059
2007-2008,PFQ_E,PFQ061A,Managing money difficulty,9666,2872,https://wwwn.cdc.gov/Nchs/Data/Nhanes/Public/2007/DataFiles/PFQ_E.htm#PFQ061A
2007-2008,PFQ_E,PFQ061B,Walking for a quarter mile difficulty,9666,2288,https://wwwn.cdc.gov/Nchs/Data/Nhanes/Public/2007/DataFiles/PFQ_E.htm#PFQ061B
2007-2008,PFQ_E,PFQ061C,Walking up ten steps difficulty,9666,2288,https://wwwn.cdc.gov/Nchs/Data/Nhanes/Public/2007/DataFiles/PFQ_E.htm#PFQ061C
2007-2008,PFQ_E,PFQ061D,"Stooping, crouching, kneeling difficulty",9666,2872,https://wwwn.cdc.gov/Nchs/Data/Nhanes/Public/2007/DataFiles/PFQ_E.htm#PFQ061D
2007-2008,PFQ_E,PFQ061E,Lifting or carrying difficulty,9666,2872,https://wwwn.cdc.gov/Nchs/Data/Nhanes/Public/2007/DataFiles/PFQ_E.htm#PFQ061E
2007-2008,PFQ_E,PFQ061F,House chore difficulty,9666,2872,https://wwwn.cdc.gov/Nchs/Data/Nhanes/Public/2007/DataFiles/PFQ_E.htm#PFQ061F
2007-2008,PFQ_E,PFQ061G,Preparing meals difficulty,9666,2872,https://wwwn.cdc.gov/Nchs/Data/Nhanes/Public/2007/DataFiles/PFQ_E.htm#PFQ061G
2007-2008,PFQ_E,PFQ061H,Walking between rooms on same floor,9666,2872,https://wwwn.cdc.gov/Nchs/Data/Nhanes/Public/2007/DataFiles/PFQ_E.htm#PFQ061H
2007-2008,PFQ_E,PFQ061I,Standingup from armless chair difficulty,9666,2872,https://wwwn.cdc.gov/Nchs/Data/Nhanes/Public/2007/DataFiles/PFQ_E.htm#PFQ061I
2007-2008,PFQ_E,PFQ061J,Getting in and out of bed difficulty,9666,2872,https://wwwn.cdc.gov/Nchs/Data/Nhanes/Public/2007/DataFiles/PFQ_E.htm#PFQ061J
2007-2008,PFQ_E,PFQ061K,"Using fork, knife, drinking from cup",9666,2872,https://wwwn.cdc.gov/Nchs/Data/Nhanes/Public/2007/DataFiles/PFQ_E.htm#PFQ061K
2007-2008,PFQ_E,PFQ061L,Dressing yourself difficulty,9666,2872,https://wwwn.cdc.gov/Nchs/Data/Nhanes/Public/2007/DataFiles/PFQ_E.htm#PFQ061L
2007-2008,PFQ_E,PFQ061M,Standing for long periods difficulty,9666,2872,https://wwwn.cdc.gov/Nchs/Data/Nhanes/Public/2007/DataFiles/PFQ_E.htm#PFQ061M
2007-2008,PFQ_E,PFQ061N,Sitting for long periods difficulty,9666,2872,https://wwwn.cdc.gov/Nchs/Data/Nhanes/Public/2007/DataFiles/PFQ_E.htm#PFQ061N
2007-2008,PFQ_E,PFQ061O,Reaching up over head difficulty,9666,2872,https://wwwn.cdc.gov/Nchs/Data/Nhanes/Public/2007/DataFiles/PFQ_E.htm#PFQ061O
2007-2008,PFQ_E,PFQ061P,Grasp/holding small objects difficulty,9666,2872,https://wwwn.cdc.gov/Nchs/Data/Nhanes/Public/2007/DataFiles/PFQ_E.htm#PFQ061P
2007-2008,PFQ_E,PFQ061Q,"Going out to movies, events difficulty",9666,2872,https://wwwn.cdc.gov/Nchs/Data/Nhanes/Public/2007/DataFiles/PFQ_E.htm#PFQ061Q
2007-2008,PFQ_E,PFQ061R,Attending social event difficulty,9666,2872,https://wwwn.cdc.gov/Nchs/Data/Nhanes/Public/2007/DataFiles/PFQ_E.htm#PFQ061R
2007-2008,PFQ_E,PFQ061S,Leisure activity at home difficulty,9666,2872,https://wwwn.cdc.gov/Nchs/Data/Nhanes/Public/2007/DataFiles/PFQ_E.htm#PFQ061S
2007-2008,PFQ_E,PFQ061T,Push or pull large objects difficulty,9666,2872,https://wwwn.cdc.gov/Nchs/Data/Nhanes/Public/2007/DataFiles/PFQ_E.htm#PFQ061T
2007-2008,PFQ_E,PFQ063A,Health problems causing difficulty,9666,2110,https://wwwn.cdc.gov/Nchs/Data/Nhanes/Public/2007/DataFiles/PFQ_E.htm#PFQ063A
2007-2008,PFQ_E,PFQ063B,Health problems causing difficulty,9666,1120,https://wwwn.cdc.gov/Nchs/Data/Nhanes/Public/2007/DataFiles/PFQ_E.htm#PFQ063B
2007-2008,PFQ_E,PFQ063C,Health problems causing difficulty,9666,718,https://wwwn.cdc.gov/Nchs/Data/Nhanes/Public/2007/DataFiles/PFQ_E.htm#PFQ063C
2007-2008,PFQ_E,PFQ063D,Health problems causing difficulty,9666,452,https://wwwn.cdc.gov/Nchs/Data/Nhanes/Public/2007/DataFiles/PFQ_E.htm#PFQ063D
2007-2008,PFQ_E,PFQ063E,Health problems causing difficulty,9666,251,https://wwwn.cdc.gov/Nchs/Data/Nhanes/Public/2007/DataFiles/PFQ_E.htm#PFQ063E
2007-2008,PFQ_E,PFQ090,Require special healthcare equipment,9666,5935,https://wwwn.cdc.gov/Nchs/Data/Nhanes/Public/2007/DataFiles/PFQ_E.htm#PFQ090
2007-2008,RXQ_RX_E,SEQN,Respondent sequence number,20516,20516,https://wwwn.cdc.gov/Nchs/Data/Nhanes/Public/2007/DataFiles/RXQ_RX_E.htm#SEQN
2007-2008,RXQ_RX_E,RXDUSE,"Taken prescription medicine, past month",20516,20516,https://wwwn.cdc.gov/Nchs/Data/Nhanes/Public/2007/DataFiles/RXQ_RX_E.htm#RXDUSE
2007-2008,RXQ_RX_E,RXDCOUNT,Number of prescription medicines taken,20516,14759,https://wwwn.cdc.gov/Nchs/Data/Nhanes/Public/2007/DataFiles/RXQ_RX_E.htm#RXDCOUNT
2007-2008,SMQ_E,SEQN,Respondent sequence number,7145,7145,https://wwwn.cdc.gov/Nchs/Data/Nhanes/Public/2007/DataFiles/SMQ_E.htm#SEQN
2007-2008,SMQ_E,SMQ020,Smoked at least 100 cigarettes in life,7145,5935,https://wwwn.cdc.gov/Nchs/Data/Nhanes/Public/2007/DataFiles/SMQ_E.htm#SMQ020
2009-2010,ALQ_F,SEQN,Respondent sequence number,6059,6059,https://wwwn.cdc.gov/Nchs/Data/Nhanes/Public/2009/DataFiles/ALQ_F.htm#SEQN
2009-2010,ALQ_F,ALQ101,Had at least 12 alcohol drinks/1 yr?,6059,5332,https://wwwn.cdc.gov/Nchs/Data/Nhanes/Public/2009/DataFiles/ALQ_F.htm#ALQ101
2009-2010,ALQ_F,ALQ110,Had at least 12 alcohol drinks/lifetime?,6059,1425,https://wwwn.cdc.gov/Nchs/Data/Nhanes/Public/2009/DataFiles/ALQ_F.htm#ALQ110
2009-2010,ALQ_F,ALQ120Q,How often drink alcohol over past 12 mos,6059,4652,https://wwwn.cdc.gov/Nchs/Data/Nhanes/Public/2009/DataFiles/ALQ_F.htm#ALQ120Q
2009-2010,ALQ_F,ALQ120U,"# days drink alcohol per wk, mo, yr",6059,3664,https://wwwn.cdc.gov/Nchs/Data/Nhanes/Public/2009/DataFiles/ALQ_F.htm#ALQ120U
2009-2010,ALQ_F,ALQ130,Avg # alcoholic drinks/day -past 12 mos,6059,3666,https://wwwn.cdc.gov/Nchs/Data/Nhanes/Public/2009/DataFiles/ALQ_F.htm#ALQ130
2009-2010,BIOPRO_F,SEQN,Respondent sequence number,7369,7369,https://wwwn.cdc.gov/Nchs/Data/Nhanes/Public/2009/DataFiles/BIOPRO_F.htm#SEQN
2009-2010,BIOPRO_F,LBXSAPSI,Alkaline phosphotase (U/L),7369,6860,https://wwwn.cdc.gov/Nchs/Data/Nhanes/Public/2009/DataFiles/BIOPRO_F.htm#LBXSAPSI
2009-2010,BIOPRO_F,LBXSBU,Blood urea nitrogen (mg/dL),7369,6860,https://wwwn.cdc.gov/Nchs/Data/Nhanes/Public/2009/DataFiles/BIOPRO_F.htm#LBXSBU
2009-2010,BIOPRO_F,LBDSBUSI,Blood urea nitrogen (mmol/L),7369,6860,https://wwwn.cdc.gov/Nchs/Data/Nhanes/Public/2009/DataFiles/BIOPRO_F.htm#LBDSBUSI
2009-2010,BIOPRO_F,LBXSCA,Total calcium (mg/dL),7369,6860,https://wwwn.cdc.gov/Nchs/Data/Nhanes/Public/2009/DataFiles/BIOPRO_F.htm#LBXSCA
2009-2010,BIOPRO_F,LBDSCASI,Total calcium (mmol/L),7369,6860,https://wwwn.cdc.gov/Nchs/Data/Nhanes/Public/2009/DataFiles/BIOPRO_F.htm#LBDSCASI
2009-2010,BIOPRO_F,LBXSC3SI,Bicarbonate (mmol/L),7369,6860,https://wwwn.cdc.gov/Nchs/Data/Nhanes/Public/2009/DataFiles/BIOPRO_F.htm#LBXSC3SI
2009-2010,BIOPRO_F,LBXSLDSI,Lactate dehydrogenase (U/L),7369,6858,https://wwwn.cdc.gov/Nchs/Data/Nhanes/Public/2009/DataFiles/BIOPRO_F.htm#LBXSLDSI
2009-2010,BIOPRO_F,LBXSUA,Uric acid (mg/dL),7369,6859,https://wwwn.cdc.gov/Nchs/Data/Nhanes/Public/2009/DataFiles/BIOPRO_F.htm#LBXSUA
2009-2010,BIOPRO_F,LBDSUASI,Uric acid (umol/L),7369,6859,https://wwwn.cdc.gov/Nchs/Data/Nhanes/Public/2009/DataFiles/BIOPRO_F.htm#LBDSUASI
2009-2010,BMX_F,SEQN,Respondent sequence number,10253,10253,https://wwwn.cdc.gov/Nchs/Data/Nhanes/Public/2009/DataFiles/BMX_F.htm#SEQN
2009-2010,BMX_F,BMXBMI,Body Mass Index (kg/m**2),10253,9412,https://wwwn.cdc.gov/Nchs/Data/Nhanes/Public/2009/DataFiles/BMX_F.htm#BMXBMI
2009-2010,BPQ_F,SEQN,Respondent sequence number,6889,6889,https://wwwn.cdc.gov/Nchs/Data/Nhanes/Public/2009/DataFiles/BPQ_F.htm#SEQN
2009-2010,BPQ_F,BPQ020,Ever told you had high blood pressure,6889,6889,https://wwwn.cdc.gov/Nchs/Data/Nhanes/Public/2009/DataFiles/BPQ_F.htm#BPQ020
2009-2010,BPQ_F,BPQ030,Told had high blood pressure - 2+ times,6889,2221,https://wwwn.cdc.gov/Nchs/Data/Nhanes/Public/2009/DataFiles/BPQ_F.htm#BPQ030
2009-2010,BPQ_F,BPQ040A,Taking prescription for hypertension,6889,2221,https://wwwn.cdc.gov/Nchs/Data/Nhanes/Public/2009/DataFiles/BPQ_F.htm#BPQ040A
2009-2010,BPQ_F,BPQ050A,Now taking prescribed medicine for HBP,6889,1937,https://wwwn.cdc.gov/Nchs/Data/Nhanes/Public/2009/DataFiles/BPQ_F.htm#BPQ050A
2009-2010,BPQ_F,BPQ057,Borderline Hypertension,6889,6889,https://wwwn.cdc.gov/Nchs/Data/Nhanes/Public/2009/DataFiles/BPQ_F.htm#BPQ057
2009-2010,BPQ_F,BPQ056,Take blood pressure at home last 12 mos?,6889,6889,https://wwwn.cdc.gov/Nchs/Data/Nhanes/Public/2009/DataFiles/BPQ_F.htm#BPQ056
2009-2010,BPQ_F,BPQ059,Doctor tell you to take BP at home?,6889,6889,https://wwwn.cdc.gov/Nchs/Data/Nhanes/Public/2009/DataFiles/BPQ_F.htm#BPQ059
2009-2010,BPQ_F,BPQ060,Ever had blood cholesterol checked,6889,6218,https://wwwn.cdc.gov/Nchs/Data/Nhanes/Public/2009/DataFiles/BPQ_F.htm#BPQ060
2009-2010,BPQ_F,BPQ070,When blood cholesterol last checked,6889,4358,https://wwwn.cdc.gov/Nchs/Data/Nhanes/Public/2009/DataFiles/BPQ_F.htm#BPQ070
2009-2010,BPQ_F,BPQ080,Doctor told you - high cholesterol level,6889,4358,https://wwwn.cdc.gov/Nchs/Data/Nhanes/Public/2009/DataFiles/BPQ_F.htm#BPQ080
2009-2010,BPQ_F,BPQ090A,Told to eat less fat for cholesterol,6889,1875,https://wwwn.cdc.gov/Nchs/Data/Nhanes/Public/2009/DataFiles/BPQ_F.htm#BPQ090A
2009-2010,BPQ_F,BPQ090B,Told to reduce weight for cholesterol,6889,1875,https://wwwn.cdc.gov/Nchs/Data/Nhanes/Public/2009/DataFiles/BPQ_F.htm#BPQ090B
2009-2010,BPQ_F,BPQ090C,Told to exercise more for cholesterol,6889,1875,https://wwwn.cdc.gov/Nchs/Data/Nhanes/Public/2009/DataFiles/BPQ_F.htm#BPQ090C
2009-2010,BPQ_F,BPQ090D,Told to take prescriptn for cholesterol,6889,1875,https://wwwn.cdc.gov/Nchs/Data/Nhanes/Public/2009/DataFiles/BPQ_F.htm#BPQ090D
2009-2010,BPQ_F,BPQ100A,Now eating fewer high fat foods,6889,1552,https://wwwn.cdc.gov/Nchs/Data/Nhanes/Public/2009/DataFiles/BPQ_F.htm#BPQ100A
2009-2010,BPQ_F,BPQ100B,Now controlling weight,6889,1189,https://wwwn.cdc.gov/Nchs/Data/Nhanes/Public/2009/DataFiles/BPQ_F.htm#BPQ100B
2009-2010,BPQ_F,BPQ100C,Now increasing exercise,6889,1373,https://wwwn.cdc.gov/Nchs/Data/Nhanes/Public/2009/DataFiles/BPQ_F.htm#BPQ100C
2009-2010,BPQ_F,BPQ100D,Now taking prescribed medicine,6889,1335,https://wwwn.cdc.gov/Nchs/Data/Nhanes/Public/2009/DataFiles/BPQ_F.htm#BPQ100D
2009-2010,BPX_F,SEQN,Respondent sequence number,10253,10253,https://wwwn.cdc.gov/Nchs/Data/Nhanes/Public/2009/DataFiles/BPX_F.htm#SEQN
2009-2010,BPX_F,BPXCHR,60 sec HR (30 sec HR * 2),10253,2051,https://wwwn.cdc.gov/Nchs/Data/Nhanes/Public/2009/DataFiles/BPX_F.htm#BPXCHR
2009-2010,BPX_F,BPQ150A,Had food in the past 30 minutes?,10253,7831,https://wwwn.cdc.gov/Nchs/Data/Nhanes/Public/2009/DataFiles/BPX_F.htm#BPQ150A
2009-2010,BPX_F,BPQ150B,Had alcohol in the past 30 minutes?,10253,7831,https://wwwn.cdc.gov/Nchs/Data/Nhanes/Public/2009/DataFiles/BPX_F.htm#BPQ150B
2009-2010,BPX_F,BPQ150C,Had coffee in the past 30 minutes?,10253,7831,https://wwwn.cdc.gov/Nchs/Data/Nhanes/Public/2009/DataFiles/BPX_F.htm#BPQ150C
2009-2010,BPX_F,BPQ150D,Had cigarettes in the past 30 minutes?,10253,7831,https://wwwn.cdc.gov/Nchs/Data/Nhanes/Public/2009/DataFiles/BPX_F.htm#BPQ150D
2009-2010,BPX_F,BPXPLS,60 sec. pulse (30 sec. pulse * 2):,10253,7836,https://wwwn.cdc.gov/Nchs/Data/Nhanes/Public/2009/DataFiles/BPX_F.htm#BPXPLS
2009-2010,BPX_F,BPXPULS,Pulse regular or irregular?,10253,9891,https://wwwn.cdc.gov/Nchs/Data/Nhanes/Public/2009/DataFiles/BPX_F.htm#BPXPULS
2009-2010,BPX_F,BPXPTY,Pulse type:,10253,7847,https://wwwn.cdc.gov/Nchs/Data/Nhanes/Public/2009/DataFiles/BPX_F.htm#BPXPTY
2009-2010,BPX_F,BPXML1,MIL: maximum inflation levels (mm Hg),10253,7828,https://wwwn.cdc.gov/Nchs/Data/Nhanes/Public/2009/DataFiles/BPX_F.htm#BPXML1
2009-2010,BPX_F,BPXSY1,Systolic: Blood pres (1st rdg) mm Hg,10253,7529,https://wwwn.cdc.gov/Nchs/Data/Nhanes/Public/2009/DataFiles/BPX_F.htm#BPXSY1
2009-2010,BPX_F,BPXDI1,Diastolic: Blood pres (1st rdg) mm Hg,10253,7529,https://wwwn.cdc.gov/Nchs/Data/Nhanes/Public/2009/DataFiles/BPX_F.htm#BPXDI1
2009-2010,BPX_F,BPXSY2,Systolic: Blood pres (2nd rdg) mm Hg,10253,7573,https://wwwn.cdc.gov/Nchs/Data/Nhanes/Public/2009/DataFiles/BPX_F.htm#BPXSY2
2009-2010,BPX_F,BPXDI2,Diastolic: Blood pres (2nd rdg) mm Hg,10253,7573,https://wwwn.cdc.gov/Nchs/Data/Nhanes/Public/2009/DataFiles/BPX_F.htm#BPXDI2
2009-2010,BPX_F,BPXSY3,Systolic: Blood pres (3rd rdg) mm Hg,10253,7588,https://wwwn.cdc.gov/Nchs/Data/Nhanes/Public/2009/DataFiles/BPX_F.htm#BPXSY3
2009-2010,BPX_F,BPXDI3,Diastolic: Blood pres (3rd rdg) mm Hg,10253,7588,https://wwwn.cdc.gov/Nchs/Data/Nhanes/Public/2009/DataFiles/BPX_F.htm#BPXDI3
2009-2010,BPX_F,BPXSY4,Systolic: Blood pres (4th rdg) mm Hg,10253,408,https://wwwn.cdc.gov/Nchs/Data/Nhanes/Public/2009/DataFiles/BPX_F.htm#BPXSY4
2009-2010,BPX_F,BPXDI4,Diastolic: Blood pres (4th rdg) mm Hg,10253,408,https://wwwn.cdc.gov/Nchs/Data/Nhanes/Public/2009/DataFiles/BPX_F.htm#BPXDI4
2009-2010,CBC_F,SEQN,Respondent sequence number,9835,9835,https://wwwn.cdc.gov/Nchs/Data/Nhanes/Public/2009/DataFiles/CBC_F.htm#SEQN
2009-2010,CBC_F,LBXWBCSI,White blood cell count (1000 cells/uL),9835,8798,https://wwwn.cdc.gov/Nchs/Data/Nhanes/Public/2009/DataFiles/CBC_F.htm#LBXWBCSI
2009-2010,CBC_F,LBXLYPCT,Lymphocyte percent (%),9835,8787,https://wwwn.cdc.gov/Nchs/Data/Nhanes/Public/2009/DataFiles/CBC_F.htm#LBXLYPCT
2009-2010,CBC_F,LBXMOPCT,Monocyte percent (%),9835,8787,https://wwwn.cdc.gov/Nchs/Data/Nhanes/Public/2009/DataFiles/CBC_F.htm#LBXMOPCT
2009-2010,CBC_F,LBXNEPCT,Segmented neutrophils percent (%),9835,8787,https://wwwn.cdc.gov/Nchs/Data/Nhanes/Public/2009/DataFiles/CBC_F.htm#LBXNEPCT
2009-2010,CBC_F,LBDLYMNO,Lymphocyte number (1000 cells/uL),9835,8786,https://wwwn.cdc.gov/Nchs/Data/Nhanes/Public/2009/DataFiles/CBC_F.htm#LBDLYMNO
2009-2010,CBC_F,LBDMONO,Monocyte number (1000 cells/uL),9835,8786,https://wwwn.cdc.gov/Nchs/Data/Nhanes/Public/2009/DataFiles/CBC_F.htm#LBDMONO
2009-2010,CBC_F,LBDNENO,Segmented neutrophils num (1000 cell/uL),9835,8786,https://wwwn.cdc.gov/Nchs/Data/Nhanes/Public/2009/DataFiles/CBC_F.htm#LBDNENO
2009-2010,CBC_F,LBXRDW,Red cell distribution width (%),9835,8799,https://wwwn.cdc.gov/Nchs/Data/Nhanes/Public/2009/DataFiles/CBC_F.htm#LBXRDW
2009-2010,CBC_F,LBXPLTSI,Platelet count (1000 cells/uL),9835,8799,https://wwwn.cdc.gov/Nchs/Data/Nhanes/Public/2009/DataFiles/CBC_F.htm#LBXPLTSI
2009-2010,DEMO_F,SEQN,Respondent sequence number,10537,10537,https://wwwn.cdc.gov/Nchs/Data/Nhanes/Public/2009/DataFiles/DEMO_F.htm#SEQN
2009-2010,DEMO_F,SDDSRVYR,Data Release Number,10537,10537,https://wwwn.cdc.gov/Nchs/Data/Nhanes/Public/2009/DataFiles/DEMO_F.htm#SDDSRVYR
2009-2010,DEMO_F,RIAGENDR,Gender,10537,10537,https://wwwn.cdc.gov/Nchs/Data/Nhanes/Public/2009/DataFiles/DEMO_F.htm#RIAGENDR
2009-2010,DEMO_F,RIDAGEYR,Age at Screening Adjudicated - Recode,10537,10537,https://wwwn.cdc.gov/Nchs/Data/Nhanes/Public/2009/DataFiles/DEMO_F.htm#RIDAGEYR
2009-2010,DEMO_F,RIDRETH1,Race/Ethnicity - Recode,10537,10537,https://wwwn.cdc.gov/Nchs/Data/Nhanes/Public/2009/DataFiles/DEMO_F.htm#RIDRETH1
2009-2010,DEMO_F,DMDEDUC2,Education Level - Adults 20+,10537,6218,https://wwwn.cdc.gov/Nchs/Data/Nhanes/Public/2009/DataFiles/DEMO_F.htm#DMDEDUC2
2009-2010,DEMO_F,INDFMPIR,Ratio of family income to poverty,10537,9541,https://wwwn.cdc.gov/Nchs/Data/Nhanes/Public/2009/DataFiles/DEMO_F.htm#INDFMPIR
2009-2010,DEMO_F,WTINT2YR,Full Sample 2 Year Interview Weight,10537,10537,https://wwwn.cdc.gov/Nchs/Data/Nhanes/Public/2009/DataFiles/DEMO_F.htm#WTINT2YR
2009-2010,DEMO_F,WTMEC2YR,Full Sample 2 Year MEC Exam Weight,10537,10537,https://wwwn.cdc.gov/Nchs/Data/Nhanes/Public/2009/DataFiles/DEMO_F.htm#WTMEC2YR
2009-2010,DEMO_F,SDMVPSU,Masked Variance Pseudo-PSU,10537,10537,https://wwwn.cdc.gov/Nchs/Data/Nhanes/Public/2009/DataFiles/DEMO_F.htm#SDMVPSU
2009-2010,DEMO_F,SDMVSTRA,Masked Variance Pseudo-Stratum,10537,10537,https://wwwn.cdc.gov/Nchs/Data/Nhanes/Public/2009/DataFiles/DEMO_F.htm#SDMVSTRA
2009-2010,DIQ_F,SEQN,Respondent sequence number,10109,10109,https://wwwn.cdc.gov/Nchs/Data/Nhanes/Public/2009/DataFiles/DIQ_F.htm#SEQN
2009-2010,DIQ_F,DIQ010,Doctor told you have diabetes,10109,10109,https://wwwn.cdc.gov/Nchs/Data/Nhanes/Public/2009/DataFiles/DIQ_F.htm#DIQ010
2009-2010,DIQ_F,DIQ160,Ever told you have prediabetes,10109,6692,https://wwwn.cdc.gov/Nchs/Data/Nhanes/Public/2009/DataFiles/DIQ_F.htm#DIQ160
2009-2010,DIQ_F,DIQ170,Ever told have health risk for diabetes,10109,6822,https://wwwn.cdc.gov/Nchs/Data/Nhanes/Public/2009/DataFiles/DIQ_F.htm#DIQ170
2009-2010,DIQ_F,DIQ180,Had blood tested past three years,10109,6822,https://wwwn.cdc.gov/Nchs/Data/Nhanes/Public/2009/DataFiles/DIQ_F.htm#DIQ180
2009-2010,DIQ_F,DIQ050,Taking insulin now,10109,10109,https://wwwn.cdc.gov/Nchs/Data/Nhanes/Public/2009/DataFiles/DIQ_F.htm#DIQ050
2009-2010,DIQ_F,DIQ060U,Unit of measure (month/year),10109,213,https://wwwn.cdc.gov/Nchs/Data/Nhanes/Public/2009/DataFiles/DIQ_F.htm#DIQ060U
2009-2010,DIQ_F,DIQ070,Take diabetic pills to lower blood sugar,10109,1135,https://wwwn.cdc.gov/Nchs/Data/Nhanes/Public/2009/DataFiles/DIQ_F.htm#DIQ070
2009-2010,DIQ_F,DIQ230,How long ago saw a diabetes specialist,10109,739,https://wwwn.cdc.gov/Nchs/Data/Nhanes/Public/2009/DataFiles/DIQ_F.htm#DIQ230
2009-2010,DIQ_F,DIQ240,Is there one Dr you see for diabetes,10109,739,https://wwwn.cdc.gov/Nchs/Data/Nhanes/Public/2009/DataFiles/DIQ_F.htm#DIQ240
2009-2010,DIQ_F,DIQ260U,Unit of measure (day/week/month/year),10109,601,https://wwwn.cdc.gov/Nchs/Data/Nhanes/Public/2009/DataFiles/DIQ_F.htm#DIQ260U
2009-2010,DIQ_F,DIQ350U,Unit of measure (day/week/month/year),10109,578,https://wwwn.cdc.gov/Nchs/Data/Nhanes/Public/2009/DataFiles/DIQ_F.htm#DIQ350U
2009-2010,DIQ_F,DIQ360,Last time had pupils dilated for exam,10109,734,https://wwwn.cdc.gov/Nchs/Data/Nhanes/Public/2009/DataFiles/DIQ_F.htm#DIQ360
2009-2010,DIQ_F,DIQ080,Diabetes affected eyes/had retinopathy,10109,734,https://wwwn.cdc.gov/Nchs/Data/Nhanes/Public/2009/DataFiles/DIQ_F.htm#DIQ080
2009-2010,DR1TOT_F,SEQN,Respondent sequence number,10253,10253,https://wwwn.cdc.gov/Nchs/Data/Nhanes/Public/2009/DataFiles/DR1TOT_F.htm#SEQN
2009-2010,DR1TOT_F,DR1DRSTZ,Dietary recall status,10253,10253,https://wwwn.cdc.gov/Nchs/Data/Nhanes/Public/2009/DataFiles/DR1TOT_F.htm#DR1DRSTZ
2009-2010,DR1TOT_F,DRDINT,Number of days of intake,10253,9754,https://wwwn.cdc.gov/Nchs/Data/Nhanes/Public/2009/DataFiles/DR1TOT_F.htm#DRDINT
2009-2010,DR1TOT_F,DR1TKCAL,Energy (kcal),10253,9623,https://wwwn.cdc.gov/Nchs/Data/Nhanes/Public/2009/DataFiles/DR1TOT_F.htm#DR1TKCAL
2009-2010,DR2TOT_F,SEQN,Respondent sequence number,10253,10253,https://wwwn.cdc.gov/Nchs/Data/Nhanes/Public/2009/DataFiles/DR2TOT_F.htm#SEQN
2009-2010,DR2TOT_F,DR2DRSTZ,Dietary recall status,10253,10253,https://wwwn.cdc.gov/Nchs/Data/Nhanes/Public/2009/DataFiles/DR2TOT_F.htm#DR2DRSTZ
2009-2010,DR2TOT_F,DRDINT,Number of days of intake,10253,9754,https://wwwn.cdc.gov/Nchs/Data/Nhanes/Public/2009/DataFiles/DR2TOT_F.htm#DRDINT
2009-2010,DR2TOT_F,DR2TKCAL,Energy (kcal),10253,8288,https://wwwn.cdc.gov/Nchs/Data/Nhanes/Public/2009/DataFiles/DR2TOT_F.htm#DR2TKCAL
2009-2010,HSQ_F,SEQN,Respondent sequence number,9835,9835,https://wwwn.cdc.gov/Nchs/Data/Nhanes/Public/2009/DataFiles/HSQ_F.htm#SEQN
2009-2010,HSQ_F,HSD010,General health condition,9835,6558,https://wwwn.cdc.gov/Nchs/Data/Nhanes/Public/2009/DataFiles/HSQ_F.htm#HSD010
2009-2010,HUQ_F,SEQN,Respondent sequence number,10537,10537,https://wwwn.cdc.gov/Nchs/Data/Nhanes/Public/2009/DataFiles/HUQ_F.htm#SEQN
2009-2010,HUQ_F,HUQ010,General health condition,10537,10537,https://wwwn.cdc.gov/Nchs/Data/Nhanes/Public/2009/DataFiles/HUQ_F.htm#HUQ010
2009-2010,HUQ_F,HUQ020,Health now compared with 1 year ago,10537,10109,https://wwwn.cdc.gov/Nchs/Data/Nhanes/Public/2009/DataFiles/HUQ_F.htm#HUQ020
2009-2010,HUQ_F,HUQ030,Routine place to go for healthcare,10537,10537,https://wwwn.cdc.gov/Nchs/Data/Nhanes/Public/2009/DataFiles/HUQ_F.htm#HUQ030
2009-2010,HUQ_F,HUQ040,Type place most often go for healthcare,10537,9296,https://wwwn.cdc.gov/Nchs/Data/Nhanes/Public/2009/DataFiles/HUQ_F.htm#HUQ040
2009-2010,HUQ_F,HUQ050,#times receive healthcare over past year,10537,10537,https://wwwn.cdc.gov/Nchs/Data/Nhanes/Public/2009/DataFiles/HUQ_F.htm#HUQ050
2009-2010,HUQ_F,HUQ060,How long since last healthcare visit,10537,1398,https://wwwn.cdc.gov/Nchs/Data/Nhanes/Public/2009/DataFiles/HUQ_F.htm#HUQ060
2009-2010,HUQ_F,HUQ071,Overnite hospital patient in last year,10537,10537,https://wwwn.cdc.gov/Nchs/Data/Nhanes/Public/2009/DataFiles/HUQ_F.htm#HUQ071
2009-2010,HUQ_F,HUD080,#times overnite hospital patient/last yr,10537,1088,https://wwwn.cdc.gov/Nchs/Data/Nhanes/Public/2009/DataFiles/HUQ_F.htm#HUD080
2009-2010,HUQ_F,HUQ090,Seen mental health professional/past yr,10537,9258,https://wwwn.cdc.gov/Nchs/Data/Nhanes/Public/2009/DataFiles/HUQ_F.htm#HUQ090
2009-2010,KIQ_U_F,SEQN,Respondent sequence number,6218,6218,https://wwwn.cdc.gov/Nchs/Data/Nhanes/Public/2009/DataFiles/KIQ_U_F.htm#SEQN
2009-2010,KIQ_U_F,KIQ022,Ever told you had weak/failing kidneys,6218,6218,https://wwwn.cdc.gov/Nchs/Data/Nhanes/Public/2009/DataFiles/KIQ_U_F.htm#KIQ022
2009-2010,KIQ_U_F,KIQ025,Received dialysis in past 12 months,6218,158,https://wwwn.cdc.gov/Nchs/Data/Nhanes/Public/2009/DataFiles/KIQ_U_F.htm#KIQ025
2009-2010,KIQ_U_F,KIQ026,Ever had kidney stones?,6218,6218,https://wwwn.cdc.gov/Nchs/Data/Nhanes/Public/2009/DataFiles/KIQ_U_F.htm#KIQ026
2009-2010,KIQ_U_F,KIQ005,How often have urinary leakage,6218,5317,https://wwwn.cdc.gov/Nchs/Data/Nhanes/Public/2009/DataFiles/KIQ_U_F.htm#KIQ005
2009-2010,KIQ_U_F,KIQ010,How much urine lose each time?,6218,1495,https://wwwn.cdc.gov/Nchs/Data/Nhanes/Public/2009/DataFiles/KIQ_U_F.htm#KIQ010
2009-2010,KIQ_U_F,KIQ042,Leak urine during physical activities,6218,5317,https://wwwn.cdc.gov/Nchs/Data/Nhanes/Public/2009/DataFiles/KIQ_U_F.htm#KIQ042
2009-2010,KIQ_U_F,KIQ430,How frequently does this occur?,6218,1266,https://wwwn.cdc.gov/Nchs/Data/Nhanes/Public/2009/DataFiles/KIQ_U_F.htm#KIQ430
2009-2010,KIQ_U_F,KIQ044,Urinated before reaching the toilet,6218,5316,https://wwwn.cdc.gov/Nchs/Data/Nhanes/Public/2009/DataFiles/KIQ_U_F.htm#KIQ044
2009-2010,KIQ_U_F,KIQ450,How frequently does this occur?,6218,1225,https://wwwn.cdc.gov/Nchs/Data/Nhanes/Public/2009/DataFiles/KIQ_U_F.htm#KIQ450
2009-2010,KIQ_U_F,KIQ046,Leak urine during nonphysical activities,6218,5316,https://wwwn.cdc.gov/Nchs/Data/Nhanes/Public/2009/DataFiles/KIQ_U_F.htm#KIQ046
2009-2010,KIQ_U_F,KIQ470,How frequently does this occur?,6218,386,https://wwwn.cdc.gov/Nchs/Data/Nhanes/Public/2009/DataFiles/KIQ_U_F.htm#KIQ470
2009-2010,KIQ_U_F,KIQ050,How much did urine leakage bother you,6218,2024,https://wwwn.cdc.gov/Nchs/Data/Nhanes/Public/2009/DataFiles/KIQ_U_F.htm#KIQ050
2009-2010,KIQ_U_F,KIQ052,How much were daily activities affected,6218,2024,https://wwwn.cdc.gov/Nchs/Data/Nhanes/Public/2009/DataFiles/KIQ_U_F.htm#KIQ052
2009-2010,KIQ_U_F,KIQ480,How many times urinate in night?,6218,5315,https://wwwn.cdc.gov/Nchs/Data/Nhanes/Public/2009/DataFiles/KIQ_U_F.htm#KIQ480
2009-2010,MCQ_F,SEQN,Respondent sequence number,10109,10109,https://wwwn.cdc.gov/Nchs/Data/Nhanes/Public/2009/DataFiles/MCQ_F.htm#SEQN
2009-2010,MCQ_F,MCQ010,Ever been told you have asthma,10109,10109,https://wwwn.cdc.gov/Nchs/Data/Nhanes/Public/2009/DataFiles/MCQ_F.htm#MCQ010
2009-2010,MCQ_F,MCQ025,Age when first had asthma,10109,1451,https://wwwn.cdc.gov/Nchs/Data/Nhanes/Public/2009/DataFiles/MCQ_F.htm#MCQ025
2009-2010,MCQ_F,MCQ035,Still have asthma,10109,1451,https://wwwn.cdc.gov/Nchs/Data/Nhanes/Public/2009/DataFiles/MCQ_F.htm#MCQ035
2009-2010,MCQ_F,MCQ040,Had asthma attack in past year,10109,873,https://wwwn.cdc.gov/Nchs/Data/Nhanes/Public/2009/DataFiles/MCQ_F.htm#MCQ040
2009-2010,MCQ_F,MCQ050,Emergency care visit for asthma/past yr,10109,435,https://wwwn.cdc.gov/Nchs/Data/Nhanes/Public/2009/DataFiles/MCQ_F.htm#MCQ050
2009-2010,MCQ_F,MCQ051,Dr. prescribed medication for asthma?,10109,873,https://wwwn.cdc.gov/Nchs/Data/Nhanes/Public/2009/DataFiles/MCQ_F.htm#MCQ051
2009-2010,MCQ_F,MCQ053,Taking treatment for anemia/past 3 mos,10109,10109,https://wwwn.cdc.gov/Nchs/Data/Nhanes/Public/2009/DataFiles/MCQ_F.htm#MCQ053
2009-2010,MCQ_F,MCQ070,Ever been told you have psoriasis?,10109,6889,https://wwwn.cdc.gov/Nchs/Data/Nhanes/Public/2009/DataFiles/MCQ_F.htm#MCQ070
2009-2010,MCQ_F,MCQ080,Doctor ever said you were overweight,10109,6889,https://wwwn.cdc.gov/Nchs/Data/Nhanes/Public/2009/DataFiles/MCQ_F.htm#MCQ080
2009-2010,MCQ_F,MCQ082,Ever been told you have celiac disease?,10109,8813,https://wwwn.cdc.gov/Nchs/Data/Nhanes/Public/2009/DataFiles/MCQ_F.htm#MCQ082
2009-2010,MCQ_F,MCQ086,Are you on a gluten-free diet?,10109,8813,https://wwwn.cdc.gov/Nchs/Data/Nhanes/Public/2009/DataFiles/MCQ_F.htm#MCQ086
2009-2010,MCQ_F,MCQ092,Ever receive blood transfusion,10109,8813,https://wwwn.cdc.gov/Nchs/Data/Nhanes/Public/2009/DataFiles/MCQ_F.htm#MCQ092
2009-2010,MCQ_F,MCD093,Year receive blood transfusion,10109,814,https://wwwn.cdc.gov/Nchs/Data/Nhanes/Public/2009/DataFiles/MCQ_F.htm#MCD093
2009-2010,MCQ_F,MCQ140,Trouble seeing even with glass/contacts,10109,9786,https://wwwn.cdc.gov/Nchs/Data/Nhanes/Public/2009/DataFiles/MCQ_F.htm#MCQ140
2009-2010,MCQ_F,MCQ149,Menstrual periods started yet?,10109,410,https://wwwn.cdc.gov/Nchs/Data/Nhanes/Public/2009/DataFiles/MCQ_F.htm#MCQ149
2009-2010,MCQ_F,MCQ160A,Doctor ever said you had arthritis,10109,6218,https://wwwn.cdc.gov/Nchs/Data/Nhanes/Public/2009/DataFiles/MCQ_F.htm#MCQ160A
2009-2010,MCQ_F,MCQ180A,Age when told you had arthritis,10109,1674,https://wwwn.cdc.gov/Nchs/Data/Nhanes/Public/2009/DataFiles/MCQ_F.htm#MCQ180A
2009-2010,MCQ_F,MCQ191,Which type of arthritis was it?,10109,1674,https://wwwn.cdc.gov/Nchs/Data/Nhanes/Public/2009/DataFiles/MCQ_F.htm#MCQ191
2009-2010,MCQ_F,MCQ160N,Doctor ever told you that you had gout?,10109,6218,https://wwwn.cdc.gov/Nchs/Data/Nhanes/Public/2009/DataFiles/MCQ_F.htm#MCQ160N
2009-2010,MCQ_F,MCQ180N,Age when told you had gout,10109,277,https://wwwn.cdc.gov/Nchs/Data/Nhanes/Public/2009/DataFiles/MCQ_F.htm#MCQ180N
2009-2010,MCQ_F,MCQ160B,Ever told had congestive heart failure,10109,6218,https://wwwn.cdc.gov/Nchs/Data/Nhanes/Public/2009/DataFiles/MCQ_F.htm#MCQ160B
2009-2010,MCQ_F,MCQ180B,Age when told you had heart failure,10109,173,https://wwwn.cdc.gov/Nchs/Data/Nhanes/Public/2009/DataFiles/MCQ_F.htm#MCQ180B
2009-2010,MCQ_F,MCQ160C,Ever told you had coronary heart disease,10109,6218,https://wwwn.cdc.gov/Nchs/Data/Nhanes/Public/2009/DataFiles/MCQ_F.htm#MCQ160C
2009-2010,MCQ_F,MCQ180C,Age when told had coronary heart disease,10109,250,https://wwwn.cdc.gov/Nchs/Data/Nhanes/Public/2009/DataFiles/MCQ_F.htm#MCQ180C
2009-2010,MCQ_F,MCQ160D,Ever told you had angina/angina pectoris,10109,6218,https://wwwn.cdc.gov/Nchs/Data/Nhanes/Public/2009/DataFiles/MCQ_F.htm#MCQ160D
2009-2010,MCQ_F,MCQ180D,Age when told you had angina pectoris,10109,155,https://wwwn.cdc.gov/Nchs/Data/Nhanes/Public/2009/DataFiles/MCQ_F.htm#MCQ180D
2009-2010,MCQ_F,MCQ160E,Ever told you had heart attack,10109,6218,https://wwwn.cdc.gov/Nchs/Data/Nhanes/Public/2009/DataFiles/MCQ_F.htm#MCQ160E
2009-2010,MCQ_F,MCQ180E,Age when told you had heart attack,10109,261,https://wwwn.cdc.gov/Nchs/Data/Nhanes/Public/2009/DataFiles/MCQ_F.htm#MCQ180E
2009-2010,MCQ_F,MCQ160F,Ever told you had a stroke,10109,6218,https://wwwn.cdc.gov/Nchs/Data/Nhanes/Public/2009/DataFiles/MCQ_F.htm#MCQ160F
2009-2010,MCQ_F,MCQ180F,Age when told you had a stroke,10109,227,https://wwwn.cdc.gov/Nchs/Data/Nhanes/Public/2009/DataFiles/MCQ_F.htm#MCQ180F
2009-2010,MCQ_F,MCQ160G,Ever told you had emphysema,10109,6218,https://wwwn.cdc.gov/Nchs/Data/Nhanes/Public/2009/DataFiles/MCQ_F.htm#MCQ160G
2009-2010,MCQ_F,MCQ180G,Age when told you had emphysema,10109,137,https://wwwn.cdc.gov/Nchs/Data/Nhanes/Public/2009/DataFiles/MCQ_F.htm#MCQ180G
2009-2010,MCQ_F,MCQ160M,Ever told you had a thyroid problem,10109,6218,https://wwwn.cdc.gov/Nchs/Data/Nhanes/Public/2009/DataFiles/MCQ_F.htm#MCQ160M
2009-2010,MCQ_F,MCQ170M,Do you still have a thyroid problem,10109,608,https://wwwn.cdc.gov/Nchs/Data/Nhanes/Public/2009/DataFiles/MCQ_F.htm#MCQ170M
2009-2010,MCQ_F,MCQ180M,Age when told you had a thyroid problem,10109,608,https://wwwn.cdc.gov/Nchs/Data/Nhanes/Public/2009/DataFiles/MCQ_F.htm#MCQ180M
2009-2010,MCQ_F,MCQ160K,Ever told you had chronic bronchitis,10109,6218,https://wwwn.cdc.gov/Nchs/Data/Nhanes/Public/2009/DataFiles/MCQ_F.htm#MCQ160K
2009-2010,MCQ_F,MCQ170K,Do you still have chronic bronchitis,10109,311,https://wwwn.cdc.gov/Nchs/Data/Nhanes/Public/2009/DataFiles/MCQ_F.htm#MCQ170K
2009-2010,MCQ_F,MCQ180K,Age when told you had chronic bronchitis,10109,311,https://wwwn.cdc.gov/Nchs/Data/Nhanes/Public/2009/DataFiles/MCQ_F.htm#MCQ180K
2009-2010,MCQ_F,MCQ160L,Ever told you had any liver condition,10109,6218,https://wwwn.cdc.gov/Nchs/Data/Nhanes/Public/2009/DataFiles/MCQ_F.htm#MCQ160L
2009-2010,MCQ_F,MCQ170L,Do you still have a liver condition,10109,189,https://wwwn.cdc.gov/Nchs/Data/Nhanes/Public/2009/DataFiles/MCQ_F.htm#MCQ170L
2009-2010,MCQ_F,MCQ180L,Age when told you had a liver condition,10109,189,https://wwwn.cdc.gov/Nchs/Data/Nhanes/Public/2009/DataFiles/MCQ_F.htm#MCQ180L
2009-2010,MCQ_F,MCQ220,Ever told you had cancer or malignancy,10109,6218,https://wwwn.cdc.gov/Nchs/Data/Nhanes/Public/2009/DataFiles/MCQ_F.htm#MCQ220
2009-2010,MCQ_F,MCQ230A,What kind of cancer,10109,618,https://wwwn.cdc.gov/Nchs/Data/Nhanes/Public/2009/DataFiles/MCQ_F.htm#MCQ230A
2009-2010,MCQ_F,MCQ230B,What kind of cancer,10109,72,https://wwwn.cdc.gov/Nchs/Data/Nhanes/Public/2009/DataFiles/MCQ_F.htm#MCQ230B
2009-2010,MCQ_F,MCQ230C,What kind of cancer,10109,9,https://wwwn.cdc.gov/Nchs/Data/Nhanes/Public/2009/DataFiles/MCQ_F.htm#MCQ230C
2009-2010,MCQ_F,MCQ230D,What kind of cancer,10109,2,https://wwwn.cdc.gov/Nchs/Data/Nhanes/Public/2009/DataFiles/MCQ_F.htm#MCQ230D
2009-2010,MCQ_F,MCQ240A,Age when bladder cancer first diagnosed,10109,14,https://wwwn.cdc.gov/Nchs/Data/Nhanes/Public/2009/DataFiles/MCQ_F.htm#MCQ240A
2009-2010,MCQ_F,MCQ240AA,Age testicular cancer first diagnosed,10109,3,https://wwwn.cdc.gov/Nchs/Data/Nhanes/Public/2009/DataFiles/MCQ_F.htm#MCQ240AA
2009-2010,MCQ_F,MCQ240B,Age when blood cancer first diagnosed,10109,1,https://wwwn.cdc.gov/Nchs/Data/Nhanes/Public/2009/DataFiles/MCQ_F.htm#MCQ240B
2009-2010,MCQ_F,MCQ240BB,Age when thyroid cancer first diagnosed,10109,15,https://wwwn.cdc.gov/Nchs/Data/Nhanes/Public/2009/DataFiles/MCQ_F.htm#MCQ240BB
2009-2010,MCQ_F,MCQ240C,Age when bone cancer first diagnosed,10109,4,https://wwwn.cdc.gov/Nchs/Data/Nhanes/Public/2009/DataFiles/MCQ_F.htm#MCQ240C
2009-2010,MCQ_F,MCQ240CC,Age when uterine cancer first diagnosed,10109,32,https://wwwn.cdc.gov/Nchs/Data/Nhanes/Public/2009/DataFiles/MCQ_F.htm#MCQ240CC
2009-2010,MCQ_F,MCQ240D,Age when brain cancer first diagnosed,10109,4,https://wwwn.cdc.gov/Nchs/Data/Nhanes/Public/2009/DataFiles/MCQ_F.htm#MCQ240D
2009-2010,MCQ_F,MCQ240DD,Age other type of cancer first diagnosed,10109,33,https://wwwn.cdc.gov/Nchs/Data/Nhanes/Public/2009/DataFiles/MCQ_F.htm#MCQ240DD
2009-2010,MCQ_F,MCQ240DK,Age unknown cancer first diagnosed,10109,3,https://wwwn.cdc.gov/Nchs/Data/Nhanes/Public/2009/DataFiles/MCQ_F.htm#MCQ240DK
2009-2010,MCQ_F,MCQ240E,Age when breast cancer first diagnosed,10109,95,https://wwwn.cdc.gov/Nchs/Data/Nhanes/Public/2009/DataFiles/MCQ_F.htm#MCQ240E
2009-2010,MCQ_F,MCQ240F,Age when cervical cancer first diagnosed,10109,48,https://wwwn.cdc.gov/Nchs/Data/Nhanes/Public/2009/DataFiles/MCQ_F.htm#MCQ240F
2009-2010,MCQ_F,MCQ240G,Age when colon cancer first diagnosed,10109,53,https://wwwn.cdc.gov/Nchs/Data/Nhanes/Public/2009/DataFiles/MCQ_F.htm#MCQ240G
2009-2010,MCQ_F,MCQ240H,Age esophageal cancer first diagnosed,10109,2,https://wwwn.cdc.gov/Nchs/Data/Nhanes/Public/2009/DataFiles/MCQ_F.htm#MCQ240H
2009-2010,MCQ_F,MCQ240I,Age gallbladder cancer first diagnosed,10109,0,https://wwwn.cdc.gov/Nchs/Data/Nhanes/Public/2009/DataFiles/MCQ_F.htm#MCQ240I
2009-2010,MCQ_F,MCQ240J,Age when kidney cancer first diagnosed,10109,12,https://wwwn.cdc.gov/Nchs/Data/Nhanes/Public/2009/DataFiles/MCQ_F.htm#MCQ240J
2009-2010,MCQ_F,MCQ240K,Age larynx/windpipe cancer diagnosed,10109,4,https://wwwn.cdc.gov/Nchs/Data/Nhanes/Public/2009/DataFiles/MCQ_F.htm#MCQ240K
2009-2010,MCQ_F,MCQ240L,Age when leukemia first diagnosed,10109,8,https://wwwn.cdc.gov/Nchs/Data/Nhanes/Public/2009/DataFiles/MCQ_F.htm#MCQ240L
2009-2010,MCQ_F,MCQ240M,Age when liver cancer first diagnosed,10109,5,https://wwwn.cdc.gov/Nchs/Data/Nhanes/Public/2009/DataFiles/MCQ_F.htm#MCQ240M
2009-2010,MCQ_F,MCQ240N,Age when lung cancer first diagnosed,10109,6,https://wwwn.cdc.gov/Nchs/Data/Nhanes/Public/2009/DataFiles/MCQ_F.htm#MCQ240N
2009-2010,MCQ_F,MCQ240O,Age lymphoma/Hodgkin's diagnosed,10109,18,https://wwwn.cdc.gov/Nchs/Data/Nhanes/Public/2009/DataFiles/MCQ_F.htm#MCQ240O
2009-2010,MCQ_F,MCQ240P,Age when melanoma first diagnosed,10109,35,https://wwwn.cdc.gov/Nchs/Data/Nhanes/Public/2009/DataFiles/MCQ_F.htm#MCQ240P
2009-2010,MCQ_F,MCQ240Q,Age mouth\tongue\lip cancer diagnosed,10109,2,https://wwwn.cdc.gov/Nchs/Data/Nhanes/Public/2009/DataFiles/MCQ_F.htm#MCQ240Q
2009-2010,MCQ_F,MCQ240R,Age nervous system cancer diagnosed,10109,0,https://wwwn.cdc.gov/Nchs/Data/Nhanes/Public/2009/DataFiles/MCQ_F.htm#MCQ240R
2009-2010,MCQ_F,MCQ240S,Age when ovarian cancer first diagnosed,10109,15,https://wwwn.cdc.gov/Nchs/Data/Nhanes/Public/2009/DataFiles/MCQ_F.htm#MCQ240S
2009-2010,MCQ_F,MCQ240T,Age pancreatic cancer first diagnosed,10109,1,https://wwwn.cdc.gov/Nchs/Data/Nhanes/Public/2009/DataFiles/MCQ_F.htm#MCQ240T
2009-2010,MCQ_F,MCQ240U,Age prostate cancer first diagnosed,10109,100,https://wwwn.cdc.gov/Nchs/Data/Nhanes/Public/2009/DataFiles/MCQ_F.htm#MCQ240U
2009-2010,MCQ_F,MCQ240V,Age when rectal cancer first diagnosed,10109,4,https://wwwn.cdc.gov/Nchs/Data/Nhanes/Public/2009/DataFiles/MCQ_F.htm#MCQ240V
2009-2010,MCQ_F,MCQ240W,Age non-melanoma skin cancer diagnosed,10109,128,https://wwwn.cdc.gov/Nchs/Data/Nhanes/Public/2009/DataFiles/MCQ_F.htm#MCQ240W
2009-2010,MCQ_F,MCQ240X,Age unknown skin cancer first diagnosed,10109,52,https://wwwn.cdc.gov/Nchs/Data/Nhanes/Public/2009/DataFiles/MCQ_F.htm#MCQ240X
2009-2010,MCQ_F,MCQ240Y,Age soft tissue cancer first diagnosed,10109,0,https://wwwn.cdc.gov/Nchs/Data/Nhanes/Public/2009/DataFiles/MCQ_F.htm#MCQ240Y
2009-2010,MCQ_F,MCQ240Z,Age stomach cancer first diagnosed,10109,3,https://wwwn.cdc.gov/Nchs/Data/Nhanes/Public/2009/DataFiles/MCQ_F.htm#MCQ240Z
2009-2010,MCQ_F,MCQ300A,Close relative had heart attack?,10109,6218,https://wwwn.cdc.gov/Nchs/Data/Nhanes/Public/2009/DataFiles/MCQ_F.htm#MCQ300A
2009-2010,MCQ_F,MCQ300B,Close relative had asthma?,10109,8813,https://wwwn.cdc.gov/Nchs/Data/Nhanes/Public/2009/DataFiles/MCQ_F.htm#MCQ300B
2009-2010,MCQ_F,MCQ300C,Close relative had diabetes?,10109,6218,https://wwwn.cdc.gov/Nchs/Data/Nhanes/Public/2009/DataFiles/MCQ_F.htm#MCQ300C
2009-2010,PAQ_F,SEQN,Respondent sequence number,9771,9771,https://wwwn.cdc.gov/Nchs/Data/Nhanes/Public/2009/DataFiles/PAQ_F.htm#SEQN
2009-2010,PAQ_F,PAQ706,Days physically active at least 60 min,9771,2228,https://wwwn.cdc.gov/Nchs/Data/Nhanes/Public/2009/DataFiles/PAQ_F.htm#PAQ706
2009-2010,PAQ_F,PAD590,Hours watch TV or videos past 30 days,9771,2228,https://wwwn.cdc.gov/Nchs/Data/Nhanes/Public/2009/DataFiles/PAQ_F.htm#PAD590
2009-2010,PAQ_F,PAD600,Hours use computer past 30 days,9771,2228,https://wwwn.cdc.gov/Nchs/Data/Nhanes/Public/2009/DataFiles/PAQ_F.htm#PAD600
2009-2010,PAQ_F,PAQ605,Vigorous work activity,9771,7500,https://wwwn.cdc.gov/Nchs/Data/Nhanes/Public/2009/DataFiles/PAQ_F.htm#PAQ605
2009-2010,PAQ_F,PAQ610,Days vigorous work,9771,1236,https://wwwn.cdc.gov/Nchs/Data/Nhanes/Public/2009/DataFiles/PAQ_F.htm#PAQ610
2009-2010,PAQ_F,PAD615,Minutes vigorous-intensity work,9771,1232,https://wwwn.cdc.gov/Nchs/Data/Nhanes/Public/2009/DataFiles/PAQ_F.htm#PAD615
2009-2010,PAQ_F,PAQ620,Moderate work activity,9771,7500,https://wwwn.cdc.gov/Nchs/Data/Nhanes/Public/2009/DataFiles/PAQ_F.htm#PAQ620
2009-2010,PAQ_F,PAQ625,Number of days moderate work,9771,2537,https://wwwn.cdc.gov/Nchs/Data/Nhanes/Public/2009/DataFiles/PAQ_F.htm#PAQ625
2009-2010,PAQ_F,PAD630,Minutes moderate-intensity work,9771,2530,https://wwwn.cdc.gov/Nchs/Data/Nhanes/Public/2009/DataFiles/PAQ_F.htm#PAD630
2009-2010,PAQ_F,PAQ635,Walk or bicycle,9771,7500,https://wwwn.cdc.gov/Nchs/Data/Nhanes/Public/2009/DataFiles/PAQ_F.htm#PAQ635
2009-2010,PAQ_F,PAQ640,Number of days walk or bicycle,9771,2247,https://wwwn.cdc.gov/Nchs/Data/Nhanes/Public/2009/DataFiles/PAQ_F.htm#PAQ640
2009-2010,PAQ_F,PAD645,Minutes walk/bicycle for transportation,9771,2244,https://wwwn.cdc.gov/Nchs/Data/Nhanes/Public/2009/DataFiles/PAQ_F.htm#PAD645
2009-2010,PAQ_F,PAQ650,Vigorous recreational activities,9771,7500,https://wwwn.cdc.gov/Nchs/Data/Nhanes/Public/2009/DataFiles/PAQ_F.htm#PAQ650
2009-2010,PAQ_F,PAQ655,Days vigorous recreational activities,9771,1892,https://wwwn.cdc.gov/Nchs/Data/Nhanes/Public/2009/DataFiles/PAQ_F.htm#PAQ655
2009-2010,PAQ_F,PAD660,Minutes vigorous recreational activities,9771,1890,https://wwwn.cdc.gov/Nchs/Data/Nhanes/Public/2009/DataFiles/PAQ_F.htm#PAD660
2009-2010,PAQ_F,PAQ665,Moderate recreational activities,9771,7500,https://wwwn.cdc.gov/Nchs/Data/Nhanes/Public/2009/DataFiles/PAQ_F.htm#PAQ665
2009-2010,PAQ_F,PAQ670,Days moderate recreational activities,9771,2977,https://wwwn.cdc.gov/Nchs/Data/Nhanes/Public/2009/DataFiles/PAQ_F.htm#PAQ670
2009-2010,PAQ_F,PAD675,Minutes moderate recreational activities,9771,2971,https://wwwn.cdc.gov/Nchs/Data/Nhanes/Public/2009/DataFiles/PAQ_F.htm#PAD675
2009-2010,PAQ_F,PAD680,Minutes sedentary activity,9771,7494,https://wwwn.cdc.gov/Nchs/Data/Nhanes/Public/2009/DataFiles/PAQ_F.htm#PAD680
2009-2010,PFQ_F,SEQN,Respondent sequence number,9016,9016,https://wwwn.cdc.gov/Nchs/Data/Nhanes/Public/2009/DataFiles/PFQ_F.htm#SEQN
2009-2010,PFQ_F,PFQ020,"Crawl, walk, run, play limitations",9016,2797,https://wwwn.cdc.gov/Nchs/Data/Nhanes/Public/2009/DataFiles/PFQ_F.htm#PFQ020
2009-2010,PFQ_F,PFQ030,Long term impairment/health problem,9016,133,https://wwwn.cdc.gov/Nchs/Data/Nhanes/Public/2009/DataFiles/PFQ_F.htm#PFQ030
2009-2010,PFQ_F,PFQ041,Receive Special Ed or Early Intervention,9016,2489,https://wwwn.cdc.gov/Nchs/Data/Nhanes/Public/2009/DataFiles/PFQ_F.htm#PFQ041
2009-2010,PFQ_F,PFQ049,Limitations keeping you from working,9016,6218,https://wwwn.cdc.gov/Nchs/Data/Nhanes/Public/2009/DataFiles/PFQ_F.htm#PFQ049
2009-2010,PFQ_F,PFQ051,Limited in amount of work you can do,9016,6218,https://wwwn.cdc.gov/Nchs/Data/Nhanes/Public/2009/DataFiles/PFQ_F.htm#PFQ051
2009-2010,PFQ_F,PFQ054,Need special equipment to walk,9016,6218,https://wwwn.cdc.gov/Nchs/Data/Nhanes/Public/2009/DataFiles/PFQ_F.htm#PFQ054
2009-2010,PFQ_F,PFQ057,Experience confusion/memory problems,9016,6218,https://wwwn.cdc.gov/Nchs/Data/Nhanes/Public/2009/DataFiles/PFQ_F.htm#PFQ057
2009-2010,PFQ_F,PFQ059,"Physical, mental, emotional limitations",9016,4613,https://wwwn.cdc.gov/Nchs/Data/Nhanes/Public/2009/DataFiles/PFQ_F.htm#PFQ059
2009-2010,PFQ_F,PFQ061A,Managing money difficulty,9016,2872,https://wwwn.cdc.gov/Nchs/Data/Nhanes/Public/2009/DataFiles/PFQ_F.htm#PFQ061A
2009-2010,PFQ_F,PFQ061B,Walking for a quarter mile difficulty,9016,2276,https://wwwn.cdc.gov/Nchs/Data/Nhanes/Public/2009/DataFiles/PFQ_F.htm#PFQ061B
2009-2010,PFQ_F,PFQ061C,Walking up ten steps difficulty,9016,2276,https://wwwn.cdc.gov/Nchs/Data/Nhanes/Public/2009/DataFiles/PFQ_F.htm#PFQ061C
2009-2010,PFQ_F,PFQ061D,"Stooping, crouching, kneeling difficulty",9016,2872,https://wwwn.cdc.gov/Nchs/Data/Nhanes/Public/2009/DataFiles/PFQ_F.htm#PFQ061D
2009-2010,PFQ_F,PFQ061E,Lifting or carrying difficulty,9016,2872,https://wwwn.cdc.gov/Nchs/Data/Nhanes/Public/2009/DataFiles/PFQ_F.htm#PFQ061E
2009-2010,PFQ_F,PFQ061F,House chore difficulty,9016,2872,https://wwwn.cdc.gov/Nchs/Data/Nhanes/Public/2009/DataFiles/PFQ_F.htm#PFQ061F
2009-2010,PFQ_F,PFQ061G,Preparing meals difficulty,9016,2872,https://wwwn.cdc.gov/Nchs/Data/Nhanes/Public/2009/DataFiles/PFQ_F.htm#PFQ061G
2009-2010,PFQ_F,PFQ061H,Walking between rooms on same floor,9016,2872,https://wwwn.cdc.gov/Nchs/Data/Nhanes/Public/2009/DataFiles/PFQ_F.htm#PFQ061H
2009-2010,PFQ_F,PFQ061I,Standingup from armless chair difficulty,9016,2872,https://wwwn.cdc.gov/Nchs/Data/Nhanes/Public/2009/DataFiles/PFQ_F.htm#PFQ061I
2009-2010,PFQ_F,PFQ061J,Getting in and out of bed difficulty,9016,2872,https://wwwn.cdc.gov/Nchs/Data/Nhanes/Public/2009/DataFiles/PFQ_F.htm#PFQ061J
2009-2010,PFQ_F,PFQ061K,"Using fork, knife, drinking from cup",9016,2872,https://wwwn.cdc.gov/Nchs/Data/Nhanes/Public/2009/DataFiles/PFQ_F.htm#PFQ061K
2009-2010,PFQ_F,PFQ061L,Dressing yourself difficulty,9016,2872,https://wwwn.cdc.gov/Nchs/Data/Nhanes/Public/2009/DataFiles/PFQ_F.htm#PFQ061L
2009-2010,PFQ_F,PFQ061M,Standing for long periods difficulty,9016,2872,https://wwwn.cdc.gov/Nchs/Data/Nhanes/Public/2009/DataFiles/PFQ_F.htm#PFQ061M
2009-2010,PFQ_F,PFQ061N,Sitting for long periods difficulty,9016,2872,https://wwwn.cdc.gov/Nchs/Data/Nhanes/Public/2009/DataFiles/PFQ_F.htm#PFQ061N
2009-2010,PFQ_F,PFQ061O,Reaching up over head difficulty,9016,2872,https://wwwn.cdc.gov/Nchs/Data/Nhanes/Public/2009/DataFiles/PFQ_F.htm#PFQ061O
2009-2010,PFQ_F,PFQ061P,Grasp/holding small objects difficulty,9016,2872,https://wwwn.cdc.gov/Nchs/Data/Nhanes/Public/2009/DataFiles/PFQ_F.htm#PFQ061P
2009-2010,PFQ_F,PFQ061Q,"Going out to movies, events difficulty",9016,2872,https://wwwn.cdc.gov/Nchs/Data/Nhanes/Public/2009/DataFiles/PFQ_F.htm#PFQ061Q
2009-2010,PFQ_F,PFQ061R,Attending social event difficulty,9016,2872,https://wwwn.cdc.gov/Nchs/Data/Nhanes/Public/2009/DataFiles/PFQ_F.htm#PFQ061R
2009-2010,PFQ_F,PFQ061S,Leisure activity at home difficulty,9016,2872,https://wwwn.cdc.gov/Nchs/Data/Nhanes/Public/2009/DataFiles/PFQ_F.htm#PFQ061S
2009-2010,PFQ_F,PFQ061T,Push or pull large objects difficulty,9016,2872,https://wwwn.cdc.gov/Nchs/Data/Nhanes/Public/2009/DataFiles/PFQ_F.htm#PFQ061T
2009-2010,PFQ_F,PFQ063A,Health problems causing difficulty,9016,2055,https://wwwn.cdc.gov/Nchs/Data/Nhanes/Public/2009/DataFiles/PFQ_F.htm#PFQ063A
2009-2010,PFQ_F,PFQ063B,Health problems causing difficulty,9016,1191,https://wwwn.cdc.gov/Nchs/Data/Nhanes/Public/2009/DataFiles/PFQ_F.htm#PFQ063B
2009-2010,PFQ_F,PFQ063C,Health problems causing difficulty,9016,740,https://wwwn.cdc.gov/Nchs/Data/Nhanes/Public/2009/DataFiles/PFQ_F.htm#PFQ063C
2009-2010,PFQ_F,PFQ063D,Health problems causing difficulty,9016,432,https://wwwn.cdc.gov/Nchs/Data/Nhanes/Public/2009/DataFiles/PFQ_F.htm#PFQ063D
2009-2010,PFQ_F,PFQ063E,Health problems causing difficulty,9016,247,https://wwwn.cdc.gov/Nchs/Data/Nhanes/Public/2009/DataFiles/PFQ_F.htm#PFQ063E
2009-2010,PFQ_F,PFQ090,Require special healthcare equipment,9016,6218,https://wwwn.cdc.gov/Nchs/Data/Nhanes/Public/2009/DataFiles/PFQ_F.htm#PFQ090
2009-2010,RXQ_RX_F,SEQN,Respondent sequence number,20905,20905,https://wwwn.cdc.gov/Nchs/Data/Nhanes/Public/2009/DataFiles/RXQ_RX_F.htm#SEQN
2009-2010,RXQ_RX_F,RXDUSE,"Taken prescription medicine, past month",20905,20904,https://wwwn.cdc.gov/Nchs/Data/Nhanes/Public/2009/DataFiles/RXQ_RX_F.htm#RXDUSE
2009-2010,RXQ_RX_F,RXDCOUNT,Number of prescription medicines taken,20905,14889,https://wwwn.cdc.gov/Nchs/Data/Nhanes/Public/2009/DataFiles/RXQ_RX_F.htm#RXDCOUNT
2009-2010,SMQ_F,SEQN,Respondent sequence number,7528,7528,https://wwwn.cdc.gov/Nchs/Data/Nhanes/Public/2009/DataFiles/SMQ_F.htm#SEQN
2009-2010,SMQ_F,SMQ020,Smoked at least 100 cigarettes in life,7528,6218,https://wwwn.cdc.gov/Nchs/Data/Nhanes/Public/2009/DataFiles/SMQ_F.htm#SMQ020
2011-2012,ALQ_G,SEQN,Respondent sequence number,5615,5615,https://wwwn.cdc.gov/Nchs/Data/Nhanes/Public/2011/DataFiles/ALQ_G.htm#SEQN
2011-2012,ALQ_G,ALQ101,Had at least 12 alcohol drinks/1 yr?,5615,4977,https://wwwn.cdc.gov/Nchs/Data/Nhanes/Public/2011/DataFiles/ALQ_G.htm#ALQ101
2011-2012,ALQ_G,ALQ110,Had at least 12 alcohol drinks/lifetime?,5615,1400,https://wwwn.cdc.gov/Nchs/Data/Nhanes/Public/2011/DataFiles/ALQ_G.htm#ALQ110
2011-2012,ALQ_G,ALQ120Q,How often drink alcohol over past 12 mos,5615,4188,https://wwwn.cdc.gov/Nchs/Data/Nhanes/Public/2011/DataFiles/ALQ_G.htm#ALQ120Q
2011-2012,ALQ_G,ALQ120U,"# days drink alcohol per wk, mo, yr",5615,3327,https://wwwn.cdc.gov/Nchs/Data/Nhanes/Public/2011/DataFiles/ALQ_G.htm#ALQ120U
2011-2012,ALQ_G,ALQ130,Avg # alcoholic drinks/day - past 12 mos,5615,3334,https://wwwn.cdc.gov/Nchs/Data/Nhanes/Public/2011/DataFiles/ALQ_G.htm#ALQ130
2011-2012,BIOPRO_G,SEQN,Respondent sequence number,6549,6549,https://wwwn.cdc.gov/Nchs/Data/Nhanes/Public/2011/DataFiles/BIOPRO_G.htm#SEQN
2011-2012,BIOPRO_G,LBXSAPSI,Alkaline phosphotase (U/L),6549,5974,https://wwwn.cdc.gov/Nchs/Data/Nhanes/Public/2011/DataFiles/BIOPRO_G.htm#LBXSAPSI
2011-2012,BIOPRO_G,LBXSBU,Blood urea nitrogen (mg/dL),6549,5975,https://wwwn.cdc.gov/Nchs/Data/Nhanes/Public/2011/DataFiles/BIOPRO_G.htm#LBXSBU
2011-2012,BIOPRO_G,LBDSBUSI,Blood urea nitrogen (mmol/L),6549,5975,https://wwwn.cdc.gov/Nchs/Data/Nhanes/Public/2011/DataFiles/BIOPRO_G.htm#LBDSBUSI
2011-2012,BIOPRO_G,LBXSCA,Total calcium (mg/dL),6549,5974,https://wwwn.cdc.gov/Nchs/Data/Nhanes/Public/2011/DataFiles/BIOPRO_G.htm#LBXSCA
2011-2012,BIOPRO_G,LBDSCASI,Total calcium (mmol/L),6549,5974,https://wwwn.cdc.gov/Nchs/Data/Nhanes/Public/2011/DataFiles/BIOPRO_G.htm#LBDSCASI
2011-2012,BIOPRO_G,LBXSC3SI,Bicarbonate (mmol/L),6549,5974,https://wwwn.cdc.gov/Nchs/Data/Nhanes/Public/2011/DataFiles/BIOPRO_G.htm#LBXSC3SI
2011-2012,BIOPRO_G,LBXSLDSI,Lactate dehydrogenase (U/L),6549,5969,https://wwwn.cdc.gov/Nchs/Data/Nhanes/Public/2011/DataFiles/BIOPRO_G.htm#LBXSLDSI
2011-2012,BIOPRO_G,LBXSUA,Uric acid (mg/dL),6549,5974,https://wwwn.cdc.gov/Nchs/Data/Nhanes/Public/2011/DataFiles/BIOPRO_G.htm#LBXSUA
2011-2012,BIOPRO_G,LBDSUASI,Uric acid (umol/L),6549,5974,https://wwwn.cdc.gov/Nchs/Data/Nhanes/Public/2011/DataFiles/BIOPRO_G.htm#LBDSUASI
2011-2012,BMX_G,SEQN,Respondent sequence number,9338,9338,https://wwwn.cdc.gov/Nchs/Data/Nhanes/Public/2011/DataFiles/BMX_G.htm#SEQN
2011-2012,BMX_G,BMXBMI,Body Mass Index (kg/m**2),9338,8602,https://wwwn.cdc.gov/Nchs/Data/Nhanes/Public/2011/DataFiles/BMX_G.htm#BMXBMI
2011-2012,BPQ_G,SEQN,Respondent sequence number,6175,6175,https://wwwn.cdc.gov/Nchs/Data/Nhanes/Public/2011/DataFiles/BPQ_G.htm#SEQN
2011-2012,BPQ_G,BPQ020,Ever told you had high blood pressure,6175,6174,https://wwwn.cdc.gov/Nchs/Data/Nhanes/Public/2011/DataFiles/BPQ_G.htm#BPQ020
2011-2012,BPQ_G,BPQ030,Told had high blood pressure - 2+ times,6175,2031,https://wwwn.cdc.gov/Nchs/Data/Nhanes/Public/2011/DataFiles/BPQ_G.htm#BPQ030
2011-2012,BPQ_G,BPQ040A,Taking prescription for hypertension,6175,2031,https://wwwn.cdc.gov/Nchs/Data/Nhanes/Public/2011/DataFiles/BPQ_G.htm#BPQ040A
2011-2012,BPQ_G,BPQ050A,Now taking prescribed medicine for HBP,6175,1745,https://wwwn.cdc.gov/Nchs/Data/Nhanes/Public/2011/DataFiles/BPQ_G.htm#BPQ050A
2011-2012,BPQ_G,BPQ057,Borderline Hypertension,6175,6174,https://wwwn.cdc.gov/Nchs/Data/Nhanes/Public/2011/DataFiles/BPQ_G.htm#BPQ057
2011-2012,BPQ_G,BPQ056,Take blood pressure at home last 12 mos?,6175,6174,https://wwwn.cdc.gov/Nchs/Data/Nhanes/Public/2011/DataFiles/BPQ_G.htm#BPQ056
2011-2012,BPQ_G,BPQ059,Doctor tell you to take BP at home?,6175,6174,https://wwwn.cdc.gov/Nchs/Data/Nhanes/Public/2011/DataFiles/BPQ_G.htm#BPQ059
2011-2012,BPQ_G,BPQ080,Doctor told you - high cholesterol level,6175,5559,https://wwwn.cdc.gov/Nchs/Data/Nhanes/Public/2011/DataFiles/BPQ_G.htm#BPQ080
2011-2012,BPQ_G,BPQ060,Ever had blood cholesterol checked,6175,3733,https://wwwn.cdc.gov/Nchs/Data/Nhanes/Public/2011/DataFiles/BPQ_G.htm#BPQ060
2011-2012,BPQ_G,BPQ070,When blood cholesterol last checked,6175,4087,https://wwwn.cdc.gov/Nchs/Data/Nhanes/Public/2011/DataFiles/BPQ_G.htm#BPQ070
2011-2012,BPQ_G,BPQ090D,Told to take prescriptn for cholesterol,6175,4087,https://wwwn.cdc.gov/Nchs/Data/Nhanes/Public/2011/DataFiles/BPQ_G.htm#BPQ090D
2011-2012,BPQ_G,BPQ100D,Now taking prescribed medicine,6175,1351,https://wwwn.cdc.gov/Nchs/Data/Nhanes/Public/2011/DataFiles/BPQ_G.htm#BPQ100D
2011-2012,BPX_G,SEQN,Respondent sequence number,9338,9338,https://wwwn.cdc.gov/Nchs/Data/Nhanes/Public/2011/DataFiles/BPX_G.htm#SEQN
2011-2012,BPX_G,BPXCHR,60 sec HR (30 sec HR * 2),9338,1945,https://wwwn.cdc.gov/Nchs/Data/Nhanes/Public/2011/DataFiles/BPX_G.htm#BPXCHR
2011-2012,BPX_G,BPQ150A,Had food in the past 30 minutes?,9338,7060,https://wwwn.cdc.gov/Nchs/Data/Nhanes/Public/2011/DataFiles/BPX_G.htm#BPQ150A
2011-2012,BPX_G,BPQ150B,Had alcohol in the past 30 minutes?,9338,7060,https://wwwn.cdc.gov/Nchs/Data/Nhanes/Public/2011/DataFiles/BPX_G.htm#BPQ150B
2011-2012,BPX_G,BPQ150C,Had coffee in the past 30 minutes?,9338,7060,https://wwwn.cdc.gov/Nchs/Data/Nhanes/Public/2011/DataFiles/BPX_G.htm#BPQ150C
2011-2012,BPX_G,BPQ150D,Had cigarettes in the past 30 minutes?,9338,7060,https://wwwn.cdc.gov/Nchs/Data/Nhanes/Public/2011/DataFiles/BPX_G.htm#BPQ150D
2011-2012,BPX_G,BPXPLS,60 sec. pulse (30 sec. pulse * 2),9338,7060,https://wwwn.cdc.gov/Nchs/Data/Nhanes/Public/2011/DataFiles/BPX_G.htm#BPXPLS
2011-2012,BPX_G,BPXPULS,Pulse regular or irregular?,9338,9027,https://wwwn.cdc.gov/Nchs/Data/Nhanes/Public/2011/DataFiles/BPX_G.htm#BPXPULS
2011-2012,BPX_G,BPXPTY,Pulse type,9338,7079,https://wwwn.cdc.gov/Nchs/Data/Nhanes/Public/2011/DataFiles/BPX_G.htm#BPXPTY
2011-2012,BPX_G,BPXML1,MIL: maximum inflation levels (mm Hg),9338,7079,https://wwwn.cdc.gov/Nchs/Data/Nhanes/Public/2011/DataFiles/BPX_G.htm#BPXML1
2011-2012,BPX_G,BPXSY1,Systolic: Blood pres (1st rdg) mm Hg,9338,6756,https://wwwn.cdc.gov/Nchs/Data/Nhanes/Public/2011/DataFiles/BPX_G.htm#BPXSY1
2011-2012,BPX_G,BPXDI1,Diastolic: Blood pres (1st rdg) mm Hg,9338,6756,https://wwwn.cdc.gov/Nchs/Data/Nhanes/Public/2011/DataFiles/BPX_G.htm#BPXDI1
2011-2012,BPX_G,BPXSY2,Systolic: Blood pres (2nd rdg) mm Hg,9338,6908,https://wwwn.cdc.gov/Nchs/Data/Nhanes/Public/2011/DataFiles/BPX_G.htm#BPXSY2
2011-2012,BPX_G,BPXDI2,Diastolic: Blood pres (2nd rdg) mm Hg,9338,6908,https://wwwn.cdc.gov/Nchs/Data/Nhanes/Public/2011/DataFiles/BPX_G.htm#BPXDI2
2011-2012,BPX_G,BPXSY3,Systolic: Blood pres (3rd rdg) mm Hg,9338,6917,https://wwwn.cdc.gov/Nchs/Data/Nhanes/Public/2011/DataFiles/BPX_G.htm#BPXSY3
2011-2012,BPX_G,BPXDI3,Diastolic: Blood pres (3rd rdg) mm Hg,9338,6917,https://wwwn.cdc.gov/Nchs/Data/Nhanes/Public/2011/DataFiles/BPX_G.htm#BPXDI3
2011-2012,BPX_G,BPXSY4,Systolic: Blood pres (4th rdg) mm Hg,9338,447,https://wwwn.cdc.gov/Nchs/Data/Nhanes/Public/2011/DataFiles/BPX_G.htm#BPXSY4
2011-2012,BPX_G,BPXDI4,Diastolic: Blood pres (4th rdg) mm Hg,9338,447,https://wwwn.cdc.gov/Nchs/Data/Nhanes/Public/2011/DataFiles/BPX_G.htm#BPXDI4
2011-2012,CBC_G,SEQN,Respondent sequence number,8956,8956,https://wwwn.cdc.gov/Nchs/Data/Nhanes/Public/2011/DataFiles/CBC_G.htm#SEQN
2011-2012,CBC_G,LBXWBCSI,White blood cell count (1000 cells/uL),8956,7953,https://wwwn.cdc.gov/Nchs/Data/Nhanes/Public/2011/DataFiles/CBC_G.htm#LBXWBCSI
2011-2012,CBC_G,LBXLYPCT,Lymphocyte percent (%),8956,7944,https://wwwn.cdc.gov/Nchs/Data/Nhanes/Public/2011/DataFiles/CBC_G.htm#LBXLYPCT
2011-2012,CBC_G,LBXMOPCT,Monocyte percent (%),8956,7944,https://wwwn.cdc.gov/Nchs/Data/Nhanes/Public/2011/DataFiles/CBC_G.htm#LBXMOPCT
2011-2012,CBC_G,LBXNEPCT,Segmented neutrophils percent (%),8956,7944,https://wwwn.cdc.gov/Nchs/Data/Nhanes/Public/2011/DataFiles/CBC_G.htm#LBXNEPCT
2011-2012,CBC_G,LBDLYMNO,Lymphocyte number (1000 cells/uL),8956,7944,https://wwwn.cdc.gov/Nchs/Data/Nhanes/Public/2011/DataFiles/CBC_G.htm#LBDLYMNO
2011-2012,CBC_G,LBDMONO,Monocyte number (1000 cells/uL),8956,7944,https://wwwn.cdc.gov/Nchs/Data/Nhanes/Public/2011/DataFiles/CBC_G.htm#LBDMONO
2011-2012,CBC_G,LBDNENO,Segmented neutrophils num (1000 cell/uL),8956,7944,https://wwwn.cdc.gov/Nchs/Data/Nhanes/Public/2011/DataFiles/CBC_G.htm#LBDNENO
2011-2012,CBC_G,LBXRDW,Red cell distribution width (%),8956,7953,https://wwwn.cdc.gov/Nchs/Data/Nhanes/Public/2011/DataFiles/CBC_G.htm#LBXRDW
2011-2012,CBC_G,LBXPLTSI,Platelet count (1000 cells/uL),8956,7952,https://wwwn.cdc.gov/Nchs/Data/Nhanes/Public/2011/DataFiles/CBC_G.htm#LBXPLTSI
2011-2012,DEMO_G,SEQN,Respondent sequence number,9756,9756,https://wwwn.cdc.gov/Nchs/Data/Nhanes/Public/2011/DataFiles/DEMO_G.htm#SEQN
2011-2012,DEMO_G,SDDSRVYR,Data release cycle,9756,9756,https://wwwn.cdc.gov/Nchs/Data/Nhanes/Public/2011/DataFiles/DEMO_G.htm#SDDSRVYR
2011-2012,DEMO_G,RIAGENDR,Gender,9756,9756,https://wwwn.cdc.gov/Nchs/Data/Nhanes/Public/2011/DataFiles/DEMO_G.htm#RIAGENDR
2011-2012,DEMO_G,RIDAGEYR,Age in years at screening,9756,9756,https://wwwn.cdc.gov/Nchs/Data/Nhanes/Public/2011/DataFiles/DEMO_G.htm#RIDAGEYR
2011-2012,DEMO_G,RIDRETH1,Race/Hispanic origin,9756,9756,https://wwwn.cdc.gov/Nchs/Data/Nhanes/Public/2011/DataFiles/DEMO_G.htm#RIDRETH1
2011-2012,DEMO_G,RIDRETH3,Race/Hispanic origin w/ NH Asian,9756,9756,https://wwwn.cdc.gov/Nchs/Data/Nhanes/Public/2011/DataFiles/DEMO_G.htm#RIDRETH3
2011-2012,DEMO_G,DMDEDUC2,Education level - Adults 20+,9756,5560,https://wwwn.cdc.gov/Nchs/Data/Nhanes/Public/2011/DataFiles/DEMO_G.htm#DMDEDUC2
2011-2012,DEMO_G,WTINT2YR,Full sample 2 year interview weight,9756,9756,https://wwwn.cdc.gov/Nchs/Data/Nhanes/Public/2011/DataFiles/DEMO_G.htm#WTINT2YR
2011-2012,DEMO_G,WTMEC2YR,Full sample 2 year MEC exam weight,9756,9756,https://wwwn.cdc.gov/Nchs/Data/Nhanes/Public/2011/DataFiles/DEMO_G.htm#WTMEC2YR
2011-2012,DEMO_G,SDMVPSU,Masked variance pseudo-PSU,9756,9756,https://wwwn.cdc.gov/Nchs/Data/Nhanes/Public/2011/DataFiles/DEMO_G.htm#SDMVPSU
2011-2012,DEMO_G,SDMVSTRA,Masked variance pseudo-stratum,9756,9756,https://wwwn.cdc.gov/Nchs/Data/Nhanes/Public/2011/DataFiles/DEMO_G.htm#SDMVSTRA
2011-2012,DEMO_G,INDFMPIR,Ratio of family income to poverty,9756,8916,https://wwwn.cdc.gov/Nchs/Data/Nhanes/Public/2011/DataFiles/DEMO_G.htm#INDFMPIR
2011-2012,DIQ_G,SEQN,Respondent sequence number,9364,9364,https://wwwn.cdc.gov/Nchs/Data/Nhanes/Public/2011/DataFiles/DIQ_G.htm#SEQN
2011-2012,DIQ_G,DIQ010,Doctor told you have diabetes,9364,9363,https://wwwn.cdc.gov/Nchs/Data/Nhanes/Public/2011/DataFiles/DIQ_G.htm#DIQ010
2011-2012,DIQ_G,DIQ160,Ever told you have prediabetes,9364,6000,https://wwwn.cdc.gov/Nchs/Data/Nhanes/Public/2011/DataFiles/DIQ_G.htm#DIQ160
2011-2012,DIQ_G,DIQ170,Ever told have health risk for diabetes,9364,6124,https://wwwn.cdc.gov/Nchs/Data/Nhanes/Public/2011/DataFiles/DIQ_G.htm#DIQ170
2011-2012,DIQ_G,DIQ172,Feel could be at risk for diabetes,9364,6124,https://wwwn.cdc.gov/Nchs/Data/Nhanes/Public/2011/DataFiles/DIQ_G.htm#DIQ172
2011-2012,DIQ_G,DIQ175A,Family history,9364,1167,https://wwwn.cdc.gov/Nchs/Data/Nhanes/Public/2011/DataFiles/DIQ_G.htm#DIQ175A
2011-2012,DIQ_G,DIQ175B,Overweight,9364,458,https://wwwn.cdc.gov/Nchs/Data/Nhanes/Public/2011/DataFiles/DIQ_G.htm#DIQ175B
2011-2012,DIQ_G,DIQ175C,Age,9364,103,https://wwwn.cdc.gov/Nchs/Data/Nhanes/Public/2011/DataFiles/DIQ_G.htm#DIQ175C
2011-2012,DIQ_G,DIQ175D,Poor diet,9364,296,https://wwwn.cdc.gov/Nchs/Data/Nhanes/Public/2011/DataFiles/DIQ_G.htm#DIQ175D
2011-2012,DIQ_G,DIQ175E,Race,9364,114,https://wwwn.cdc.gov/Nchs/Data/Nhanes/Public/2011/DataFiles/DIQ_G.htm#DIQ175E
2011-2012,DIQ_G,DIQ175F,Had a baby weighed over 9 lbs. at birth,9364,23,https://wwwn.cdc.gov/Nchs/Data/Nhanes/Public/2011/DataFiles/DIQ_G.htm#DIQ175F
2011-2012,DIQ_G,DIQ175G,Lack of physical activity,9364,174,https://wwwn.cdc.gov/Nchs/Data/Nhanes/Public/2011/DataFiles/DIQ_G.htm#DIQ175G
2011-2012,DIQ_G,DIQ175H,High blood pressure,9364,156,https://wwwn.cdc.gov/Nchs/Data/Nhanes/Public/2011/DataFiles/DIQ_G.htm#DIQ175H
2011-2012,DIQ_G,DIQ175I,High blood sugar,9364,52,https://wwwn.cdc.gov/Nchs/Data/Nhanes/Public/2011/DataFiles/DIQ_G.htm#DIQ175I
2011-2012,DIQ_G,DIQ175J,High cholesterol,9364,95,https://wwwn.cdc.gov/Nchs/Data/Nhanes/Public/2011/DataFiles/DIQ_G.htm#DIQ175J
2011-2012,DIQ_G,DIQ175K,Hypoglycemic,9364,20,https://wwwn.cdc.gov/Nchs/Data/Nhanes/Public/2011/DataFiles/DIQ_G.htm#DIQ175K
2011-2012,DIQ_G,DIQ175L,Extreme hunger,9364,52,https://wwwn.cdc.gov/Nchs/Data/Nhanes/Public/2011/DataFiles/DIQ_G.htm#DIQ175L
2011-2012,DIQ_G,DIQ175M,Tingling/numbness in hands or feet,9364,88,https://wwwn.cdc.gov/Nchs/Data/Nhanes/Public/2011/DataFiles/DIQ_G.htm#DIQ175M
2011-2012,DIQ_G,DIQ175N,Blurred vision,9364,58,https://wwwn.cdc.gov/Nchs/Data/Nhanes/Public/2011/DataFiles/DIQ_G.htm#DIQ175N
2011-2012,DIQ_G,DIQ175O,Increased fatigue,9364,81,https://wwwn.cdc.gov/Nchs/Data/Nhanes/Public/2011/DataFiles/DIQ_G.htm#DIQ175O
2011-2012,DIQ_G,DIQ175P,Anyone could be at risk,9364,79,https://wwwn.cdc.gov/Nchs/Data/Nhanes/Public/2011/DataFiles/DIQ_G.htm#DIQ175P
2011-2012,DIQ_G,DIQ175Q,Doctor warning,9364,95,https://wwwn.cdc.gov/Nchs/Data/Nhanes/Public/2011/DataFiles/DIQ_G.htm#DIQ175Q
2011-2012,DIQ_G,DIQ175R,"Other, specify",9364,28,https://wwwn.cdc.gov/Nchs/Data/Nhanes/Public/2011/DataFiles/DIQ_G.htm#DIQ175R
2011-2012,DIQ_G,DIQ175S,Gestational diabetes,9364,21,https://wwwn.cdc.gov/Nchs/Data/Nhanes/Public/2011/DataFiles/DIQ_G.htm#DIQ175S
2011-2012,DIQ_G,DIQ175T,Frequent urination,9364,38,https://wwwn.cdc.gov/Nchs/Data/Nhanes/Public/2011/DataFiles/DIQ_G.htm#DIQ175T
2011-2012,DIQ_G,DIQ175U,Thirst,9364,35,https://wwwn.cdc.gov/Nchs/Data/Nhanes/Public/2011/DataFiles/DIQ_G.htm#DIQ175U
2011-2012,DIQ_G,DIQ175V,Craving for sweet/eating a lot of sugar,9364,15,https://wwwn.cdc.gov/Nchs/Data/Nhanes/Public/2011/DataFiles/DIQ_G.htm#DIQ175V
2011-2012,DIQ_G,DIQ175W,Medication,9364,7,https://wwwn.cdc.gov/Nchs/Data/Nhanes/Public/2011/DataFiles/DIQ_G.htm#DIQ175W
2011-2012,DIQ_G,DIQ180,Had blood tested past three years,9364,6124,https://wwwn.cdc.gov/Nchs/Data/Nhanes/Public/2011/DataFiles/DIQ_G.htm#DIQ180
2011-2012,DIQ_G,DIQ050,Taking insulin now,9364,9363,https://wwwn.cdc.gov/Nchs/Data/Nhanes/Public/2011/DataFiles/DIQ_G.htm#DIQ050
2011-2012,DIQ_G,DIQ060U,Unit of measure (month/year),9364,207,https://wwwn.cdc.gov/Nchs/Data/Nhanes/Public/2011/DataFiles/DIQ_G.htm#DIQ060U
2011-2012,DIQ_G,DIQ070,Take diabetic pills to lower blood sugar,9364,1078,https://wwwn.cdc.gov/Nchs/Data/Nhanes/Public/2011/DataFiles/DIQ_G.htm#DIQ070
2011-2012,DIQ_G,DIQ230,How long ago saw a diabetes specialist,9364,708,https://wwwn.cdc.gov/Nchs/Data/Nhanes/Public/2011/DataFiles/DIQ_G.htm#DIQ230
2011-2012,DIQ_G,DIQ240,Is there one Dr you see for diabetes,9364,708,https://wwwn.cdc.gov/Nchs/Data/Nhanes/Public/2011/DataFiles/DIQ_G.htm#DIQ240
2011-2012,DIQ_G,DIQ260U,Unit of measure (day/week/month/year),9364,571,https://wwwn.cdc.gov/Nchs/Data/Nhanes/Public/2011/DataFiles/DIQ_G.htm#DIQ260U
2011-2012,DIQ_G,DIQ275,Past year Dr checked for A1C,9364,708,https://wwwn.cdc.gov/Nchs/Data/Nhanes/Public/2011/DataFiles/DIQ_G.htm#DIQ275
2011-2012,DIQ_G,DIQ280,What was your last A1C level,9364,434,https://wwwn.cdc.gov/Nchs/Data/Nhanes/Public/2011/DataFiles/DIQ_G.htm#DIQ280
2011-2012,DIQ_G,DIQ291,What does Dr say A1C should be,9364,434,https://wwwn.cdc.gov/Nchs/Data/Nhanes/Public/2011/DataFiles/DIQ_G.htm#DIQ291
2011-2012,DIQ_G,DIQ300S,What was your recent SBP,9364,708,https://wwwn.cdc.gov/Nchs/Data/Nhanes/Public/2011/DataFiles/DIQ_G.htm#DIQ300S
2011-2012,DIQ_G,DIQ300D,What was your recent DBP,9364,708,https://wwwn.cdc.gov/Nchs/Data/Nhanes/Public/2011/DataFiles/DIQ_G.htm#DIQ300D
2011-2012,DIQ_G,DIQ350U,Unit of measure (day/week/month/year),9364,570,https://wwwn.cdc.gov/Nchs/Data/Nhanes/Public/2011/DataFiles/DIQ_G.htm#DIQ350U
2011-2012,DIQ_G,DIQ360,Last time had pupils dilated for exam,9364,708,https://wwwn.cdc.gov/Nchs/Data/Nhanes/Public/2011/DataFiles/DIQ_G.htm#DIQ360
2011-2012,DIQ_G,DIQ080,Diabetes affected eyes/had retinopathy,9364,708,https://wwwn.cdc.gov/Nchs/Data/Nhanes/Public/2011/DataFiles/DIQ_G.htm#DIQ080
2011-2012,DR1TOT_G,SEQN,Respondent sequence number,9338,9338,https://wwwn.cdc.gov/Nchs/Data/Nhanes/Public/2011/DataFiles/DR1TOT_G.htm#SEQN
2011-2012,DR1TOT_G,DR1DRSTZ,Dietary recall status,9338,9338,https://wwwn.cdc.gov/Nchs/Data/Nhanes/Public/2011/DataFiles/DR1TOT_G.htm#DR1DRSTZ
2011-2012,DR1TOT_G,DRDINT,Number of days of intake,9338,8519,https://wwwn.cdc.gov/Nchs/Data/Nhanes/Public/2011/DataFiles/DR1TOT_G.htm#DRDINT
2011-2012,DR1TOT_G,DR1TKCAL,Energy (kcal),9338,8389,https://wwwn.cdc.gov/Nchs/Data/Nhanes/Public/2011/DataFiles/DR1TOT_G.htm#DR1TKCAL
2011-2012,DR2TOT_G,SEQN,Respondent sequence number,9338,9338,https://wwwn.cdc.gov/Nchs/Data/Nhanes/Public/2011/DataFiles/DR2TOT_G.htm#SEQN
2011-2012,DR2TOT_G,DR2DRSTZ,Dietary recall status,9338,9338,https://wwwn.cdc.gov/Nchs/Data/Nhanes/Public/2011/DataFiles/DR2TOT_G.htm#DR2DRSTZ
2011-2012,DR2TOT_G,DRDINT,Number of days of intake,9338,8519,https://wwwn.cdc.gov/Nchs/Data/Nhanes/Public/2011/DataFiles/DR2TOT_G.htm#DRDINT
2011-2012,DR2TOT_G,DR2TKCAL,Energy (kcal),9338,7496,https://wwwn.cdc.gov/Nchs/Data/Nhanes/Public/2011/DataFiles/DR2TOT_G.htm#DR2TKCAL
2011-2012,HSQ_G,SEQN,Respondent sequence number,8956,8956,https://wwwn.cdc.gov/Nchs/Data/Nhanes/Public/2011/DataFiles/HSQ_G.htm#SEQN
2011-2012,HSQ_G,HSD010,General health condition,8956,5892,https://wwwn.cdc.gov/Nchs/Data/Nhanes/Public/2011/DataFiles/HSQ_G.htm#HSD010
2011-2012,HUQ_G,SEQN,Respondent sequence number,9756,9756,https://wwwn.cdc.gov/Nchs/Data/Nhanes/Public/2011/DataFiles/HUQ_G.htm#SEQN
2011-2012,HUQ_G,HUQ010,General health condition,9756,9756,https://wwwn.cdc.gov/Nchs/Data/Nhanes/Public/2011/DataFiles/HUQ_G.htm#HUQ010
2011-2012,HUQ_G,HUQ020,Health now compared with 1 year ago,9756,9363,https://wwwn.cdc.gov/Nchs/Data/Nhanes/Public/2011/DataFiles/HUQ_G.htm#HUQ020
2011-2012,HUQ_G,HUQ030,Routine place to go for healthcare,9756,9756,https://wwwn.cdc.gov/Nchs/Data/Nhanes/Public/2011/DataFiles/HUQ_G.htm#HUQ030
2011-2012,HUQ_G,HUQ040,Type place most often go for healthcare,9756,8682,https://wwwn.cdc.gov/Nchs/Data/Nhanes/Public/2011/DataFiles/HUQ_G.htm#HUQ040
2011-2012,HUQ_G,HUQ050,#times receive healthcare over past year,9756,9756,https://wwwn.cdc.gov/Nchs/Data/Nhanes/Public/2011/DataFiles/HUQ_G.htm#HUQ050
2011-2012,HUQ_G,HUQ060,How long since last healthcare visit,9756,1297,https://wwwn.cdc.gov/Nchs/Data/Nhanes/Public/2011/DataFiles/HUQ_G.htm#HUQ060
2011-2012,HUQ_G,HUQ071,Overnite hospital patient in last year,9756,9756,https://wwwn.cdc.gov/Nchs/Data/Nhanes/Public/2011/DataFiles/HUQ_G.htm#HUQ071
2011-2012,HUQ_G,HUD080,#times overnite hospital patient/last yr,9756,949,https://wwwn.cdc.gov/Nchs/Data/Nhanes/Public/2011/DataFiles/HUQ_G.htm#HUD080
2011-2012,HUQ_G,HUQ090,Seen mental health professional/past yr,9756,8587,https://wwwn.cdc.gov/Nchs/Data/Nhanes/Public/2011/DataFiles/HUQ_G.htm#HUQ090
2011-2012,KIQ_U_G,SEQN,Respondent sequence number,5560,5560,https://wwwn.cdc.gov/Nchs/Data/Nhanes/Public/2011/DataFiles/KIQ_U_G.htm#SEQN
2011-2012,KIQ_U_G,KIQ022,Ever told you had weak/failing kidneys,5560,5559,https://wwwn.cdc.gov/Nchs/Data/Nhanes/Public/2011/DataFiles/KIQ_U_G.htm#KIQ022
2011-2012,KIQ_U_G,KIQ025,Received dialysis in past 12 months,5560,200,https://wwwn.cdc.gov/Nchs/Data/Nhanes/Public/2011/DataFiles/KIQ_U_G.htm#KIQ025
2011-2012,KIQ_U_G,KIQ026,Ever had kidney stones?,5560,5559,https://wwwn.cdc.gov/Nchs/Data/Nhanes/Public/2011/DataFiles/KIQ_U_G.htm#KIQ026
2011-2012,KIQ_U_G,KIQ005,How often have urinary leakage,5560,4684,https://wwwn.cdc.gov/Nchs/Data/Nhanes/Public/2011/DataFiles/KIQ_U_G.htm#KIQ005
2011-2012,KIQ_U_G,KIQ010,How much urine lose each time?,5560,1243,https://wwwn.cdc.gov/Nchs/Data/Nhanes/Public/2011/DataFiles/KIQ_U_G.htm#KIQ010
2011-2012,KIQ_U_G,KIQ042,Leak urine during physical activities,5560,4682,https://wwwn.cdc.gov/Nchs/Data/Nhanes/Public/2011/DataFiles/KIQ_U_G.htm#KIQ042
2011-2012,KIQ_U_G,KIQ430,How frequently does this occur?,5560,969,https://wwwn.cdc.gov/Nchs/Data/Nhanes/Public/2011/DataFiles/KIQ_U_G.htm#KIQ430
2011-2012,KIQ_U_G,KIQ044,Urinated before reaching the toilet,5560,4682,https://wwwn.cdc.gov/Nchs/Data/Nhanes/Public/2011/DataFiles/KIQ_U_G.htm#KIQ044
2011-2012,KIQ_U_G,KIQ450,How frequently does this occur?,5560,1019,https://wwwn.cdc.gov/Nchs/Data/Nhanes/Public/2011/DataFiles/KIQ_U_G.htm#KIQ450
2011-2012,KIQ_U_G,KIQ046,Leak urine during nonphysical activities,5560,4681,https://wwwn.cdc.gov/Nchs/Data/Nhanes/Public/2011/DataFiles/KIQ_U_G.htm#KIQ046
2011-2012,KIQ_U_G,KIQ470,How frequently does this occur?,5560,350,https://wwwn.cdc.gov/Nchs/Data/Nhanes/Public/2011/DataFiles/KIQ_U_G.htm#KIQ470
2011-2012,KIQ_U_G,KIQ050,How much did urine leakage bother you,5560,1617,https://wwwn.cdc.gov/Nchs/Data/Nhanes/Public/2011/DataFiles/KIQ_U_G.htm#KIQ050
2011-2012,KIQ_U_G,KIQ052,How much were daily activities affected,5560,1617,https://wwwn.cdc.gov/Nchs/Data/Nhanes/Public/2011/DataFiles/KIQ_U_G.htm#KIQ052
2011-2012,KIQ_U_G,KIQ480,How many times urinate in night?,5560,4679,https://wwwn.cdc.gov/Nchs/Data/Nhanes/Public/2011/DataFiles/KIQ_U_G.htm#KIQ480
2011-2012,MCQ_G,SEQN,Respondent sequence number,9364,9364,https://wwwn.cdc.gov/Nchs/Data/Nhanes/Public/2011/DataFiles/MCQ_G.htm#SEQN
2011-2012,MCQ_G,MCQ010,Ever been told you have asthma,9364,9363,https://wwwn.cdc.gov/Nchs/Data/Nhanes/Public/2011/DataFiles/MCQ_G.htm#MCQ010
2011-2012,MCQ_G,MCQ025,Age when first had asthma,9364,1448,https://wwwn.cdc.gov/Nchs/Data/Nhanes/Public/2011/DataFiles/MCQ_G.htm#MCQ025
2011-2012,MCQ_G,MCQ035,Still have asthma,9364,1448,https://wwwn.cdc.gov/Nchs/Data/Nhanes/Public/2011/DataFiles/MCQ_G.htm#MCQ035
2011-2012,MCQ_G,MCQ040,Had asthma attack in past year,9364,882,https://wwwn.cdc.gov/Nchs/Data/Nhanes/Public/2011/DataFiles/MCQ_G.htm#MCQ040
2011-2012,MCQ_G,MCQ050,Emergency care visit for asthma/past yr,9364,882,https://wwwn.cdc.gov/Nchs/Data/Nhanes/Public/2011/DataFiles/MCQ_G.htm#MCQ050
2011-2012,MCQ_G,MCQ051,Dr. prescribed medication for asthma?,9364,882,https://wwwn.cdc.gov/Nchs/Data/Nhanes/Public/2011/DataFiles/MCQ_G.htm#MCQ051
2011-2012,MCQ_G,MCQ053,Taking treatment for anemia/past 3 mos,9364,9363,https://wwwn.cdc.gov/Nchs/Data/Nhanes/Public/2011/DataFiles/MCQ_G.htm#MCQ053
2011-2012,MCQ_G,MCQ070,Ever been told you have psoriasis?,9364,6174,https://wwwn.cdc.gov/Nchs/Data/Nhanes/Public/2011/DataFiles/MCQ_G.htm#MCQ070
2011-2012,MCQ_G,MCQ075,Degree of Psoriasis,9364,167,https://wwwn.cdc.gov/Nchs/Data/Nhanes/Public/2011/DataFiles/MCQ_G.htm#MCQ075
2011-2012,MCQ_G,MCQ080,Doctor ever said you were overweight,9364,6174,https://wwwn.cdc.gov/Nchs/Data/Nhanes/Public/2011/DataFiles/MCQ_G.htm#MCQ080
2011-2012,MCQ_G,MCQ082,Ever been told you have celiac disease?,9364,8161,https://wwwn.cdc.gov/Nchs/Data/Nhanes/Public/2011/DataFiles/MCQ_G.htm#MCQ082
2011-2012,MCQ_G,MCQ084,Difficulties in thinking or remembering,9364,1791,https://wwwn.cdc.gov/Nchs/Data/Nhanes/Public/2011/DataFiles/MCQ_G.htm#MCQ084
2011-2012,MCQ_G,MCQ086,Are you on a gluten-free diet?,9364,8161,https://wwwn.cdc.gov/Nchs/Data/Nhanes/Public/2011/DataFiles/MCQ_G.htm#MCQ086
2011-2012,MCQ_G,MCQ092,Ever receive blood transfusion,9364,8161,https://wwwn.cdc.gov/Nchs/Data/Nhanes/Public/2011/DataFiles/MCQ_G.htm#MCQ092
2011-2012,MCQ_G,MCD093,Year receive blood transfusion,9364,709,https://wwwn.cdc.gov/Nchs/Data/Nhanes/Public/2011/DataFiles/MCQ_G.htm#MCD093
2011-2012,MCQ_G,MCQ140,Trouble seeing even with glass/contacts,9364,9134,https://wwwn.cdc.gov/Nchs/Data/Nhanes/Public/2011/DataFiles/MCQ_G.htm#MCQ140
2011-2012,MCQ_G,MCQ149,Menstrual periods started yet?,9364,434,https://wwwn.cdc.gov/Nchs/Data/Nhanes/Public/2011/DataFiles/MCQ_G.htm#MCQ149
2011-2012,MCQ_G,MCQ160A,,9364,5558,https://wwwn.cdc.gov/Nchs/Data/Nhanes/Public/2011/DataFiles/MCQ_G.htm#MCQ160A
2011-2012,MCQ_G,MCQ180A,,9364,1365,https://wwwn.cdc.gov/Nchs/Data/Nhanes/Public/2011/DataFiles/MCQ_G.htm#MCQ180A
2011-2012,MCQ_G,MCQ195,Which type of arthritis was it?,9364,1365,https://wwwn.cdc.gov/Nchs/Data/Nhanes/Public/2011/DataFiles/MCQ_G.htm#MCQ195
2011-2012,MCQ_G,MCQ160N,,9364,5559,https://wwwn.cdc.gov/Nchs/Data/Nhanes/Public/2011/DataFiles/MCQ_G.htm#MCQ160N
2011-2012,MCQ_G,MCQ180N,,9364,237,https://wwwn.cdc.gov/Nchs/Data/Nhanes/Public/2011/DataFiles/MCQ_G.htm#MCQ180N
2011-2012,MCQ_G,MCQ160B,,9364,5559,https://wwwn.cdc.gov/Nchs/Data/Nhanes/Public/2011/DataFiles/MCQ_G.htm#MCQ160B
2011-2012,MCQ_G,MCQ180B,,9364,187,https://wwwn.cdc.gov/Nchs/Data/Nhanes/Public/2011/DataFiles/MCQ_G.htm#MCQ180B
2011-2012,MCQ_G,MCQ160C,,9364,5559,https://wwwn.cdc.gov/Nchs/Data/Nhanes/Public/2011/DataFiles/MCQ_G.htm#MCQ160C
2011-2012,MCQ_G,MCQ180C,,9364,196,https://wwwn.cdc.gov/Nchs/Data/Nhanes/Public/2011/DataFiles/MCQ_G.htm#MCQ180C
2011-2012,MCQ_G,MCQ160D,,9364,5559,https://wwwn.cdc.gov/Nchs/Data/Nhanes/Public/2011/DataFiles/MCQ_G.htm#MCQ160D
2011-2012,MCQ_G,MCQ180D,,9364,129,https://wwwn.cdc.gov/Nchs/Data/Nhanes/Public/2011/DataFiles/MCQ_G.htm#MCQ180D
2011-2012,MCQ_G,MCQ160E,,9364,5559,https://wwwn.cdc.gov/Nchs/Data/Nhanes/Public/2011/DataFiles/MCQ_G.htm#MCQ160E
2011-2012,MCQ_G,MCQ180E,,9364,203,https://wwwn.cdc.gov/Nchs/Data/Nhanes/Public/2011/DataFiles/MCQ_G.htm#MCQ180E
2011-2012,MCQ_G,MCQ160F,,9364,5559,https://wwwn.cdc.gov/Nchs/Data/Nhanes/Public/2011/DataFiles/MCQ_G.htm#MCQ160F
2011-2012,MCQ_G,MCQ180F,,9364,229,https://wwwn.cdc.gov/Nchs/Data/Nhanes/Public/2011/DataFiles/MCQ_G.htm#MCQ180F
2011-2012,MCQ_G,MCQ160G,,9364,5559,https://wwwn.cdc.gov/Nchs/Data/Nhanes/Public/2011/DataFiles/MCQ_G.htm#MCQ160G
2011-2012,MCQ_G,MCQ180G,,9364,100,https://wwwn.cdc.gov/Nchs/Data/Nhanes/Public/2011/DataFiles/MCQ_G.htm#MCQ180G
2011-2012,MCQ_G,MCQ160M,,9364,5559,https://wwwn.cdc.gov/Nchs/Data/Nhanes/Public/2011/DataFiles/MCQ_G.htm#MCQ160M
2011-2012,MCQ_G,MCQ170M,,9364,511,https://wwwn.cdc.gov/Nchs/Data/Nhanes/Public/2011/DataFiles/MCQ_G.htm#MCQ170M
2011-2012,MCQ_G,MCQ180M,,9364,511,https://wwwn.cdc.gov/Nchs/Data/Nhanes/Public/2011/DataFiles/MCQ_G.htm#MCQ180M
2011-2012,MCQ_G,MCQ160K,,9364,5559,https://wwwn.cdc.gov/Nchs/Data/Nhanes/Public/2011/DataFiles/MCQ_G.htm#MCQ160K
2011-2012,MCQ_G,MCQ170K,,9364,297,https://wwwn.cdc.gov/Nchs/Data/Nhanes/Public/2011/DataFiles/MCQ_G.htm#MCQ170K
2011-2012,MCQ_G,MCQ180K,,9364,297,https://wwwn.cdc.gov/Nchs/Data/Nhanes/Public/2011/DataFiles/MCQ_G.htm#MCQ180K
2011-2012,MCQ_G,MCQ160L,,9364,5559,https://wwwn.cdc.gov/Nchs/Data/Nhanes/Public/2011/DataFiles/MCQ_G.htm#MCQ160L
2011-2012,MCQ_G,MCQ170L,,9364,219,https://wwwn.cdc.gov/Nchs/Data/Nhanes/Public/2011/DataFiles/MCQ_G.htm#MCQ170L
2011-2012,MCQ_G,MCQ180L,,9364,219,https://wwwn.cdc.gov/Nchs/Data/Nhanes/Public/2011/DataFiles/MCQ_G.htm#MCQ180L
2011-2012,MCQ_G,MCQ220,Ever told you had cancer or malignancy,9364,5559,https://wwwn.cdc.gov/Nchs/Data/Nhanes/Public/2011/DataFiles/MCQ_G.htm#MCQ220
2011-2012,MCQ_G,MCQ230A,,9364,488,https://wwwn.cdc.gov/Nchs/Data/Nhanes/Public/2011/DataFiles/MCQ_G.htm#MCQ230A
2011-2012,MCQ_G,MCQ230B,,9364,50,https://wwwn.cdc.gov/Nchs/Data/Nhanes/Public/2011/DataFiles/MCQ_G.htm#MCQ230B
2011-2012,MCQ_G,MCQ230C,,9364,6,https://wwwn.cdc.gov/Nchs/Data/Nhanes/Public/2011/DataFiles/MCQ_G.htm#MCQ230C
2011-2012,MCQ_G,MCQ230D,,9364,0,https://wwwn.cdc.gov/Nchs/Data/Nhanes/Public/2011/DataFiles/MCQ_G.htm#MCQ230D
2011-2012,MCQ_G,MCQ240A,,9364,15,https://wwwn.cdc.gov/Nchs/Data/Nhanes/Public/2011/DataFiles/MCQ_G.htm#MCQ240A
2011-2012,MCQ_G,MCQ240AA,,9364,5,https://wwwn.cdc.gov/Nchs/Data/Nhanes/Public/2011/DataFiles/MCQ_G.htm#MCQ240AA
2011-2012,MCQ_G,MCQ240B,,9364,1,https://wwwn.cdc.gov/Nchs/Data/Nhanes/Public/2011/DataFiles/MCQ_G.htm#MCQ240B
2011-2012,MCQ_G,MCQ240BB,,9364,14,https://wwwn.cdc.gov/Nchs/Data/Nhanes/Public/2011/DataFiles/MCQ_G.htm#MCQ240BB
2011-2012,MCQ_G,MCQ240C,,9364,6,https://wwwn.cdc.gov/Nchs/Data/Nhanes/Public/2011/DataFiles/MCQ_G.htm#MCQ240C
2011-2012,MCQ_G,MCQ240CC,,9364,22,https://wwwn.cdc.gov/Nchs/Data/Nhanes/Public/2011/DataFiles/MCQ_G.htm#MCQ240CC
2011-2012,MCQ_G,MCQ240D,,9364,3,https://wwwn.cdc.gov/Nchs/Data/Nhanes/Public/2011/DataFiles/MCQ_G.htm#MCQ240D
2011-2012,MCQ_G,MCQ240DD,,9364,29,https://wwwn.cdc.gov/Nchs/Data/Nhanes/Public/2011/DataFiles/MCQ_G.htm#MCQ240DD
2011-2012,MCQ_G,MCQ240DK,,9364,2,https://wwwn.cdc.gov/Nchs/Data/Nhanes/Public/2011/DataFiles/MCQ_G.htm#MCQ240DK
2011-2012,MCQ_G,MCQ240E,,9364,67,https://wwwn.cdc.gov/Nchs/Data/Nhanes/Public/2011/DataFiles/MCQ_G.htm#MCQ240E
2011-2012,MCQ_G,MCQ240F,,9364,33,https://wwwn.cdc.gov/Nchs/Data/Nhanes/Public/2011/DataFiles/MCQ_G.htm#MCQ240F
2011-2012,MCQ_G,MCQ240G,,9364,40,https://wwwn.cdc.gov/Nchs/Data/Nhanes/Public/2011/DataFiles/MCQ_G.htm#MCQ240G
2011-2012,MCQ_G,MCQ240H,,9364,6,https://wwwn.cdc.gov/Nchs/Data/Nhanes/Public/2011/DataFiles/MCQ_G.htm#MCQ240H
2011-2012,MCQ_G,MCQ240I,,9364,0,https://wwwn.cdc.gov/Nchs/Data/Nhanes/Public/2011/DataFiles/MCQ_G.htm#MCQ240I
2011-2012,MCQ_G,MCQ240J,,9364,10,https://wwwn.cdc.gov/Nchs/Data/Nhanes/Public/2011/DataFiles/MCQ_G.htm#MCQ240J
2011-2012,MCQ_G,MCQ240K,,9364,6,https://wwwn.cdc.gov/Nchs/Data/Nhanes/Public/2011/DataFiles/MCQ_G.htm#MCQ240K
2011-2012,MCQ_G,MCQ240L,,9364,2,https://wwwn.cdc.gov/Nchs/Data/Nhanes/Public/2011/DataFiles/MCQ_G.htm#MCQ240L
2011-2012,MCQ_G,MCQ240M,,9364,1,https://wwwn.cdc.gov/Nchs/Data/Nhanes/Public/2011/DataFiles/MCQ_G.htm#MCQ240M
2011-2012,MCQ_G,MCQ240N,,9364,14,https://wwwn.cdc.gov/Nchs/Data/Nhanes/Public/2011/DataFiles/MCQ_G.htm#MCQ240N
2011-2012,MCQ_G,MCQ240O,,9364,15,https://wwwn.cdc.gov/Nchs/Data/Nhanes/Public/2011/DataFiles/MCQ_G.htm#MCQ240O
2011-2012,MCQ_G,MCQ240P,,9364,33,https://wwwn.cdc.gov/Nchs/Data/Nhanes/Public/2011/DataFiles/MCQ_G.htm#MCQ240P
2011-2012,MCQ_G,MCQ240Q,,9364,1,https://wwwn.cdc.gov/Nchs/Data/Nhanes/Public/2011/DataFiles/MCQ_G.htm#MCQ240Q
2011-2012,MCQ_G,MCQ240R,,9364,0,https://wwwn.cdc.gov/Nchs/Data/Nhanes/Public/2011/DataFiles/MCQ_G.htm#MCQ240R
2011-2012,MCQ_G,MCQ240S,,9364,12,https://wwwn.cdc.gov/Nchs/Data/Nhanes/Public/2011/DataFiles/MCQ_G.htm#MCQ240S
2011-2012,MCQ_G,MCQ240T,,9364,4,https://wwwn.cdc.gov/Nchs/Data/Nhanes/Public/2011/DataFiles/MCQ_G.htm#MCQ240T
2011-2012,MCQ_G,MCQ240U,,9364,88,https://wwwn.cdc.gov/Nchs/Data/Nhanes/Public/2011/DataFiles/MCQ_G.htm#MCQ240U
2011-2012,MCQ_G,MCQ240V,,9364,5,https://wwwn.cdc.gov/Nchs/Data/Nhanes/Public/2011/DataFiles/MCQ_G.htm#MCQ240V
2011-2012,MCQ_G,MCQ240W,,9364,61,https://wwwn.cdc.gov/Nchs/Data/Nhanes/Public/2011/DataFiles/MCQ_G.htm#MCQ240W
2011-2012,MCQ_G,MCQ240X,,9364,38,https://wwwn.cdc.gov/Nchs/Data/Nhanes/Public/2011/DataFiles/MCQ_G.htm#MCQ240X
2011-2012,MCQ_G,MCQ240Y,,9364,1,https://wwwn.cdc.gov/Nchs/Data/Nhanes/Public/2011/DataFiles/MCQ_G.htm#MCQ240Y
2011-2012,MCQ_G,MCQ240Z,,9364,9,https://wwwn.cdc.gov/Nchs/Data/Nhanes/Public/2011/DataFiles/MCQ_G.htm#MCQ240Z
2011-2012,MCQ_G,MCQ300A,,9364,5559,https://wwwn.cdc.gov/Nchs/Data/Nhanes/Public/2011/DataFiles/MCQ_G.htm#MCQ300A
2011-2012,MCQ_G,MCQ300B,,9364,8161,https://wwwn.cdc.gov/Nchs/Data/Nhanes/Public/2011/DataFiles/MCQ_G.htm#MCQ300B
2011-2012,MCQ_G,MCQ300C,,9364,5559,https://wwwn.cdc.gov/Nchs/Data/Nhanes/Public/2011/DataFiles/MCQ_G.htm#MCQ300C
2011-2012,MCQ_G,MCQ365A,,9364,6174,https://wwwn.cdc.gov/Nchs/Data/Nhanes/Public/2011/DataFiles/MCQ_G.htm#MCQ365A
2011-2012,MCQ_G,MCQ365B,,9364,6174,https://wwwn.cdc.gov/Nchs/Data/Nhanes/Public/2011/DataFiles/MCQ_G.htm#MCQ365B
2011-2012,MCQ_G,MCQ365C,,9364,6174,https://wwwn.cdc.gov/Nchs/Data/Nhanes/Public/2011/DataFiles/MCQ_G.htm#MCQ365C
2011-2012,MCQ_G,MCQ365D,,9364,6174,https://wwwn.cdc.gov/Nchs/Data/Nhanes/Public/2011/DataFiles/MCQ_G.htm#MCQ365D
2011-2012,MCQ_G,MCQ370A,,9364,6174,https://wwwn.cdc.gov/Nchs/Data/Nhanes/Public/2011/DataFiles/MCQ_G.htm#MCQ370A
2011-2012,MCQ_G,MCQ370B,,9364,6174,https://wwwn.cdc.gov/Nchs/Data/Nhanes/Public/2011/DataFiles/MCQ_G.htm#MCQ370B
2011-2012,MCQ_G,MCQ370C,,9364,6174,https://wwwn.cdc.gov/Nchs/Data/Nhanes/Public/2011/DataFiles/MCQ_G.htm#MCQ370C
2011-2012,MCQ_G,MCQ370D,,9364,6174,https://wwwn.cdc.gov/Nchs/Data/Nhanes/Public/2011/DataFiles/MCQ_G.htm#MCQ370D
2011-2012,MCQ_G,MCQ380,"Past 7 days, had trouble remembering",9364,1791,https://wwwn.cdc.gov/Nchs/Data/Nhanes/Public/2011/DataFiles/MCQ_G.htm#MCQ380
2011-2012,PAQ_G,SEQN,Respondent sequence number,9107,9107,https://wwwn.cdc.gov/Nchs/Data/Nhanes/Public/2011/DataFiles/PAQ_G.htm#SEQN
2011-2012,PAQ_G,PAQ706,Days physically active at least 60 min,9107,2300,https://wwwn.cdc.gov/Nchs/Data/Nhanes/Public/2011/DataFiles/PAQ_G.htm#PAQ706
2011-2012,PAQ_G,PAQ605,Vigorous work activity,9107,6779,https://wwwn.cdc.gov/Nchs/Data/Nhanes/Public/2011/DataFiles/PAQ_G.htm#PAQ605
2011-2012,PAQ_G,PAQ610,Days vigorous work,9107,947,https://wwwn.cdc.gov/Nchs/Data/Nhanes/Public/2011/DataFiles/PAQ_G.htm#PAQ610
2011-2012,PAQ_G,PAD615,Minutes vigorous-intensity work,9107,943,https://wwwn.cdc.gov/Nchs/Data/Nhanes/Public/2011/DataFiles/PAQ_G.htm#PAD615
2011-2012,PAQ_G,PAQ620,Moderate work activity,9107,6779,https://wwwn.cdc.gov/Nchs/Data/Nhanes/Public/2011/DataFiles/PAQ_G.htm#PAQ620
2011-2012,PAQ_G,PAQ625,Number of days moderate work,9107,2065,https://wwwn.cdc.gov/Nchs/Data/Nhanes/Public/2011/DataFiles/PAQ_G.htm#PAQ625
2011-2012,PAQ_G,PAD630,Minutes moderate-intensity work,9107,2059,https://wwwn.cdc.gov/Nchs/Data/Nhanes/Public/2011/DataFiles/PAQ_G.htm#PAD630
2011-2012,PAQ_G,PAQ635,Walk or bicycle,9107,6779,https://wwwn.cdc.gov/Nchs/Data/Nhanes/Public/2011/DataFiles/PAQ_G.htm#PAQ635
2011-2012,PAQ_G,PAQ640,Number of days walk or bicycle,9107,2344,https://wwwn.cdc.gov/Nchs/Data/Nhanes/Public/2011/DataFiles/PAQ_G.htm#PAQ640
2011-2012,PAQ_G,PAD645,Minutes walk/bicycle for transportation,9107,2340,https://wwwn.cdc.gov/Nchs/Data/Nhanes/Public/2011/DataFiles/PAQ_G.htm#PAD645
2011-2012,PAQ_G,PAQ650,Vigorous recreational activities,9107,6779,https://wwwn.cdc.gov/Nchs/Data/Nhanes/Public/2011/DataFiles/PAQ_G.htm#PAQ650
2011-2012,PAQ_G,PAQ655,Days vigorous recreational activities,9107,1909,https://wwwn.cdc.gov/Nchs/Data/Nhanes/Public/2011/DataFiles/PAQ_G.htm#PAQ655
2011-2012,PAQ_G,PAD660,Minutes vigorous recreational activities,9107,1906,https://wwwn.cdc.gov/Nchs/Data/Nhanes/Public/2011/DataFiles/PAQ_G.htm#PAD660
2011-2012,PAQ_G,PAQ665,Moderate recreational activities,9107,6779,https://wwwn.cdc.gov/Nchs/Data/Nhanes/Public/2011/DataFiles/PAQ_G.htm#PAQ665
2011-2012,PAQ_G,PAQ670,Days moderate recreational activities,9107,2892,https://wwwn.cdc.gov/Nchs/Data/Nhanes/Public/2011/DataFiles/PAQ_G.htm#PAQ670
2011-2012,PAQ_G,PAD675,Minutes moderate recreational activities,9107,2887,https://wwwn.cdc.gov/Nchs/Data/Nhanes/Public/2011/DataFiles/PAQ_G.htm#PAD675
2011-2012,PAQ_G,PAD680,Minutes sedentary activity,9107,6773,https://wwwn.cdc.gov/Nchs/Data/Nhanes/Public/2011/DataFiles/PAQ_G.htm#PAD680
2011-2012,PAQ_G,PAQ710,Hours watch TV or videos past 30 days,9107,9078,https://wwwn.cdc.gov/Nchs/Data/Nhanes/Public/2011/DataFiles/PAQ_G.htm#PAQ710
2011-2012,PAQ_G,PAQ715,Hours use computer past 30 days,9107,9078,https://wwwn.cdc.gov/Nchs/Data/Nhanes/Public/2011/DataFiles/PAQ_G.htm#PAQ715
2011-2012,PFQ_G,SEQN,Respondent sequence number,8350,8350,https://wwwn.cdc.gov/Nchs/Data/Nhanes/Public/2011/DataFiles/PFQ_G.htm#SEQN
2011-2012,PFQ_G,PFQ020,"Crawl, walk, run, play limitations",8350,2789,https://wwwn.cdc.gov/Nchs/Data/Nhanes/Public/2011/DataFiles/PFQ_G.htm#PFQ020
2011-2012,PFQ_G,PFQ030,Long term impairment/health problem,8350,121,https://wwwn.cdc.gov/Nchs/Data/Nhanes/Public/2011/DataFiles/PFQ_G.htm#PFQ030
2011-2012,PFQ_G,PFQ041,Receive Special Ed or Early Intervention,8350,2486,https://wwwn.cdc.gov/Nchs/Data/Nhanes/Public/2011/DataFiles/PFQ_G.htm#PFQ041
2011-2012,PFQ_G,PFQ049,Limitations keeping you from working,8350,5559,https://wwwn.cdc.gov/Nchs/Data/Nhanes/Public/2011/DataFiles/PFQ_G.htm#PFQ049
2011-2012,PFQ_G,PFQ051,Limited in amount of work you can do,8350,5559,https://wwwn.cdc.gov/Nchs/Data/Nhanes/Public/2011/DataFiles/PFQ_G.htm#PFQ051
2011-2012,PFQ_G,PFQ054,Need special equipment to walk,8350,5559,https://wwwn.cdc.gov/Nchs/Data/Nhanes/Public/2011/DataFiles/PFQ_G.htm#PFQ054
2011-2012,PFQ_G,PFQ057,Experience confusion/memory problems,8350,5559,https://wwwn.cdc.gov/Nchs/Data/Nhanes/Public/2011/DataFiles/PFQ_G.htm#PFQ057
2011-2012,PFQ_G,PFQ059,"Physical, mental, emotional limitations",8350,4136,https://wwwn.cdc.gov/Nchs/Data/Nhanes/Public/2011/DataFiles/PFQ_G.htm#PFQ059
2011-2012,PFQ_G,PFQ061A,Managing money difficulty,8350,2512,https://wwwn.cdc.gov/Nchs/Data/Nhanes/Public/2011/DataFiles/PFQ_G.htm#PFQ061A
2011-2012,PFQ_G,PFQ061B,Walking for a quarter mile difficulty,8350,1943,https://wwwn.cdc.gov/Nchs/Data/Nhanes/Public/2011/DataFiles/PFQ_G.htm#PFQ061B
2011-2012,PFQ_G,PFQ061C,Walking up ten steps difficulty,8350,1943,https://wwwn.cdc.gov/Nchs/Data/Nhanes/Public/2011/DataFiles/PFQ_G.htm#PFQ061C
2011-2012,PFQ_G,PFQ061D,"Stooping, crouching, kneeling difficulty",8350,2512,https://wwwn.cdc.gov/Nchs/Data/Nhanes/Public/2011/DataFiles/PFQ_G.htm#PFQ061D
2011-2012,PFQ_G,PFQ061E,Lifting or carrying difficulty,8350,2512,https://wwwn.cdc.gov/Nchs/Data/Nhanes/Public/2011/DataFiles/PFQ_G.htm#PFQ061E
2011-2012,PFQ_G,PFQ061F,House chore difficulty,8350,2512,https://wwwn.cdc.gov/Nchs/Data/Nhanes/Public/2011/DataFiles/PFQ_G.htm#PFQ061F
2011-2012,PFQ_G,PFQ061G,Preparing meals difficulty,8350,2512,https://wwwn.cdc.gov/Nchs/Data/Nhanes/Public/2011/DataFiles/PFQ_G.htm#PFQ061G
2011-2012,PFQ_G,PFQ061H,Walking between rooms on same floor,8350,2512,https://wwwn.cdc.gov/Nchs/Data/Nhanes/Public/2011/DataFiles/PFQ_G.htm#PFQ061H
2011-2012,PFQ_G,PFQ061I,Standingup from armless chair difficulty,8350,2512,https://wwwn.cdc.gov/Nchs/Data/Nhanes/Public/2011/DataFiles/PFQ_G.htm#PFQ061I
2011-2012,PFQ_G,PFQ061J,Getting in and out of bed difficulty,8350,2512,https://wwwn.cdc.gov/Nchs/Data/Nhanes/Public/2011/DataFiles/PFQ_G.htm#PFQ061J
2011-2012,PFQ_G,PFQ061K,"Using fork, knife, drinking from cup",8350,2512,https://wwwn.cdc.gov/Nchs/Data/Nhanes/Public/2011/DataFiles/PFQ_G.htm#PFQ061K
2011-2012,PFQ_G,PFQ061L,Dressing yourself difficulty,8350,2512,https://wwwn.cdc.gov/Nchs/Data/Nhanes/Public/2011/DataFiles/PFQ_G.htm#PFQ061L
2011-2012,PFQ_G,PFQ061M,Standing for long periods difficulty,8350,2512,https://wwwn.cdc.gov/Nchs/Data/Nhanes/Public/2011/DataFiles/PFQ_G.htm#PFQ061M
2011-2012,PFQ_G,PFQ061N,Sitting for long periods difficulty,8350,2512,https://wwwn.cdc.gov/Nchs/Data/Nhanes/Public/2011/DataFiles/PFQ_G.htm#PFQ061N
2011-2012,PFQ_G,PFQ061O,Reaching up over head difficulty,8350,2512,https://wwwn.cdc.gov/Nchs/Data/Nhanes/Public/2011/DataFiles/PFQ_G.htm#PFQ061O
2011-2012,PFQ_G,PFQ061P,Grasp/holding small objects difficulty,8350,2512,https://wwwn.cdc.gov/Nchs/Data/Nhanes/Public/2011/DataFiles/PFQ_G.htm#PFQ061P
2011-2012,PFQ_G,PFQ061Q,"Going out to movies, events difficulty",8350,2512,https://wwwn.cdc.gov/Nchs/Data/Nhanes/Public/2011/DataFiles/PFQ_G.htm#PFQ061Q
2011-2012,PFQ_G,PFQ061R,Attending social event difficulty,8350,2512,https://wwwn.cdc.gov/Nchs/Data/Nhanes/Public/2011/DataFiles/PFQ_G.htm#PFQ061R
2011-2012,PFQ_G,PFQ061S,Leisure activity at home difficulty,8350,2512,https://wwwn.cdc.gov/Nchs/Data/Nhanes/Public/2011/DataFiles/PFQ_G.htm#PFQ061S
2011-2012,PFQ_G,PFQ061T,Push or pull large objects difficulty,8350,2512,https://wwwn.cdc.gov/Nchs/Data/Nhanes/Public/2011/DataFiles/PFQ_G.htm#PFQ061T
2011-2012,PFQ_G,PFQ063A,Health problems causing difficulty,8350,1757,https://wwwn.cdc.gov/Nchs/Data/Nhanes/Public/2011/DataFiles/PFQ_G.htm#PFQ063A
2011-2012,PFQ_G,PFQ063B,Health problems causing difficulty,8350,1027,https://wwwn.cdc.gov/Nchs/Data/Nhanes/Public/2011/DataFiles/PFQ_G.htm#PFQ063B
2011-2012,PFQ_G,PFQ063C,Health problems causing difficulty,8350,646,https://wwwn.cdc.gov/Nchs/Data/Nhanes/Public/2011/DataFiles/PFQ_G.htm#PFQ063C
2011-2012,PFQ_G,PFQ063D,Health problems causing difficulty,8350,434,https://wwwn.cdc.gov/Nchs/Data/Nhanes/Public/2011/DataFiles/PFQ_G.htm#PFQ063D
2011-2012,PFQ_G,PFQ063E,Health problems causing difficulty,8350,252,https://wwwn.cdc.gov/Nchs/Data/Nhanes/Public/2011/DataFiles/PFQ_G.htm#PFQ063E
2011-2012,PFQ_G,PFQ090,Require special healthcare equipment,8350,5559,https://wwwn.cdc.gov/Nchs/Data/Nhanes/Public/2011/DataFiles/PFQ_G.htm#PFQ090
2011-2012,RXQ_RX_G,SEQN,Respondent sequence number,18704,18704,https://wwwn.cdc.gov/Nchs/Data/Nhanes/Public/2011/DataFiles/RXQ_RX_G.htm#SEQN
2011-2012,RXQ_RX_G,RXDUSE,"Taken prescription medicine, past month",18704,18704,https://wwwn.cdc.gov/Nchs/Data/Nhanes/Public/2011/DataFiles/RXQ_RX_G.htm#RXDUSE
2011-2012,RXQ_RX_G,RXDCOUNT,Number of prescription medicines taken,18704,12957,https://wwwn.cdc.gov/Nchs/Data/Nhanes/Public/2011/DataFiles/RXQ_RX_G.htm#RXDCOUNT
2011-2012,SMQ_G,SEQN,Respondent sequence number,6790,6790,https://wwwn.cdc.gov/Nchs/Data/Nhanes/Public/2011/DataFiles/SMQ_G.htm#SEQN
2011-2012,SMQ_G,SMQ020,Smoked at least 100 cigarettes in life,6790,5559,https://wwwn.cdc.gov/Nchs/Data/Nhanes/Public/2011/DataFiles/SMQ_G.htm#SMQ020
2013-2014,ALQ_H,SEQN,Respondent sequence number,5924,5924,https://wwwn.cdc.gov/Nchs/Data/Nhanes/Public/2013/DataFiles/ALQ_H.htm#SEQN
2013-2014,ALQ_H,ALQ101,Had at least 12 alcohol drinks/1 yr?,5924,5421,https://wwwn.cdc.gov/Nchs/Data/Nhanes/Public/2013/DataFiles/ALQ_H.htm#ALQ101
2013-2014,ALQ_H,ALQ110,Had at least 12 alcohol drinks/lifetime?,5924,1631,https://wwwn.cdc.gov/Nchs/Data/Nhanes/Public/2013/DataFiles/ALQ_H.htm#ALQ110
2013-2014,ALQ_H,ALQ120Q,How often drink alcohol over past 12 mos,5924,4479,https://wwwn.cdc.gov/Nchs/Data/Nhanes/Public/2013/DataFiles/ALQ_H.htm#ALQ120Q
2013-2014,ALQ_H,ALQ120U,"# days drink alcohol per wk, mo, yr",5924,3593,https://wwwn.cdc.gov/Nchs/Data/Nhanes/Public/2013/DataFiles/ALQ_H.htm#ALQ120U
2013-2014,ALQ_H,ALQ130,Avg # alcoholic drinks/day - past 12 mos,5924,3596,https://wwwn.cdc.gov/Nchs/Data/Nhanes/Public/2013/DataFiles/ALQ_H.htm#ALQ130
2013-2014,BIOPRO_H,SEQN,Respondent sequence number,6979,6979,https://wwwn.cdc.gov/Nchs/Data/Nhanes/Public/2013/DataFiles/BIOPRO_H.htm#SEQN
2013-2014,BIOPRO_H,LBXSAPSI,Alkaline phosphatase (IU/L),6979,6552,https://wwwn.cdc.gov/Nchs/Data/Nhanes/Public/2013/DataFiles/BIOPRO_H.htm#LBXSAPSI
2013-2014,BIOPRO_H,LBXSBU,Blood urea nitrogen (mg/dL),6979,6553,https://wwwn.cdc.gov/Nchs/Data/Nhanes/Public/2013/DataFiles/BIOPRO_H.htm#LBXSBU
2013-2014,BIOPRO_H,LBDSBUSI,Blood urea nitrogen (mmol/L),6979,6553,https://wwwn.cdc.gov/Nchs/Data/Nhanes/Public/2013/DataFiles/BIOPRO_H.htm#LBDSBUSI
2013-2014,BIOPRO_H,LBXSC3SI,Bicarbonate (mmol/L),6979,6553,https://wwwn.cdc.gov/Nchs/Data/Nhanes/Public/2013/DataFiles/BIOPRO_H.htm#LBXSC3SI
2013-2014,BIOPRO_H,LBXSCA,Total calcium (mg/dL),6979,6511,https://wwwn.cdc.gov/Nchs/Data/Nhanes/Public/2013/DataFiles/BIOPRO_H.htm#LBXSCA
2013-2014,BIOPRO_H,LBDSCASI,Total calcium (mmol/L),6979,6511,https://wwwn.cdc.gov/Nchs/Data/Nhanes/Public/2013/DataFiles/BIOPRO_H.htm#LBDSCASI
2013-2014,BIOPRO_H,LBXSLDSI,Lactate dehydrogenase (U/L),6979,6551,https://wwwn.cdc.gov/Nchs/Data/Nhanes/Public/2013/DataFiles/BIOPRO_H.htm#LBXSLDSI
2013-2014,BIOPRO_H,LBXSUA,Uric acid (mg/dL),6979,6551,https://wwwn.cdc.gov/Nchs/Data/Nhanes/Public/2013/DataFiles/BIOPRO_H.htm#LBXSUA
2013-2014,BIOPRO_H,LBDSUASI,Uric acid (umol/L),6979,6551,https://wwwn.cdc.gov/Nchs/Data/Nhanes/Public/2013/DataFiles/BIOPRO_H.htm#LBDSUASI
2013-2014,BMX_H,SEQN,Respondent sequence number,9813,9813,https://wwwn.cdc.gov/Nchs/Data/Nhanes/Public/2013/DataFiles/BMX_H.htm#SEQN
2013-2014,BMX_H,BMXBMI,Body Mass Index (kg/m**2),9813,9055,https://wwwn.cdc.gov/Nchs/Data/Nhanes/Public/2013/DataFiles/BMX_H.htm#BMXBMI
2013-2014,BPQ_H,SEQN,Respondent sequence number,6464,6464,https://wwwn.cdc.gov/Nchs/Data/Nhanes/Public/2013/DataFiles/BPQ_H.htm#SEQN
2013-2014,BPQ_H,BPQ020,Ever told you had high blood pressure,6464,6464,https://wwwn.cdc.gov/Nchs/Data/Nhanes/Public/2013/DataFiles/BPQ_H.htm#BPQ020
2013-2014,BPQ_H,BPQ030,Told had high blood pressure - 2+ times,6464,2174,https://wwwn.cdc.gov/Nchs/Data/Nhanes/Public/2013/DataFiles/BPQ_H.htm#BPQ030
2013-2014,BPQ_H,BPQ040A,Taking prescription for hypertension,6464,2174,https://wwwn.cdc.gov/Nchs/Data/Nhanes/Public/2013/DataFiles/BPQ_H.htm#BPQ040A
2013-2014,BPQ_H,BPQ050A,Now taking prescribed medicine for HBP,6464,1815,https://wwwn.cdc.gov/Nchs/Data/Nhanes/Public/2013/DataFiles/BPQ_H.htm#BPQ050A
2013-2014,BPQ_H,BPQ056,Take blood pressure at home last 12 mos?,6464,6464,https://wwwn.cdc.gov/Nchs/Data/Nhanes/Public/2013/DataFiles/BPQ_H.htm#BPQ056
2013-2014,BPQ_H,BPQ059,Doctor tell you to take BP at home?,6464,6464,https://wwwn.cdc.gov/Nchs/Data/Nhanes/Public/2013/DataFiles/BPQ_H.htm#BPQ059
2013-2014,BPQ_H,BPQ080,Doctor told you - high cholesterol level,6464,6464,https://wwwn.cdc.gov/Nchs/Data/Nhanes/Public/2013/DataFiles/BPQ_H.htm#BPQ080
2013-2014,BPQ_H,BPQ060,Ever had blood cholesterol checked,6464,4427,https://wwwn.cdc.gov/Nchs/Data/Nhanes/Public/2013/DataFiles/BPQ_H.htm#BPQ060
2013-2014,BPQ_H,BPQ070,When blood cholesterol last checked,6464,4620,https://wwwn.cdc.gov/Nchs/Data/Nhanes/Public/2013/DataFiles/BPQ_H.htm#BPQ070
2013-2014,BPQ_H,BPQ090D,Told to take prescriptn for cholesterol,6464,4620,https://wwwn.cdc.gov/Nchs/Data/Nhanes/Public/2013/DataFiles/BPQ_H.htm#BPQ090D
2013-2014,BPQ_H,BPQ100D,Now taking prescribed medicine,6464,1450,https://wwwn.cdc.gov/Nchs/Data/Nhanes/Public/2013/DataFiles/BPQ_H.htm#BPQ100D
2013-2014,BPX_H,SEQN,Respondent sequence number,9813,9813,https://wwwn.cdc.gov/Nchs/Data/Nhanes/Public/2013/DataFiles/BPX_H.htm#SEQN
2013-2014,BPX_H,BPXCHR,60 sec HR (30 sec HR * 2),9813,1961,https://wwwn.cdc.gov/Nchs/Data/Nhanes/Public/2013/DataFiles/BPX_H.htm#BPXCHR
2013-2014,BPX_H,BPXPLS,60 sec. pulse (30 sec. pulse * 2),9813,7549,https://wwwn.cdc.gov/Nchs/Data/Nhanes/Public/2013/DataFiles/BPX_H.htm#BPXPLS
2013-2014,BPX_H,BPXPULS,Pulse regular or irregular?,9813,9511,https://wwwn.cdc.gov/Nchs/Data/Nhanes/Public/2013/DataFiles/BPX_H.htm#BPXPULS
2013-2014,BPX_H,BPXPTY,Pulse type,9813,7564,https://wwwn.cdc.gov/Nchs/Data/Nhanes/Public/2013/DataFiles/BPX_H.htm#BPXPTY
2013-2014,BPX_H,BPXML1,MIL: maximum inflation levels (mm Hg),9813,7553,https://wwwn.cdc.gov/Nchs/Data/Nhanes/Public/2013/DataFiles/BPX_H.htm#BPXML1
2013-2014,BPX_H,BPXSY1,Systolic: Blood pres (1st rdg) mm Hg,9813,7172,https://wwwn.cdc.gov/Nchs/Data/Nhanes/Public/2013/DataFiles/BPX_H.htm#BPXSY1
2013-2014,BPX_H,BPXDI1,Diastolic: Blood pres (1st rdg) mm Hg,9813,7172,https://wwwn.cdc.gov/Nchs/Data/Nhanes/Public/2013/DataFiles/BPX_H.htm#BPXDI1
2013-2014,BPX_H,BPXSY2,Systolic: Blood pres (2nd rdg) mm Hg,9813,7409,https://wwwn.cdc.gov/Nchs/Data/Nhanes/Public/2013/DataFiles/BPX_H.htm#BPXSY2
2013-2014,BPX_H,BPXDI2,Diastolic: Blood pres (2nd rdg) mm Hg,9813,7409,https://wwwn.cdc.gov/Nchs/Data/Nhanes/Public/2013/DataFiles/BPX_H.htm#BPXDI2
2013-2014,BPX_H,BPXSY3,Systolic: Blood pres (3rd rdg) mm Hg,9813,7408,https://wwwn.cdc.gov/Nchs/Data/Nhanes/Public/2013/DataFiles/BPX_H.htm#BPXSY3
2013-2014,BPX_H,BPXDI3,Diastolic: Blood pres (3rd rdg) mm Hg,9813,7408,https://wwwn.cdc.gov/Nchs/Data/Nhanes/Public/2013/DataFiles/BPX_H.htm#BPXDI3
2013-2014,BPX_H,BPXSY4,Systolic: Blood pres (4th rdg) mm Hg,9813,515,https://wwwn.cdc.gov/Nchs/Data/Nhanes/Public/2013/DataFiles/BPX_H.htm#BPXSY4
2013-2014,BPX_H,BPXDI4,Diastolic: Blood pres (4th rdg) mm Hg,9813,515,https://wwwn.cdc.gov/Nchs/Data/Nhanes/Public/2013/DataFiles/BPX_H.htm#BPXDI4
2013-2014,CBC_H,SEQN,Respondent sequence number,9422,9422,https://wwwn.cdc.gov/Nchs/Data/Nhanes/Public/2013/DataFiles/CBC_H.htm#SEQN
2013-2014,CBC_H,LBXWBCSI,White blood cell count (1000 cells/uL),9422,8544,https://wwwn.cdc.gov/Nchs/Data/Nhanes/Public/2013/DataFiles/CBC_H.htm#LBXWBCSI
2013-2014,CBC_H,LBXLYPCT,Lymphocyte percent (%),9422,8519,https://wwwn.cdc.gov/Nchs/Data/Nhanes/Public/2013/DataFiles/CBC_H.htm#LBXLYPCT
2013-2014,CBC_H,LBXMOPCT,Monocyte percent (%),9422,8519,https://wwwn.cdc.gov/Nchs/Data/Nhanes/Public/2013/DataFiles/CBC_H.htm#LBXMOPCT
2013-2014,CBC_H,LBXNEPCT,Segmented neutrophils percent (%),9422,8519,https://wwwn.cdc.gov/Nchs/Data/Nhanes/Public/2013/DataFiles/CBC_H.htm#LBXNEPCT
2013-2014,CBC_H,LBDLYMNO,Lymphocyte number (1000 cells/uL),9422,8519,https://wwwn.cdc.gov/Nchs/Data/Nhanes/Public/2013/DataFiles/CBC_H.htm#LBDLYMNO
2013-2014,CBC_H,LBDMONO,Monocyte number (1000 cells/uL),9422,8519,https://wwwn.cdc.gov/Nchs/Data/Nhanes/Public/2013/DataFiles/CBC_H.htm#LBDMONO
2013-2014,CBC_H,LBDNENO,Segmented neutrophils num (1000 cell/uL),9422,8519,https://wwwn.cdc.gov/Nchs/Data/Nhanes/Public/2013/DataFiles/CBC_H.htm#LBDNENO
2013-2014,CBC_H,LBXRDW,Red cell distribution width (%),9422,8544,https://wwwn.cdc.gov/Nchs/Data/Nhanes/Public/2013/DataFiles/CBC_H.htm#LBXRDW
2013-2014,CBC_H,LBXPLTSI,Platelet count (1000 cells/uL),9422,8544,https://wwwn.cdc.gov/Nchs/Data/Nhanes/Public/2013/DataFiles/CBC_H.htm#LBXPLTSI
2013-2014,DEMO_H,SEQN,Respondent sequence number,10175,10175,https://wwwn.cdc.gov/Nchs/Data/Nhanes/Public/2013/DataFiles/DEMO_H.htm#SEQN
2013-2014,DEMO_H,SDDSRVYR,Data release cycle,10175,10175,https://wwwn.cdc.gov/Nchs/Data/Nhanes/Public/2013/DataFiles/DEMO_H.htm#SDDSRVYR
2013-2014,DEMO_H,RIAGENDR,Gender,10175,10175,https://wwwn.cdc.gov/Nchs/Data/Nhanes/Public/2013/DataFiles/DEMO_H.htm#RIAGENDR
2013-2014,DEMO_H,RIDAGEYR,Age in years at screening,10175,10175,https://wwwn.cdc.gov/Nchs/Data/Nhanes/Public/2013/DataFiles/DEMO_H.htm#RIDAGEYR
2013-2014,DEMO_H,RIDRETH1,Race/Hispanic origin,10175,10175,https://wwwn.cdc.gov/Nchs/Data/Nhanes/Public/2013/DataFiles/DEMO_H.htm#RIDRETH1
2013-2014,DEMO_H,RIDRETH3,Race/Hispanic origin w/ NH Asian,10175,10175,https://wwwn.cdc.gov/Nchs/Data/Nhanes/Public/2013/DataFiles/DEMO_H.htm#RIDRETH3
2013-2014,DEMO_H,DMDEDUC2,Education level - Adults 20+,10175,5769,https://wwwn.cdc.gov/Nchs/Data/Nhanes/Public/2013/DataFiles/DEMO_H.htm#DMDEDUC2
2013-2014,DEMO_H,WTINT2YR,Full sample 2 year interview weight,10175,10175,https://wwwn.cdc.gov/Nchs/Data/Nhanes/Public/2013/DataFiles/DEMO_H.htm#WTINT2YR
2013-2014,DEMO_H,WTMEC2YR,Full sample 2 year MEC exam weight,10175,10175,https://wwwn.cdc.gov/Nchs/Data/Nhanes/Public/2013/DataFiles/DEMO_H.htm#WTMEC2YR
2013-2014,DEMO_H,SDMVPSU,Masked variance pseudo-PSU,10175,10175,https://wwwn.cdc.gov/Nchs/Data/Nhanes/Public/2013/DataFiles/DEMO_H.htm#SDMVPSU
2013-2014,DEMO_H,SDMVSTRA,Masked variance pseudo-stratum,10175,10175,https://wwwn.cdc.gov/Nchs/Data/Nhanes/Public/2013/DataFiles/DEMO_H.htm#SDMVSTRA
2013-2014,DEMO_H,INDFMPIR,Ratio of family income to poverty,10175,9390,https://wwwn.cdc.gov/Nchs/Data/Nhanes/Public/2013/DataFiles/DEMO_H.htm#INDFMPIR
2013-2014,DIQ_H,SEQN,Respondent sequence number,9770,9770,https://wwwn.cdc.gov/Nchs/Data/Nhanes/Public/2013/DataFiles/DIQ_H.htm#SEQN
2013-2014,DIQ_H,DIQ010,Doctor told you have diabetes,9770,9769,https://wwwn.cdc.gov/Nchs/Data/Nhanes/Public/2013/DataFiles/DIQ_H.htm#DIQ010
2013-2014,DIQ_H,DIQ160,Ever told you have prediabetes,9770,6287,https://wwwn.cdc.gov/Nchs/Data/Nhanes/Public/2013/DataFiles/DIQ_H.htm#DIQ160
2013-2014,DIQ_H,DIQ170,Ever told have health risk for diabetes,9770,6469,https://wwwn.cdc.gov/Nchs/Data/Nhanes/Public/2013/DataFiles/DIQ_H.htm#DIQ170
2013-2014,DIQ_H,DIQ172,Feel could be at risk for diabetes,9770,6469,https://wwwn.cdc.gov/Nchs/Data/Nhanes/Public/2013/DataFiles/DIQ_H.htm#DIQ172
2013-2014,DIQ_H,DIQ175A,Family history,9770,1338,https://wwwn.cdc.gov/Nchs/Data/Nhanes/Public/2013/DataFiles/DIQ_H.htm#DIQ175A
2013-2014,DIQ_H,DIQ175B,Overweight,9770,546,https://wwwn.cdc.gov/Nchs/Data/Nhanes/Public/2013/DataFiles/DIQ_H.htm#DIQ175B
2013-2014,DIQ_H,DIQ175C,Age,9770,112,https://wwwn.cdc.gov/Nchs/Data/Nhanes/Public/2013/DataFiles/DIQ_H.htm#DIQ175C
2013-2014,DIQ_H,DIQ175D,Poor diet,9770,370,https://wwwn.cdc.gov/Nchs/Data/Nhanes/Public/2013/DataFiles/DIQ_H.htm#DIQ175D
2013-2014,DIQ_H,DIQ175E,Race,9770,92,https://wwwn.cdc.gov/Nchs/Data/Nhanes/Public/2013/DataFiles/DIQ_H.htm#DIQ175E
2013-2014,DIQ_H,DIQ175F,Had a baby weighed over 9 lbs. at birth,9770,21,https://wwwn.cdc.gov/Nchs/Data/Nhanes/Public/2013/DataFiles/DIQ_H.htm#DIQ175F
2013-2014,DIQ_H,DIQ175G,Lack of physical activity,9770,151,https://wwwn.cdc.gov/Nchs/Data/Nhanes/Public/2013/DataFiles/DIQ_H.htm#DIQ175G
2013-2014,DIQ_H,DIQ175H,High blood pressure,9770,151,https://wwwn.cdc.gov/Nchs/Data/Nhanes/Public/2013/DataFiles/DIQ_H.htm#DIQ175H
2013-2014,DIQ_H,DIQ175I,High blood sugar,9770,70,https://wwwn.cdc.gov/Nchs/Data/Nhanes/Public/2013/DataFiles/DIQ_H.htm#DIQ175I
2013-2014,DIQ_H,DIQ175J,High cholesterol,9770,107,https://wwwn.cdc.gov/Nchs/Data/Nhanes/Public/2013/DataFiles/DIQ_H.htm#DIQ175J
2013-2014,DIQ_H,DIQ175K,Hypoglycemic,9770,39,https://wwwn.cdc.gov/Nchs/Data/Nhanes/Public/2013/DataFiles/DIQ_H.htm#DIQ175K
2013-2014,DIQ_H,DIQ175L,Extreme hunger,9770,40,https://wwwn.cdc.gov/Nchs/Data/Nhanes/Public/2013/DataFiles/DIQ_H.htm#DIQ175L
2013-2014,DIQ_H,DIQ175M,Tingling/numbness in hands or feet,9770,91,https://wwwn.cdc.gov/Nchs/Data/Nhanes/Public/2013/DataFiles/DIQ_H.htm#DIQ175M
2013-2014,DIQ_H,DIQ175N,Blurred vision,9770,51,https://wwwn.cdc.gov/Nchs/Data/Nhanes/Public/2013/DataFiles/DIQ_H.htm#DIQ175N
2013-2014,DIQ_H,DIQ175O,Increased fatigue,9770,85,https://wwwn.cdc.gov/Nchs/Data/Nhanes/Public/2013/DataFiles/DIQ_H.htm#DIQ175O
2013-2014,DIQ_H,DIQ175P,Anyone could be at risk,9770,69,https://wwwn.cdc.gov/Nchs/Data/Nhanes/Public/2013/DataFiles/DIQ_H.htm#DIQ175P
2013-2014,DIQ_H,DIQ175Q,Doctor warning,9770,102,https://wwwn.cdc.gov/Nchs/Data/Nhanes/Public/2013/DataFiles/DIQ_H.htm#DIQ175Q
2013-2014,DIQ_H,DIQ175R,"Other, specify",9770,20,https://wwwn.cdc.gov/Nchs/Data/Nhanes/Public/2013/DataFiles/DIQ_H.htm#DIQ175R
2013-2014,DIQ_H,DIQ175S,Gestational diabetes,9770,30,https://wwwn.cdc.gov/Nchs/Data/Nhanes/Public/2013/DataFiles/DIQ_H.htm#DIQ175S
2013-2014,DIQ_H,DIQ175T,Frequent urination,9770,56,https://wwwn.cdc.gov/Nchs/Data/Nhanes/Public/2013/DataFiles/DIQ_H.htm#DIQ175T
2013-2014,DIQ_H,DIQ175U,Thirst,9770,73,https://wwwn.cdc.gov/Nchs/Data/Nhanes/Public/2013/DataFiles/DIQ_H.htm#DIQ175U
2013-2014,DIQ_H,DIQ175V,Craving for sweet/eating a lot of sugar,9770,12,https://wwwn.cdc.gov/Nchs/Data/Nhanes/Public/2013/DataFiles/DIQ_H.htm#DIQ175V
2013-2014,DIQ_H,DIQ175W,Medication,9770,3,https://wwwn.cdc.gov/Nchs/Data/Nhanes/Public/2013/DataFiles/DIQ_H.htm#DIQ175W
2013-2014,DIQ_H,DIQ175X,Polycystic ovarian syndrome,9770,6,https://wwwn.cdc.gov/Nchs/Data/Nhanes/Public/2013/DataFiles/DIQ_H.htm#DIQ175X
2013-2014,DIQ_H,DIQ180,Had blood tested past three years,9770,6469,https://wwwn.cdc.gov/Nchs/Data/Nhanes/Public/2013/DataFiles/DIQ_H.htm#DIQ180
2013-2014,DIQ_H,DIQ050,Taking insulin now,9770,9768,https://wwwn.cdc.gov/Nchs/Data/Nhanes/Public/2013/DataFiles/DIQ_H.htm#DIQ050
2013-2014,DIQ_H,DIQ060U,Unit of measure (month/year),9770,217,https://wwwn.cdc.gov/Nchs/Data/Nhanes/Public/2013/DataFiles/DIQ_H.htm#DIQ060U
2013-2014,DIQ_H,DIQ070,Take diabetic pills to lower blood sugar,9770,1200,https://wwwn.cdc.gov/Nchs/Data/Nhanes/Public/2013/DataFiles/DIQ_H.htm#DIQ070
2013-2014,DIQ_H,DIQ230,How long ago saw a diabetes specialist,9770,737,https://wwwn.cdc.gov/Nchs/Data/Nhanes/Public/2013/DataFiles/DIQ_H.htm#DIQ230
2013-2014,DIQ_H,DIQ240,Is there one Dr you see for diabetes,9770,737,https://wwwn.cdc.gov/Nchs/Data/Nhanes/Public/2013/DataFiles/DIQ_H.htm#DIQ240
2013-2014,DIQ_H,DIQ260U,Unit of measure (day/week/month/year),9770,591,https://wwwn.cdc.gov/Nchs/Data/Nhanes/Public/2013/DataFiles/DIQ_H.htm#DIQ260U
2013-2014,DIQ_H,DIQ275,Past year Dr checked for A1C,9770,737,https://wwwn.cdc.gov/Nchs/Data/Nhanes/Public/2013/DataFiles/DIQ_H.htm#DIQ275
2013-2014,DIQ_H,DIQ280,What was your last A1C level,9770,520,https://wwwn.cdc.gov/Nchs/Data/Nhanes/Public/2013/DataFiles/DIQ_H.htm#DIQ280
2013-2014,DIQ_H,DIQ291,What does Dr say A1C should be,9770,520,https://wwwn.cdc.gov/Nchs/Data/Nhanes/Public/2013/DataFiles/DIQ_H.htm#DIQ291
2013-2014,DIQ_H,DIQ300S,What was your recent SBP,9770,732,https://wwwn.cdc.gov/Nchs/Data/Nhanes/Public/2013/DataFiles/DIQ_H.htm#DIQ300S
2013-2014,DIQ_H,DIQ300D,What was your recent DBP,9770,732,https://wwwn.cdc.gov/Nchs/Data/Nhanes/Public/2013/DataFiles/DIQ_H.htm#DIQ300D
2013-2014,DIQ_H,DIQ350U,Unit of measure (day/week/month/year),9770,597,https://wwwn.cdc.gov/Nchs/Data/Nhanes/Public/2013/DataFiles/DIQ_H.htm#DIQ350U
2013-2014,DIQ_H,DIQ360,Last time had pupils dilated for exam,9770,732,https://wwwn.cdc.gov/Nchs/Data/Nhanes/Public/2013/DataFiles/DIQ_H.htm#DIQ360
2013-2014,DIQ_H,DIQ080,Diabetes affected eyes/had retinopathy,9770,732,https://wwwn.cdc.gov/Nchs/Data/Nhanes/Public/2013/DataFiles/DIQ_H.htm#DIQ080
2013-2014,DR1TOT_H,SEQN,Respondent sequence number,9813,9813,https://wwwn.cdc.gov/Nchs/Data/Nhanes/Public/2013/DataFiles/DR1TOT_H.htm#SEQN
2013-2014,DR1TOT_H,DR1DRSTZ,Dietary recall status,9813,9813,https://wwwn.cdc.gov/Nchs/Data/Nhanes/Public/2013/DataFiles/DR1TOT_H.htm#DR1DRSTZ
2013-2014,DR1TOT_H,DRDINT,Number of days of intake,9813,8661,https://wwwn.cdc.gov/Nchs/Data/Nhanes/Public/2013/DataFiles/DR1TOT_H.htm#DRDINT
2013-2014,DR1TOT_H,DR1TKCAL,Energy (kcal),9813,8531,https://wwwn.cdc.gov/Nchs/Data/Nhanes/Public/2013/DataFiles/DR1TOT_H.htm#DR1TKCAL
2013-2014,DR2TOT_H,SEQN,Respondent sequence number,9813,9813,https://wwwn.cdc.gov/Nchs/Data/Nhanes/Public/2013/DataFiles/DR2TOT_H.htm#SEQN
2013-2014,DR2TOT_H,DR2DRSTZ,Dietary recall status,9813,9813,https://wwwn.cdc.gov/Nchs/Data/Nhanes/Public/2013/DataFiles/DR2TOT_H.htm#DR2DRSTZ
2013-2014,DR2TOT_H,DRDINT,Number of days of intake,9813,8661,https://wwwn.cdc.gov/Nchs/Data/Nhanes/Public/2013/DataFiles/DR2TOT_H.htm#DRDINT
2013-2014,DR2TOT_H,DR2TKCAL,Energy (kcal),9813,7453,https://wwwn.cdc.gov/Nchs/Data/Nhanes/Public/2013/DataFiles/DR2TOT_H.htm#DR2TKCAL
2013-2014,HSQ_H,SEQN,Respondent sequence number,9422,9422,https://wwwn.cdc.gov/Nchs/Data/Nhanes/Public/2013/DataFiles/HSQ_H.htm#SEQN
2013-2014,HSQ_H,HSD010,General health condition,9422,6467,https://wwwn.cdc.gov/Nchs/Data/Nhanes/Public/2013/DataFiles/HSQ_H.htm#HSD010
2013-2014,HUQ_H,SEQN,Respondent sequence number,10175,10175,https://wwwn.cdc.gov/Nchs/Data/Nhanes/Public/2013/DataFiles/HUQ_H.htm#SEQN
2013-2014,HUQ_H,HUQ010,General health condition,10175,10175,https://wwwn.cdc.gov/Nchs/Data/Nhanes/Public/2013/DataFiles/HUQ_H.htm#HUQ010
2013-2014,HUQ_H,HUQ020,Health now compared with 1 year ago,10175,9769,https://wwwn.cdc.gov/Nchs/Data/Nhanes/Public/2013/DataFiles/HUQ_H.htm#HUQ020
2013-2014,HUQ_H,HUQ030,Routine place to go for healthcare,10175,10175,https://wwwn.cdc.gov/Nchs/Data/Nhanes/Public/2013/DataFiles/HUQ_H.htm#HUQ030
2013-2014,HUQ_H,HUQ041,Type place most often go for healthcare,10175,8981,https://wwwn.cdc.gov/Nchs/Data/Nhanes/Public/2013/DataFiles/HUQ_H.htm#HUQ041
2013-2014,HUQ_H,HUQ051,#times receive healthcare over past year,10175,10175,https://wwwn.cdc.gov/Nchs/Data/Nhanes/Public/2013/DataFiles/HUQ_H.htm#HUQ051
2013-2014,HUQ_H,HUQ061,How long since last healthcare visit,10175,1287,https://wwwn.cdc.gov/Nchs/Data/Nhanes/Public/2013/DataFiles/HUQ_H.htm#HUQ061
2013-2014,HUQ_H,HUQ071,Overnight hospital patient in last year,10175,10175,https://wwwn.cdc.gov/Nchs/Data/Nhanes/Public/2013/DataFiles/HUQ_H.htm#HUQ071
2013-2014,HUQ_H,HUD080,#times overnite hospital patient/last yr,10175,927,https://wwwn.cdc.gov/Nchs/Data/Nhanes/Public/2013/DataFiles/HUQ_H.htm#HUD080
2013-2014,HUQ_H,HUQ090,Seen mental health professional/past yr,10175,9010,https://wwwn.cdc.gov/Nchs/Data/Nhanes/Public/2013/DataFiles/HUQ_H.htm#HUQ090
2013-2014,KIQ_U_H,SEQN,Respondent sequence number,5769,5769,https://wwwn.cdc.gov/Nchs/Data/Nhanes/Public/2013/DataFiles/KIQ_U_H.htm#SEQN
2013-2014,KIQ_U_H,KIQ022,Ever told you had weak/failing kidneys,5769,5769,https://wwwn.cdc.gov/Nchs/Data/Nhanes/Public/2013/DataFiles/KIQ_U_H.htm#KIQ022
2013-2014,KIQ_U_H,KIQ025,Received dialysis in past 12 months,5769,187,https://wwwn.cdc.gov/Nchs/Data/Nhanes/Public/2013/DataFiles/KIQ_U_H.htm#KIQ025
2013-2014,KIQ_U_H,KIQ026,Ever had kidney stones?,5769,5769,https://wwwn.cdc.gov/Nchs/Data/Nhanes/Public/2013/DataFiles/KIQ_U_H.htm#KIQ026
2013-2014,KIQ_U_H,KIQ005,How often have urinary leakage,5769,5096,https://wwwn.cdc.gov/Nchs/Data/Nhanes/Public/2013/DataFiles/KIQ_U_H.htm#KIQ005
2013-2014,KIQ_U_H,KIQ010,How much urine lose each time?,5769,1577,https://wwwn.cdc.gov/Nchs/Data/Nhanes/Public/2013/DataFiles/KIQ_U_H.htm#KIQ010
2013-2014,KIQ_U_H,KIQ042,Leak urine during physical activities,5769,5096,https://wwwn.cdc.gov/Nchs/Data/Nhanes/Public/2013/DataFiles/KIQ_U_H.htm#KIQ042
2013-2014,KIQ_U_H,KIQ430,How frequently does this occur?,5769,1169,https://wwwn.cdc.gov/Nchs/Data/Nhanes/Public/2013/DataFiles/KIQ_U_H.htm#KIQ430
2013-2014,KIQ_U_H,KIQ044,Urinated before reaching the toilet,5769,5095,https://wwwn.cdc.gov/Nchs/Data/Nhanes/Public/2013/DataFiles/KIQ_U_H.htm#KIQ044
2013-2014,KIQ_U_H,KIQ450,How frequently does this occur?,5769,1087,https://wwwn.cdc.gov/Nchs/Data/Nhanes/Public/2013/DataFiles/KIQ_U_H.htm#KIQ450
2013-2014,KIQ_U_H,KIQ046,Leak urine during nonphysical activities,5769,5096,https://wwwn.cdc.gov/Nchs/Data/Nhanes/Public/2013/DataFiles/KIQ_U_H.htm#KIQ046
2013-2014,KIQ_U_H,KIQ470,How frequently does this occur?,5769,468,https://wwwn.cdc.gov/Nchs/Data/Nhanes/Public/2013/DataFiles/KIQ_U_H.htm#KIQ470
2013-2014,KIQ_U_H,KIQ050,How much did urine leakage bother you,5769,1830,https://wwwn.cdc.gov/Nchs/Data/Nhanes/Public/2013/DataFiles/KIQ_U_H.htm#KIQ050
2013-2014,KIQ_U_H,KIQ052,How much were daily activities affected,5769,1829,https://wwwn.cdc.gov/Nchs/Data/Nhanes/Public/2013/DataFiles/KIQ_U_H.htm#KIQ052
2013-2014,KIQ_U_H,KIQ480,How many times urinate in night?,5769,5095,https://wwwn.cdc.gov/Nchs/Data/Nhanes/Public/2013/DataFiles/KIQ_U_H.htm#KIQ480
2013-2014,MCQ_H,SEQN,Respondent sequence number,9770,9770,https://wwwn.cdc.gov/Nchs/Data/Nhanes/Public/2013/DataFiles/MCQ_H.htm#SEQN
2013-2014,MCQ_H,MCQ010,Ever been told you have asthma,9770,9769,https://wwwn.cdc.gov/Nchs/Data/Nhanes/Public/2013/DataFiles/MCQ_H.htm#MCQ010
2013-2014,MCQ_H,MCQ025,Age when first had asthma,9770,1538,https://wwwn.cdc.gov/Nchs/Data/Nhanes/Public/2013/DataFiles/MCQ_H.htm#MCQ025
2013-2014,MCQ_H,MCQ035,Still have asthma,9770,1538,https://wwwn.cdc.gov/Nchs/Data/Nhanes/Public/2013/DataFiles/MCQ_H.htm#MCQ035
2013-2014,MCQ_H,MCQ040,Had asthma attack in past year,9770,939,https://wwwn.cdc.gov/Nchs/Data/Nhanes/Public/2013/DataFiles/MCQ_H.htm#MCQ040
2013-2014,MCQ_H,MCQ050,Emergency care visit for asthma/past yr,9770,939,https://wwwn.cdc.gov/Nchs/Data/Nhanes/Public/2013/DataFiles/MCQ_H.htm#MCQ050
2013-2014,MCQ_H,MCQ053,Taking treatment for anemia/past 3 mos,9770,9769,https://wwwn.cdc.gov/Nchs/Data/Nhanes/Public/2013/DataFiles/MCQ_H.htm#MCQ053
2013-2014,MCQ_H,MCQ070,Ever been told you have psoriasis?,9770,6464,https://wwwn.cdc.gov/Nchs/Data/Nhanes/Public/2013/DataFiles/MCQ_H.htm#MCQ070
2013-2014,MCQ_H,MCQ075,Degree of Psoriasis,9770,162,https://wwwn.cdc.gov/Nchs/Data/Nhanes/Public/2013/DataFiles/MCQ_H.htm#MCQ075
2013-2014,MCQ_H,MCQ080,Doctor ever said you were overweight,9770,6464,https://wwwn.cdc.gov/Nchs/Data/Nhanes/Public/2013/DataFiles/MCQ_H.htm#MCQ080
2013-2014,MCQ_H,MCQ082,Ever been told you have celiac disease?,9770,8572,https://wwwn.cdc.gov/Nchs/Data/Nhanes/Public/2013/DataFiles/MCQ_H.htm#MCQ082
2013-2014,MCQ_H,MCQ084,Difficulties in thinking or remembering,9770,1840,https://wwwn.cdc.gov/Nchs/Data/Nhanes/Public/2013/DataFiles/MCQ_H.htm#MCQ084
2013-2014,MCQ_H,MCQ086,Are you on a gluten-free diet?,9770,8572,https://wwwn.cdc.gov/Nchs/Data/Nhanes/Public/2013/DataFiles/MCQ_H.htm#MCQ086
2013-2014,MCQ_H,MCQ092,Ever receive blood transfusion,9770,8572,https://wwwn.cdc.gov/Nchs/Data/Nhanes/Public/2013/DataFiles/MCQ_H.htm#MCQ092
2013-2014,MCQ_H,MCD093,Year receive blood transfusion,9770,732,https://wwwn.cdc.gov/Nchs/Data/Nhanes/Public/2013/DataFiles/MCQ_H.htm#MCD093
2013-2014,MCQ_H,MCQ149,Menstrual periods started yet?,9770,432,https://wwwn.cdc.gov/Nchs/Data/Nhanes/Public/2013/DataFiles/MCQ_H.htm#MCQ149
2013-2014,MCQ_H,MCQ151,Age at first menstrual period,9770,38,https://wwwn.cdc.gov/Nchs/Data/Nhanes/Public/2013/DataFiles/MCQ_H.htm#MCQ151
2013-2014,MCQ_H,MCQ160A,,9770,5769,https://wwwn.cdc.gov/Nchs/Data/Nhanes/Public/2013/DataFiles/MCQ_H.htm#MCQ160A
2013-2014,MCQ_H,MCQ180A,,9770,1508,https://wwwn.cdc.gov/Nchs/Data/Nhanes/Public/2013/DataFiles/MCQ_H.htm#MCQ180A
2013-2014,MCQ_H,MCQ195,Which type of arthritis was it?,9770,1508,https://wwwn.cdc.gov/Nchs/Data/Nhanes/Public/2013/DataFiles/MCQ_H.htm#MCQ195
2013-2014,MCQ_H,MCQ160N,,9770,5769,https://wwwn.cdc.gov/Nchs/Data/Nhanes/Public/2013/DataFiles/MCQ_H.htm#MCQ160N
2013-2014,MCQ_H,MCQ180N,,9770,234,https://wwwn.cdc.gov/Nchs/Data/Nhanes/Public/2013/DataFiles/MCQ_H.htm#MCQ180N
2013-2014,MCQ_H,MCQ160B,,9770,5769,https://wwwn.cdc.gov/Nchs/Data/Nhanes/Public/2013/DataFiles/MCQ_H.htm#MCQ160B
2013-2014,MCQ_H,MCQ180B,,9770,182,https://wwwn.cdc.gov/Nchs/Data/Nhanes/Public/2013/DataFiles/MCQ_H.htm#MCQ180B
2013-2014,MCQ_H,MCQ160C,,9770,5769,https://wwwn.cdc.gov/Nchs/Data/Nhanes/Public/2013/DataFiles/MCQ_H.htm#MCQ160C
2013-2014,MCQ_H,MCQ180C,,9770,232,https://wwwn.cdc.gov/Nchs/Data/Nhanes/Public/2013/DataFiles/MCQ_H.htm#MCQ180C
2013-2014,MCQ_H,MCQ160D,,9770,5769,https://wwwn.cdc.gov/Nchs/Data/Nhanes/Public/2013/DataFiles/MCQ_H.htm#MCQ160D
2013-2014,MCQ_H,MCQ180D,,9770,136,https://wwwn.cdc.gov/Nchs/Data/Nhanes/Public/2013/DataFiles/MCQ_H.htm#MCQ180D
2013-2014,MCQ_H,MCQ160E,,9770,5769,https://wwwn.cdc.gov/Nchs/Data/Nhanes/Public/2013/DataFiles/MCQ_H.htm#MCQ160E
2013-2014,MCQ_H,MCQ180E,,9770,229,https://wwwn.cdc.gov/Nchs/Data/Nhanes/Public/2013/DataFiles/MCQ_H.htm#MCQ180E
2013-2014,MCQ_H,MCQ160F,,9770,5769,https://wwwn.cdc.gov/Nchs/Data/Nhanes/Public/2013/DataFiles/MCQ_H.htm#MCQ160F
2013-2014,MCQ_H,MCQ180F,,9770,202,https://wwwn.cdc.gov/Nchs/Data/Nhanes/Public/2013/DataFiles/MCQ_H.htm#MCQ180F
2013-2014,MCQ_H,MCQ160G,,9770,5769,https://wwwn.cdc.gov/Nchs/Data/Nhanes/Public/2013/DataFiles/MCQ_H.htm#MCQ160G
2013-2014,MCQ_H,MCQ180G,,9770,95,https://wwwn.cdc.gov/Nchs/Data/Nhanes/Public/2013/DataFiles/MCQ_H.htm#MCQ180G
2013-2014,MCQ_H,MCQ160M,,9770,5769,https://wwwn.cdc.gov/Nchs/Data/Nhanes/Public/2013/DataFiles/MCQ_H.htm#MCQ160M
2013-2014,MCQ_H,MCQ170M,,9770,601,https://wwwn.cdc.gov/Nchs/Data/Nhanes/Public/2013/DataFiles/MCQ_H.htm#MCQ170M
2013-2014,MCQ_H,MCQ180M,,9770,601,https://wwwn.cdc.gov/Nchs/Data/Nhanes/Public/2013/DataFiles/MCQ_H.htm#MCQ180M
2013-2014,MCQ_H,MCQ160K,,9770,5769,https://wwwn.cdc.gov/Nchs/Data/Nhanes/Public/2013/DataFiles/MCQ_H.htm#MCQ160K
2013-2014,MCQ_H,MCQ170K,,9770,320,https://wwwn.cdc.gov/Nchs/Data/Nhanes/Public/2013/DataFiles/MCQ_H.htm#MCQ170K
2013-2014,MCQ_H,MCQ180K,,9770,320,https://wwwn.cdc.gov/Nchs/Data/Nhanes/Public/2013/DataFiles/MCQ_H.htm#MCQ180K
2013-2014,MCQ_H,MCQ160L,,9770,5769,https://wwwn.cdc.gov/Nchs/Data/Nhanes/Public/2013/DataFiles/MCQ_H.htm#MCQ160L
2013-2014,MCQ_H,MCQ170L,,9770,234,https://wwwn.cdc.gov/Nchs/Data/Nhanes/Public/2013/DataFiles/MCQ_H.htm#MCQ170L
2013-2014,MCQ_H,MCQ180L,,9770,234,https://wwwn.cdc.gov/Nchs/Data/Nhanes/Public/2013/DataFiles/MCQ_H.htm#MCQ180L
2013-2014,MCQ_H,MCQ160O,,9770,5769,https://wwwn.cdc.gov/Nchs/Data/Nhanes/Public/2013/DataFiles/MCQ_H.htm#MCQ160O
2013-2014,MCQ_H,MCQ203,Ever been told you have jaundice?,9770,8472,https://wwwn.cdc.gov/Nchs/Data/Nhanes/Public/2013/DataFiles/MCQ_H.htm#MCQ203
2013-2014,MCQ_H,MCQ206,Age when told you have jaundice?,9770,157,https://wwwn.cdc.gov/Nchs/Data/Nhanes/Public/2013/DataFiles/MCQ_H.htm#MCQ206
2013-2014,MCQ_H,MCQ220,Ever told you had cancer or malignancy,9770,5769,https://wwwn.cdc.gov/Nchs/Data/Nhanes/Public/2013/DataFiles/MCQ_H.htm#MCQ220
2013-2014,MCQ_H,MCQ230A,,9770,547,https://wwwn.cdc.gov/Nchs/Data/Nhanes/Public/2013/DataFiles/MCQ_H.htm#MCQ230A
2013-2014,MCQ_H,MCQ230B,,9770,61,https://wwwn.cdc.gov/Nchs/Data/Nhanes/Public/2013/DataFiles/MCQ_H.htm#MCQ230B
2013-2014,MCQ_H,MCQ230C,,9770,4,https://wwwn.cdc.gov/Nchs/Data/Nhanes/Public/2013/DataFiles/MCQ_H.htm#MCQ230C
2013-2014,MCQ_H,MCQ230D,,9770,2,https://wwwn.cdc.gov/Nchs/Data/Nhanes/Public/2013/DataFiles/MCQ_H.htm#MCQ230D
2013-2014,MCQ_H,MCQ240A,,9770,11,https://wwwn.cdc.gov/Nchs/Data/Nhanes/Public/2013/DataFiles/MCQ_H.htm#MCQ240A
2013-2014,MCQ_H,MCQ240AA,,9770,3,https://wwwn.cdc.gov/Nchs/Data/Nhanes/Public/2013/DataFiles/MCQ_H.htm#MCQ240AA
2013-2014,MCQ_H,MCQ240B,,9770,4,https://wwwn.cdc.gov/Nchs/Data/Nhanes/Public/2013/DataFiles/MCQ_H.htm#MCQ240B
2013-2014,MCQ_H,MCQ240BB,,9770,12,https://wwwn.cdc.gov/Nchs/Data/Nhanes/Public/2013/DataFiles/MCQ_H.htm#MCQ240BB
2013-2014,MCQ_H,MCQ240C,,9770,2,https://wwwn.cdc.gov/Nchs/Data/Nhanes/Public/2013/DataFiles/MCQ_H.htm#MCQ240C
2013-2014,MCQ_H,MCQ240CC,,9770,18,https://wwwn.cdc.gov/Nchs/Data/Nhanes/Public/2013/DataFiles/MCQ_H.htm#MCQ240CC
2013-2014,MCQ_H,MCQ240D,,9770,3,https://wwwn.cdc.gov/Nchs/Data/Nhanes/Public/2013/DataFiles/MCQ_H.htm#MCQ240D
2013-2014,MCQ_H,MCQ240DD,,9770,33,https://wwwn.cdc.gov/Nchs/Data/Nhanes/Public/2013/DataFiles/MCQ_H.htm#MCQ240DD
2013-2014,MCQ_H,MCQ240DK,,9770,4,https://wwwn.cdc.gov/Nchs/Data/Nhanes/Public/2013/DataFiles/MCQ_H.htm#MCQ240DK
2013-2014,MCQ_H,MCQ240E,,9770,101,https://wwwn.cdc.gov/Nchs/Data/Nhanes/Public/2013/DataFiles/MCQ_H.htm#MCQ240E
2013-2014,MCQ_H,MCQ240F,,9770,37,https://wwwn.cdc.gov/Nchs/Data/Nhanes/Public/2013/DataFiles/MCQ_H.htm#MCQ240F
2013-2014,MCQ_H,MCQ240G,,9770,28,https://wwwn.cdc.gov/Nchs/Data/Nhanes/Public/2013/DataFiles/MCQ_H.htm#MCQ240G
2013-2014,MCQ_H,MCQ240H,,9770,2,https://wwwn.cdc.gov/Nchs/Data/Nhanes/Public/2013/DataFiles/MCQ_H.htm#MCQ240H
2013-2014,MCQ_H,MCQ240I,,9770,0,https://wwwn.cdc.gov/Nchs/Data/Nhanes/Public/2013/DataFiles/MCQ_H.htm#MCQ240I
2013-2014,MCQ_H,MCQ240J,,9770,12,https://wwwn.cdc.gov/Nchs/Data/Nhanes/Public/2013/DataFiles/MCQ_H.htm#MCQ240J
2013-2014,MCQ_H,MCQ240K,,9770,4,https://wwwn.cdc.gov/Nchs/Data/Nhanes/Public/2013/DataFiles/MCQ_H.htm#MCQ240K
2013-2014,MCQ_H,MCQ240L,,9770,5,https://wwwn.cdc.gov/Nchs/Data/Nhanes/Public/2013/DataFiles/MCQ_H.htm#MCQ240L
2013-2014,MCQ_H,MCQ240M,,9770,5,https://wwwn.cdc.gov/Nchs/Data/Nhanes/Public/2013/DataFiles/MCQ_H.htm#MCQ240M
2013-2014,MCQ_H,MCQ240N,,9770,21,https://wwwn.cdc.gov/Nchs/Data/Nhanes/Public/2013/DataFiles/MCQ_H.htm#MCQ240N
2013-2014,MCQ_H,MCQ240O,,9770,11,https://wwwn.cdc.gov/Nchs/Data/Nhanes/Public/2013/DataFiles/MCQ_H.htm#MCQ240O
2013-2014,MCQ_H,MCQ240P,,9770,42,https://wwwn.cdc.gov/Nchs/Data/Nhanes/Public/2013/DataFiles/MCQ_H.htm#MCQ240P
2013-2014,MCQ_H,MCQ240Q,,9770,4,https://wwwn.cdc.gov/Nchs/Data/Nhanes/Public/2013/DataFiles/MCQ_H.htm#MCQ240Q
2013-2014,MCQ_H,MCQ240R,,9770,0,https://wwwn.cdc.gov/Nchs/Data/Nhanes/Public/2013/DataFiles/MCQ_H.htm#MCQ240R
2013-2014,MCQ_H,MCQ240S,,9770,10,https://wwwn.cdc.gov/Nchs/Data/Nhanes/Public/2013/DataFiles/MCQ_H.htm#MCQ240S
2013-2014,MCQ_H,MCQ240T,,9770,3,https://wwwn.cdc.gov/Nchs/Data/Nhanes/Public/2013/DataFiles/MCQ_H.htm#MCQ240T
2013-2014,MCQ_H,MCQ240U,,9770,68,https://wwwn.cdc.gov/Nchs/Data/Nhanes/Public/2013/DataFiles/MCQ_H.htm#MCQ240U
2013-2014,MCQ_H,MCQ240V,,9770,1,https://wwwn.cdc.gov/Nchs/Data/Nhanes/Public/2013/DataFiles/MCQ_H.htm#MCQ240V
2013-2014,MCQ_H,MCQ240W,,9770,105,https://wwwn.cdc.gov/Nchs/Data/Nhanes/Public/2013/DataFiles/MCQ_H.htm#MCQ240W
2013-2014,MCQ_H,MCQ240X,,9770,57,https://wwwn.cdc.gov/Nchs/Data/Nhanes/Public/2013/DataFiles/MCQ_H.htm#MCQ240X
2013-2014,MCQ_H,MCQ240Y,,9770,3,https://wwwn.cdc.gov/Nchs/Data/Nhanes/Public/2013/DataFiles/MCQ_H.htm#MCQ240Y
2013-2014,MCQ_H,MCQ240Z,,9770,3,https://wwwn.cdc.gov/Nchs/Data/Nhanes/Public/2013/DataFiles/MCQ_H.htm#MCQ240Z
2013-2014,MCQ_H,MCQ300A,,9770,5769,https://wwwn.cdc.gov/Nchs/Data/Nhanes/Public/2013/DataFiles/MCQ_H.htm#MCQ300A
2013-2014,MCQ_H,MCQ300B,,9770,8572,https://wwwn.cdc.gov/Nchs/Data/Nhanes/Public/2013/DataFiles/MCQ_H.htm#MCQ300B
2013-2014,MCQ_H,MCQ300C,,9770,5769,https://wwwn.cdc.gov/Nchs/Data/Nhanes/Public/2013/DataFiles/MCQ_H.htm#MCQ300C
2013-2014,MCQ_H,MCQ365A,,9770,6464,https://wwwn.cdc.gov/Nchs/Data/Nhanes/Public/2013/DataFiles/MCQ_H.htm#MCQ365A
2013-2014,MCQ_H,MCQ365B,,9770,6464,https://wwwn.cdc.gov/Nchs/Data/Nhanes/Public/2013/DataFiles/MCQ_H.htm#MCQ365B
2013-2014,MCQ_H,MCQ365C,,9770,6464,https://wwwn.cdc.gov/Nchs/Data/Nhanes/Public/2013/DataFiles/MCQ_H.htm#MCQ365C
2013-2014,MCQ_H,MCQ365D,,9770,6464,https://wwwn.cdc.gov/Nchs/Data/Nhanes/Public/2013/DataFiles/MCQ_H.htm#MCQ365D
2013-2014,MCQ_H,MCQ370A,,9770,6464,https://wwwn.cdc.gov/Nchs/Data/Nhanes/Public/2013/DataFiles/MCQ_H.htm#MCQ370A
2013-2014,MCQ_H,MCQ370B,,9770,6464,https://wwwn.cdc.gov/Nchs/Data/Nhanes/Public/2013/DataFiles/MCQ_H.htm#MCQ370B
2013-2014,MCQ_H,MCQ370C,,9770,6464,https://wwwn.cdc.gov/Nchs/Data/Nhanes/Public/2013/DataFiles/MCQ_H.htm#MCQ370C
2013-2014,MCQ_H,MCQ370D,,9770,6464,https://wwwn.cdc.gov/Nchs/Data/Nhanes/Public/2013/DataFiles/MCQ_H.htm#MCQ370D
2013-2014,MCQ_H,MCQ380,"Past 7 days, had trouble remembering",9770,1840,https://wwwn.cdc.gov/Nchs/Data/Nhanes/Public/2013/DataFiles/MCQ_H.htm#MCQ380
2013-2014,PAQ_H,SEQN,Respondent sequence number,9484,9484,https://wwwn.cdc.gov/Nchs/Data/Nhanes/Public/2013/DataFiles/PAQ_H.htm#SEQN
2013-2014,PAQ_H,PAQ605,Vigorous work activity,9484,7148,https://wwwn.cdc.gov/Nchs/Data/Nhanes/Public/2013/DataFiles/PAQ_H.htm#PAQ605
2013-2014,PAQ_H,PAQ610,Number of days vigorous work,9484,1172,https://wwwn.cdc.gov/Nchs/Data/Nhanes/Public/2013/DataFiles/PAQ_H.htm#PAQ610
2013-2014,PAQ_H,PAD615,Minutes vigorous-intensity work,9484,1168,https://wwwn.cdc.gov/Nchs/Data/Nhanes/Public/2013/DataFiles/PAQ_H.htm#PAD615
2013-2014,PAQ_H,PAQ620,Moderate work activity,9484,7148,https://wwwn.cdc.gov/Nchs/Data/Nhanes/Public/2013/DataFiles/PAQ_H.htm#PAQ620
2013-2014,PAQ_H,PAQ625,Number of days moderate work,9484,2307,https://wwwn.cdc.gov/Nchs/Data/Nhanes/Public/2013/DataFiles/PAQ_H.htm#PAQ625
2013-2014,PAQ_H,PAD630,Minutes moderate-intensity work,9484,2299,https://wwwn.cdc.gov/Nchs/Data/Nhanes/Public/2013/DataFiles/PAQ_H.htm#PAD630
2013-2014,PAQ_H,PAQ635,Walk or bicycle,9484,7147,https://wwwn.cdc.gov/Nchs/Data/Nhanes/Public/2013/DataFiles/PAQ_H.htm#PAQ635
2013-2014,PAQ_H,PAQ640,Number of days walk or bicycle,9484,2047,https://wwwn.cdc.gov/Nchs/Data/Nhanes/Public/2013/DataFiles/PAQ_H.htm#PAQ640
2013-2014,PAQ_H,PAD645,Minutes walk/bicycle for transportation,9484,2043,https://wwwn.cdc.gov/Nchs/Data/Nhanes/Public/2013/DataFiles/PAQ_H.htm#PAD645
2013-2014,PAQ_H,PAQ650,Vigorous recreational activities,9484,7147,https://wwwn.cdc.gov/Nchs/Data/Nhanes/Public/2013/DataFiles/PAQ_H.htm#PAQ650
2013-2014,PAQ_H,PAQ655,Days vigorous recreational activities,9484,2058,https://wwwn.cdc.gov/Nchs/Data/Nhanes/Public/2013/DataFiles/PAQ_H.htm#PAQ655
2013-2014,PAQ_H,PAD660,Minutes vigorous recreational activities,9484,2055,https://wwwn.cdc.gov/Nchs/Data/Nhanes/Public/2013/DataFiles/PAQ_H.htm#PAD660
2013-2014,PAQ_H,PAQ665,Moderate recreational activities,9484,7145,https://wwwn.cdc.gov/Nchs/Data/Nhanes/Public/2013/DataFiles/PAQ_H.htm#PAQ665
2013-2014,PAQ_H,PAQ670,Days moderate recreational activities,9484,3059,https://wwwn.cdc.gov/Nchs/Data/Nhanes/Public/2013/DataFiles/PAQ_H.htm#PAQ670
2013-2014,PAQ_H,PAD675,Minutes moderate recreational activities,9484,3056,https://wwwn.cdc.gov/Nchs/Data/Nhanes/Public/2013/DataFiles/PAQ_H.htm#PAD675
2013-2014,PAQ_H,PAD680,Minutes sedentary activity,9484,7139,https://wwwn.cdc.gov/Nchs/Data/Nhanes/Public/2013/DataFiles/PAQ_H.htm#PAD680
2013-2014,PAQ_H,PAQ706,Days physically active at least 60 min.,9484,2989,https://wwwn.cdc.gov/Nchs/Data/Nhanes/Public/2013/DataFiles/PAQ_H.htm#PAQ706
2013-2014,PAQ_H,PAQ710,Hours watch TV or videos past 30 days,9484,9448,https://wwwn.cdc.gov/Nchs/Data/Nhanes/Public/2013/DataFiles/PAQ_H.htm#PAQ710
2013-2014,PAQ_H,PAQ715,Hours use computer past 30 days,9484,9448,https://wwwn.cdc.gov/Nchs/Data/Nhanes/Public/2013/DataFiles/PAQ_H.htm#PAQ715
2013-2014,PAQ_H,PAQ722,Any physical activities past 7 days,9484,2707,https://wwwn.cdc.gov/Nchs/Data/Nhanes/Public/2013/DataFiles/PAQ_H.htm#PAQ722
2013-2014,PAQ_H,PAQ724A,,9484,126,https://wwwn.cdc.gov/Nchs/Data/Nhanes/Public/2013/DataFiles/PAQ_H.htm#PAQ724A
2013-2014,PAQ_H,PAQ724B,,9484,220,https://wwwn.cdc.gov/Nchs/Data/Nhanes/Public/2013/DataFiles/PAQ_H.htm#PAQ724B
2013-2014,PAQ_H,PAQ724C,,9484,443,https://wwwn.cdc.gov/Nchs/Data/Nhanes/Public/2013/DataFiles/PAQ_H.htm#PAQ724C
2013-2014,PAQ_H,PAQ724D,,9484,615,https://wwwn.cdc.gov/Nchs/Data/Nhanes/Public/2013/DataFiles/PAQ_H.htm#PAQ724D
2013-2014,PAQ_H,PAQ724E,,9484,42,https://wwwn.cdc.gov/Nchs/Data/Nhanes/Public/2013/DataFiles/PAQ_H.htm#PAQ724E
2013-2014,PAQ_H,PAQ724F,,9484,353,https://wwwn.cdc.gov/Nchs/Data/Nhanes/Public/2013/DataFiles/PAQ_H.htm#PAQ724F
2013-2014,PAQ_H,PAQ724G,,9484,10,https://wwwn.cdc.gov/Nchs/Data/Nhanes/Public/2013/DataFiles/PAQ_H.htm#PAQ724G
2013-2014,PAQ_H,PAQ724H,,9484,252,https://wwwn.cdc.gov/Nchs/Data/Nhanes/Public/2013/DataFiles/PAQ_H.htm#PAQ724H
2013-2014,PAQ_H,PAQ724I,,9484,15,https://wwwn.cdc.gov/Nchs/Data/Nhanes/Public/2013/DataFiles/PAQ_H.htm#PAQ724I
2013-2014,PAQ_H,PAQ724J,,9484,154,https://wwwn.cdc.gov/Nchs/Data/Nhanes/Public/2013/DataFiles/PAQ_H.htm#PAQ724J
2013-2014,PAQ_H,PAQ724K,,9484,49,https://wwwn.cdc.gov/Nchs/Data/Nhanes/Public/2013/DataFiles/PAQ_H.htm#PAQ724K
2013-2014,PAQ_H,PAQ724L,,9484,3,https://wwwn.cdc.gov/Nchs/Data/Nhanes/Public/2013/DataFiles/PAQ_H.htm#PAQ724L
2013-2014,PAQ_H,PAQ724M,,9484,11,https://wwwn.cdc.gov/Nchs/Data/Nhanes/Public/2013/DataFiles/PAQ_H.htm#PAQ724M
2013-2014,PAQ_H,PAQ724N,,9484,141,https://wwwn.cdc.gov/Nchs/Data/Nhanes/Public/2013/DataFiles/PAQ_H.htm#PAQ724N
2013-2014,PAQ_H,PAQ724O,,9484,7,https://wwwn.cdc.gov/Nchs/Data/Nhanes/Public/2013/DataFiles/PAQ_H.htm#PAQ724O
2013-2014,PAQ_H,PAQ724P,,9484,77,https://wwwn.cdc.gov/Nchs/Data/Nhanes/Public/2013/DataFiles/PAQ_H.htm#PAQ724P
2013-2014,PAQ_H,PAQ724Q,,9484,391,https://wwwn.cdc.gov/Nchs/Data/Nhanes/Public/2013/DataFiles/PAQ_H.htm#PAQ724Q
2013-2014,PAQ_H,PAQ724R,,9484,55,https://wwwn.cdc.gov/Nchs/Data/Nhanes/Public/2013/DataFiles/PAQ_H.htm#PAQ724R
2013-2014,PAQ_H,PAQ724S,,9484,926,https://wwwn.cdc.gov/Nchs/Data/Nhanes/Public/2013/DataFiles/PAQ_H.htm#PAQ724S
2013-2014,PAQ_H,PAQ724T,,9484,174,https://wwwn.cdc.gov/Nchs/Data/Nhanes/Public/2013/DataFiles/PAQ_H.htm#PAQ724T
2013-2014,PAQ_H,PAQ724U,,9484,79,https://wwwn.cdc.gov/Nchs/Data/Nhanes/Public/2013/DataFiles/PAQ_H.htm#PAQ724U
2013-2014,PAQ_H,PAQ724V,,9484,389,https://wwwn.cdc.gov/Nchs/Data/Nhanes/Public/2013/DataFiles/PAQ_H.htm#PAQ724V
2013-2014,PAQ_H,PAQ724W,,9484,272,https://wwwn.cdc.gov/Nchs/Data/Nhanes/Public/2013/DataFiles/PAQ_H.htm#PAQ724W
2013-2014,PAQ_H,PAQ724X,,9484,36,https://wwwn.cdc.gov/Nchs/Data/Nhanes/Public/2013/DataFiles/PAQ_H.htm#PAQ724X
2013-2014,PAQ_H,PAQ724Y,,9484,25,https://wwwn.cdc.gov/Nchs/Data/Nhanes/Public/2013/DataFiles/PAQ_H.htm#PAQ724Y
2013-2014,PAQ_H,PAQ724Z,,9484,46,https://wwwn.cdc.gov/Nchs/Data/Nhanes/Public/2013/DataFiles/PAQ_H.htm#PAQ724Z
2013-2014,PAQ_H,PAQ724AA,,9484,472,https://wwwn.cdc.gov/Nchs/Data/Nhanes/Public/2013/DataFiles/PAQ_H.htm#PAQ724AA
2013-2014,PAQ_H,PAQ724AB,,9484,107,https://wwwn.cdc.gov/Nchs/Data/Nhanes/Public/2013/DataFiles/PAQ_H.htm#PAQ724AB
2013-2014,PAQ_H,PAQ724AC,,9484,46,https://wwwn.cdc.gov/Nchs/Data/Nhanes/Public/2013/DataFiles/PAQ_H.htm#PAQ724AC
2013-2014,PAQ_H,PAQ724AD,,9484,881,https://wwwn.cdc.gov/Nchs/Data/Nhanes/Public/2013/DataFiles/PAQ_H.htm#PAQ724AD
2013-2014,PAQ_H,PAQ724AE,,9484,165,https://wwwn.cdc.gov/Nchs/Data/Nhanes/Public/2013/DataFiles/PAQ_H.htm#PAQ724AE
2013-2014,PAQ_H,PAQ724AF,,9484,14,https://wwwn.cdc.gov/Nchs/Data/Nhanes/Public/2013/DataFiles/PAQ_H.htm#PAQ724AF
2013-2014,PAQ_H,PAQ724CM,,9484,23,https://wwwn.cdc.gov/Nchs/Data/Nhanes/Public/2013/DataFiles/PAQ_H.htm#PAQ724CM
2013-2014,PAQ_H,PAQ731,Days played active video games,9484,2257,https://wwwn.cdc.gov/Nchs/Data/Nhanes/Public/2013/DataFiles/PAQ_H.htm#PAQ731
2013-2014,PAQ_H,PAD733,Minutes play active video games,9484,798,https://wwwn.cdc.gov/Nchs/Data/Nhanes/Public/2013/DataFiles/PAQ_H.htm#PAD733
2013-2014,PAQ_H,PAQ677,Past wk # days cardiovascular exercise,9484,679,https://wwwn.cdc.gov/Nchs/Data/Nhanes/Public/2013/DataFiles/PAQ_H.htm#PAQ677
2013-2014,PAQ_H,PAQ678,Past wk # days strengthened muscles,9484,679,https://wwwn.cdc.gov/Nchs/Data/Nhanes/Public/2013/DataFiles/PAQ_H.htm#PAQ678
2013-2014,PAQ_H,PAQ740,Use school facilities at lunch,9484,679,https://wwwn.cdc.gov/Nchs/Data/Nhanes/Public/2013/DataFiles/PAQ_H.htm#PAQ740
2013-2014,PAQ_H,PAQ742,Use school facilities for physical activ,9484,320,https://wwwn.cdc.gov/Nchs/Data/Nhanes/Public/2013/DataFiles/PAQ_H.htm#PAQ742
2013-2014,PAQ_H,PAQ744,Have PE during school days?,9484,679,https://wwwn.cdc.gov/Nchs/Data/Nhanes/Public/2013/DataFiles/PAQ_H.htm#PAQ744
2013-2014,PAQ_H,PAQ746,How often do you have PE or gym?,9484,556,https://wwwn.cdc.gov/Nchs/Data/Nhanes/Public/2013/DataFiles/PAQ_H.htm#PAQ746
2013-2014,PAQ_H,PAQ748,How long is the PE or gym class?,9484,556,https://wwwn.cdc.gov/Nchs/Data/Nhanes/Public/2013/DataFiles/PAQ_H.htm#PAQ748
2013-2014,PAQ_H,PAQ755,Participate in school sports?,9484,2257,https://wwwn.cdc.gov/Nchs/Data/Nhanes/Public/2013/DataFiles/PAQ_H.htm#PAQ755
2013-2014,PAQ_H,PAQ759A,,9484,120,https://wwwn.cdc.gov/Nchs/Data/Nhanes/Public/2013/DataFiles/PAQ_H.htm#PAQ759A
2013-2014,PAQ_H,PAQ759B,,9484,253,https://wwwn.cdc.gov/Nchs/Data/Nhanes/Public/2013/DataFiles/PAQ_H.htm#PAQ759B
2013-2014,PAQ_H,PAQ759C,,9484,4,https://wwwn.cdc.gov/Nchs/Data/Nhanes/Public/2013/DataFiles/PAQ_H.htm#PAQ759C
2013-2014,PAQ_H,PAQ759D,,9484,52,https://wwwn.cdc.gov/Nchs/Data/Nhanes/Public/2013/DataFiles/PAQ_H.htm#PAQ759D
2013-2014,PAQ_H,PAQ759E,,9484,134,https://wwwn.cdc.gov/Nchs/Data/Nhanes/Public/2013/DataFiles/PAQ_H.htm#PAQ759E
2013-2014,PAQ_H,PAQ759F,,9484,5,https://wwwn.cdc.gov/Nchs/Data/Nhanes/Public/2013/DataFiles/PAQ_H.htm#PAQ759F
2013-2014,PAQ_H,PAQ759G,,9484,40,https://wwwn.cdc.gov/Nchs/Data/Nhanes/Public/2013/DataFiles/PAQ_H.htm#PAQ759G
2013-2014,PAQ_H,PAQ759H,,9484,11,https://wwwn.cdc.gov/Nchs/Data/Nhanes/Public/2013/DataFiles/PAQ_H.htm#PAQ759H
2013-2014,PAQ_H,PAQ759I,,9484,9,https://wwwn.cdc.gov/Nchs/Data/Nhanes/Public/2013/DataFiles/PAQ_H.htm#PAQ759I
2013-2014,PAQ_H,PAQ759J,,9484,219,https://wwwn.cdc.gov/Nchs/Data/Nhanes/Public/2013/DataFiles/PAQ_H.htm#PAQ759J
2013-2014,PAQ_H,PAQ759K,,9484,42,https://wwwn.cdc.gov/Nchs/Data/Nhanes/Public/2013/DataFiles/PAQ_H.htm#PAQ759K
2013-2014,PAQ_H,PAQ759L,,9484,25,https://wwwn.cdc.gov/Nchs/Data/Nhanes/Public/2013/DataFiles/PAQ_H.htm#PAQ759L
2013-2014,PAQ_H,PAQ759M,,9484,77,https://wwwn.cdc.gov/Nchs/Data/Nhanes/Public/2013/DataFiles/PAQ_H.htm#PAQ759M
2013-2014,PAQ_H,PAQ759N,,9484,49,https://wwwn.cdc.gov/Nchs/Data/Nhanes/Public/2013/DataFiles/PAQ_H.htm#PAQ759N
2013-2014,PAQ_H,PAQ759O,,9484,28,https://wwwn.cdc.gov/Nchs/Data/Nhanes/Public/2013/DataFiles/PAQ_H.htm#PAQ759O
2013-2014,PAQ_H,PAQ759P,,9484,56,https://wwwn.cdc.gov/Nchs/Data/Nhanes/Public/2013/DataFiles/PAQ_H.htm#PAQ759P
2013-2014,PAQ_H,PAQ759Q,,9484,87,https://wwwn.cdc.gov/Nchs/Data/Nhanes/Public/2013/DataFiles/PAQ_H.htm#PAQ759Q
2013-2014,PAQ_H,PAQ759R,,9484,4,https://wwwn.cdc.gov/Nchs/Data/Nhanes/Public/2013/DataFiles/PAQ_H.htm#PAQ759R
2013-2014,PAQ_H,PAQ759S,,9484,115,https://wwwn.cdc.gov/Nchs/Data/Nhanes/Public/2013/DataFiles/PAQ_H.htm#PAQ759S
2013-2014,PAQ_H,PAQ759T,,9484,1,https://wwwn.cdc.gov/Nchs/Data/Nhanes/Public/2013/DataFiles/PAQ_H.htm#PAQ759T
2013-2014,PAQ_H,PAQ759U,,9484,15,https://wwwn.cdc.gov/Nchs/Data/Nhanes/Public/2013/DataFiles/PAQ_H.htm#PAQ759U
2013-2014,PAQ_H,PAQ759V,,9484,3,https://wwwn.cdc.gov/Nchs/Data/Nhanes/Public/2013/DataFiles/PAQ_H.htm#PAQ759V
2013-2014,PAQ_H,PAQ762,Do you have recess during school?,9484,1578,https://wwwn.cdc.gov/Nchs/Data/Nhanes/Public/2013/DataFiles/PAQ_H.htm#PAQ762
2013-2014,PAQ_H,PAQ764,How often do you have recess?,9484,1467,https://wwwn.cdc.gov/Nchs/Data/Nhanes/Public/2013/DataFiles/PAQ_H.htm#PAQ764
2013-2014,PAQ_H,PAQ766,How long is the recess period?,9484,1452,https://wwwn.cdc.gov/Nchs/Data/Nhanes/Public/2013/DataFiles/PAQ_H.htm#PAQ766
2013-2014,PAQ_H,PAQ679,How much exercise for good health,9484,672,https://wwwn.cdc.gov/Nchs/Data/Nhanes/Public/2013/DataFiles/PAQ_H.htm#PAQ679
2013-2014,PAQ_H,PAQ750,Enjoy participating in PE or recess,9484,2250,https://wwwn.cdc.gov/Nchs/Data/Nhanes/Public/2013/DataFiles/PAQ_H.htm#PAQ750
2013-2014,PAQ_H,PAQ770,Receive physical fitness award past yr,9484,2257,https://wwwn.cdc.gov/Nchs/Data/Nhanes/Public/2013/DataFiles/PAQ_H.htm#PAQ770
2013-2014,PAQ_H,PAQ772A,,9484,49,https://wwwn.cdc.gov/Nchs/Data/Nhanes/Public/2013/DataFiles/PAQ_H.htm#PAQ772A
2013-2014,PAQ_H,PAQ772B,,9484,45,https://wwwn.cdc.gov/Nchs/Data/Nhanes/Public/2013/DataFiles/PAQ_H.htm#PAQ772B
2013-2014,PAQ_H,PAQ772C,,9484,75,https://wwwn.cdc.gov/Nchs/Data/Nhanes/Public/2013/DataFiles/PAQ_H.htm#PAQ772C
2013-2014,PFQ_H,SEQN,Respondent sequence number,9230,9230,https://wwwn.cdc.gov/Nchs/Data/Nhanes/Public/2013/DataFiles/PFQ_H.htm#SEQN
2013-2014,PFQ_H,PFQ020,"Crawl, walk, run, play limitations",9230,3461,https://wwwn.cdc.gov/Nchs/Data/Nhanes/Public/2013/DataFiles/PFQ_H.htm#PFQ020
2013-2014,PFQ_H,PFQ030,Long term impairment/health problem,9230,128,https://wwwn.cdc.gov/Nchs/Data/Nhanes/Public/2013/DataFiles/PFQ_H.htm#PFQ030
2013-2014,PFQ_H,PFQ033,Impairment requiring special equipment,9230,105,https://wwwn.cdc.gov/Nchs/Data/Nhanes/Public/2013/DataFiles/PFQ_H.htm#PFQ033
2013-2014,PFQ_H,PFQ041,Receive Special Ed or Early Intervention,9230,3117,https://wwwn.cdc.gov/Nchs/Data/Nhanes/Public/2013/DataFiles/PFQ_H.htm#PFQ041
2013-2014,PFQ_H,PFQ049,Limitations keeping you from working,9230,5769,https://wwwn.cdc.gov/Nchs/Data/Nhanes/Public/2013/DataFiles/PFQ_H.htm#PFQ049
2013-2014,PFQ_H,PFQ051,Limited in amount of work you can do,9230,5769,https://wwwn.cdc.gov/Nchs/Data/Nhanes/Public/2013/DataFiles/PFQ_H.htm#PFQ051
2013-2014,PFQ_H,PFQ054,Need special equipment to walk,9230,5769,https://wwwn.cdc.gov/Nchs/Data/Nhanes/Public/2013/DataFiles/PFQ_H.htm#PFQ054
2013-2014,PFQ_H,PFQ057,Experience confusion/memory problems,9230,5769,https://wwwn.cdc.gov/Nchs/Data/Nhanes/Public/2013/DataFiles/PFQ_H.htm#PFQ057
2013-2014,PFQ_H,PFQ059,"Physical, mental, emotional limitations",9230,4270,https://wwwn.cdc.gov/Nchs/Data/Nhanes/Public/2013/DataFiles/PFQ_H.htm#PFQ059
2013-2014,PFQ_H,PFQ061A,Managing money difficulty,9230,2595,https://wwwn.cdc.gov/Nchs/Data/Nhanes/Public/2013/DataFiles/PFQ_H.htm#PFQ061A
2013-2014,PFQ_H,PFQ061B,Walking for a quarter mile difficulty,9230,2003,https://wwwn.cdc.gov/Nchs/Data/Nhanes/Public/2013/DataFiles/PFQ_H.htm#PFQ061B
2013-2014,PFQ_H,PFQ061C,Walking up ten steps difficulty,9230,2003,https://wwwn.cdc.gov/Nchs/Data/Nhanes/Public/2013/DataFiles/PFQ_H.htm#PFQ061C
2013-2014,PFQ_H,PFQ061D,"Stooping, crouching, kneeling difficulty",9230,2595,https://wwwn.cdc.gov/Nchs/Data/Nhanes/Public/2013/DataFiles/PFQ_H.htm#PFQ061D
2013-2014,PFQ_H,PFQ061E,Lifting or carrying difficulty,9230,2595,https://wwwn.cdc.gov/Nchs/Data/Nhanes/Public/2013/DataFiles/PFQ_H.htm#PFQ061E
2013-2014,PFQ_H,PFQ061F,House chore difficulty,9230,2595,https://wwwn.cdc.gov/Nchs/Data/Nhanes/Public/2013/DataFiles/PFQ_H.htm#PFQ061F
2013-2014,PFQ_H,PFQ061G,Preparing meals difficulty,9230,2595,https://wwwn.cdc.gov/Nchs/Data/Nhanes/Public/2013/DataFiles/PFQ_H.htm#PFQ061G
2013-2014,PFQ_H,PFQ061H,Walking between rooms on same floor,9230,2595,https://wwwn.cdc.gov/Nchs/Data/Nhanes/Public/2013/DataFiles/PFQ_H.htm#PFQ061H
2013-2014,PFQ_H,PFQ061I,Standingup from armless chair difficulty,9230,2595,https://wwwn.cdc.gov/Nchs/Data/Nhanes/Public/2013/DataFiles/PFQ_H.htm#PFQ061I
2013-2014,PFQ_H,PFQ061J,Getting in and out of bed difficulty,9230,2595,https://wwwn.cdc.gov/Nchs/Data/Nhanes/Public/2013/DataFiles/PFQ_H.htm#PFQ061J
2013-2014,PFQ_H,PFQ061K,"Using fork, knife, drinking from cup",9230,2595,https://wwwn.cdc.gov/Nchs/Data/Nhanes/Public/2013/DataFiles/PFQ_H.htm#PFQ061K
2013-2014,PFQ_H,PFQ061L,Dressing yourself difficulty,9230,2595,https://wwwn.cdc.gov/Nchs/Data/Nhanes/Public/2013/DataFiles/PFQ_H.htm#PFQ061L
2013-2014,PFQ_H,PFQ061M,Standing for long periods difficulty,9230,2595,https://wwwn.cdc.gov/Nchs/Data/Nhanes/Public/2013/DataFiles/PFQ_H.htm#PFQ061M
2013-2014,PFQ_H,PFQ061N,Sitting for long periods difficulty,9230,2595,https://wwwn.cdc.gov/Nchs/Data/Nhanes/Public/2013/DataFiles/PFQ_H.htm#PFQ061N
2013-2014,PFQ_H,PFQ061O,Reaching up over head difficulty,9230,2595,https://wwwn.cdc.gov/Nchs/Data/Nhanes/Public/2013/DataFiles/PFQ_H.htm#PFQ061O
2013-2014,PFQ_H,PFQ061P,Grasp/holding small objects difficulty,9230,2595,https://wwwn.cdc.gov/Nchs/Data/Nhanes/Public/2013/DataFiles/PFQ_H.htm#PFQ061P
2013-2014,PFQ_H,PFQ061Q,"Going out to movies, events difficulty",9230,2595,https://wwwn.cdc.gov/Nchs/Data/Nhanes/Public/2013/DataFiles/PFQ_H.htm#PFQ061Q
2013-2014,PFQ_H,PFQ061R,Attending social event difficulty,9230,2595,https://wwwn.cdc.gov/Nchs/Data/Nhanes/Public/2013/DataFiles/PFQ_H.htm#PFQ061R
2013-2014,PFQ_H,PFQ061S,Leisure activity at home difficulty,9230,2595,https://wwwn.cdc.gov/Nchs/Data/Nhanes/Public/2013/DataFiles/PFQ_H.htm#PFQ061S
2013-2014,PFQ_H,PFQ061T,Push or pull large objects difficulty,9230,2595,https://wwwn.cdc.gov/Nchs/Data/Nhanes/Public/2013/DataFiles/PFQ_H.htm#PFQ061T
2013-2014,PFQ_H,PFQ063A,Health problems causing difficulty,9230,1824,https://wwwn.cdc.gov/Nchs/Data/Nhanes/Public/2013/DataFiles/PFQ_H.htm#PFQ063A
2013-2014,PFQ_H,PFQ063B,Health problems causing difficulty,9230,1115,https://wwwn.cdc.gov/Nchs/Data/Nhanes/Public/2013/DataFiles/PFQ_H.htm#PFQ063B
2013-2014,PFQ_H,PFQ063C,Health problems causing difficulty,9230,698,https://wwwn.cdc.gov/Nchs/Data/Nhanes/Public/2013/DataFiles/PFQ_H.htm#PFQ063C
2013-2014,PFQ_H,PFQ063D,Health problems causing difficulty,9230,449,https://wwwn.cdc.gov/Nchs/Data/Nhanes/Public/2013/DataFiles/PFQ_H.htm#PFQ063D
2013-2014,PFQ_H,PFQ063E,Health problems causing difficulty,9230,262,https://wwwn.cdc.gov/Nchs/Data/Nhanes/Public/2013/DataFiles/PFQ_H.htm#PFQ063E
2013-2014,PFQ_H,PFQ090,Require special healthcare equipment,9230,5769,https://wwwn.cdc.gov/Nchs/Data/Nhanes/Public/2013/DataFiles/PFQ_H.htm#PFQ090
2013-2014,RXQ_RX_H,SEQN,Respondent sequence number,20194,20194,https://wwwn.cdc.gov/Nchs/Data/Nhanes/Public/2013/DataFiles/RXQ_RX_H.htm#SEQN
2013-2014,RXQ_RX_H,RXDUSE,"Taken prescription medicine, past month",20194,20194,https://wwwn.cdc.gov/Nchs/Data/Nhanes/Public/2013/DataFiles/RXQ_RX_H.htm#RXDUSE
2013-2014,RXQ_RX_H,RXDCOUNT,Number of prescription medicines taken,20194,14100,https://wwwn.cdc.gov/Nchs/Data/Nhanes/Public/2013/DataFiles/RXQ_RX_H.htm#RXDCOUNT
2013-2014,SMQ_H,SEQN,Respondent sequence number,7168,7168,https://wwwn.cdc.gov/Nchs/Data/Nhanes/Public/2013/DataFiles/SMQ_H.htm#SEQN
2013-2014,SMQ_H,SMQ020,Smoked at least 100 cigarettes in life,7168,6113,https://wwwn.cdc.gov/Nchs/Data/Nhanes/Public/2013/DataFiles/SMQ_H.htm#SMQ020
2015-2016,ALQ_I,SEQN,Respondent sequence number,5735,5735,https://wwwn.cdc.gov/Nchs/Data/Nhanes/Public/2015/DataFiles/ALQ_I.htm#SEQN
2015-2016,ALQ_I,ALQ101,Had at least 12 alcohol drinks/1 yr?,5735,5208,https://wwwn.cdc.gov/Nchs/Data/Nhanes/Public/2015/DataFiles/ALQ_I.htm#ALQ101
2015-2016,ALQ_I,ALQ110,Had at least 12 alcohol drinks/lifetime?,5735,1731,https://wwwn.cdc.gov/Nchs/Data/Nhanes/Public/2015/DataFiles/ALQ_I.htm#ALQ110
2015-2016,ALQ_I,ALQ120Q,How often drink alcohol over past 12 mos,5735,4224,https://wwwn.cdc.gov/Nchs/Data/Nhanes/Public/2015/DataFiles/ALQ_I.htm#ALQ120Q
2015-2016,ALQ_I,ALQ120U,"# days drink alcohol per wk, mo, yr",5735,3376,https://wwwn.cdc.gov/Nchs/Data/Nhanes/Public/2015/DataFiles/ALQ_I.htm#ALQ120U
2015-2016,ALQ_I,ALQ130,Avg # alcoholic drinks/day - past 12 mos,5735,3379,https://wwwn.cdc.gov/Nchs/Data/Nhanes/Public/2015/DataFiles/ALQ_I.htm#ALQ130
2015-2016,BIOPRO_I,SEQN,Respondent sequence number,6744,6744,https://wwwn.cdc.gov/Nchs/Data/Nhanes/Public/2015/DataFiles/BIOPRO_I.htm#SEQN
2015-2016,BIOPRO_I,LBXSAPSI,Alkaline Phosphatase (ALP) (IU/L),6744,6255,https://wwwn.cdc.gov/Nchs/Data/Nhanes/Public/2015/DataFiles/BIOPRO_I.htm#LBXSAPSI
2015-2016,BIOPRO_I,LBXSBU,Blood Urea Nitrogen (mg/dL),6744,6255,https://wwwn.cdc.gov/Nchs/Data/Nhanes/Public/2015/DataFiles/BIOPRO_I.htm#LBXSBU
2015-2016,BIOPRO_I,LBDSBUSI,Blood Urea Nitrogen (mmol/L),6744,6255,https://wwwn.cdc.gov/Nchs/Data/Nhanes/Public/2015/DataFiles/BIOPRO_I.htm#LBDSBUSI
2015-2016,BIOPRO_I,LBXSC3SI,Bicarbonate (mmol/L),6744,6257,https://wwwn.cdc.gov/Nchs/Data/Nhanes/Public/2015/DataFiles/BIOPRO_I.htm#LBXSC3SI
2015-2016,BIOPRO_I,LBXSCA,Total Calcium (mg/dL),6744,6257,https://wwwn.cdc.gov/Nchs/Data/Nhanes/Public/2015/DataFiles/BIOPRO_I.htm#LBXSCA
2015-2016,BIOPRO_I,LBDSCASI,Total Calcium (mmol/L),6744,6257,https://wwwn.cdc.gov/Nchs/Data/Nhanes/Public/2015/DataFiles/BIOPRO_I.htm#LBDSCASI
2015-2016,BIOPRO_I,LBXSLDSI,Lactate Dehydrogenase (LDH) (U/L),6744,6256,https://wwwn.cdc.gov/Nchs/Data/Nhanes/Public/2015/DataFiles/BIOPRO_I.htm#LBXSLDSI
2015-2016,BIOPRO_I,LBXSUA,Uric acid (mg/dL),6744,6254,https://wwwn.cdc.gov/Nchs/Data/Nhanes/Public/2015/DataFiles/BIOPRO_I.htm#LBXSUA
2015-2016,BIOPRO_I,LBDSUASI,Uric acid (umol/L),6744,6254,https://wwwn.cdc.gov/Nchs/Data/Nhanes/Public/2015/DataFiles/BIOPRO_I.htm#LBDSUASI
2015-2016,BMX_I,SEQN,Respondent sequence number,9544,9544,https://wwwn.cdc.gov/Nchs/Data/Nhanes/Public/2015/DataFiles/BMX_I.htm#SEQN
2015-2016,BMX_I,BMXBMI,Body Mass Index (kg/m**2),9544,8756,https://wwwn.cdc.gov/Nchs/Data/Nhanes/Public/2015/DataFiles/BMX_I.htm#BMXBMI
2015-2016,BPQ_I,SEQN,Respondent sequence number,6327,6327,https://wwwn.cdc.gov/Nchs/Data/Nhanes/Public/2015/DataFiles/BPQ_I.htm#SEQN
2015-2016,BPQ_I,BPQ020,Ever told you had high blood pressure,6327,6327,https://wwwn.cdc.gov/Nchs/Data/Nhanes/Public/2015/DataFiles/BPQ_I.htm#BPQ020
2015-2016,BPQ_I,BPQ030,Told had high blood pressure - 2+ times,6327,2090,https://wwwn.cdc.gov/Nchs/Data/Nhanes/Public/2015/DataFiles/BPQ_I.htm#BPQ030
2015-2016,BPQ_I,BPQ040A,Taking prescription for hypertension,6327,2090,https://wwwn.cdc.gov/Nchs/Data/Nhanes/Public/2015/DataFiles/BPQ_I.htm#BPQ040A
2015-2016,BPQ_I,BPQ050A,Now taking prescribed medicine for HBP,6327,1851,https://wwwn.cdc.gov/Nchs/Data/Nhanes/Public/2015/DataFiles/BPQ_I.htm#BPQ050A
2015-2016,BPQ_I,BPQ080,Doctor told you - high cholesterol level,6327,6327,https://wwwn.cdc.gov/Nchs/Data/Nhanes/Public/2015/DataFiles/BPQ_I.htm#BPQ080
2015-2016,BPQ_I,BPQ060,Ever had blood cholesterol checked,6327,4367,https://wwwn.cdc.gov/Nchs/Data/Nhanes/Public/2015/DataFiles/BPQ_I.htm#BPQ060
2015-2016,BPQ_I,BPQ070,When blood cholesterol last checked,6327,4638,https://wwwn.cdc.gov/Nchs/Data/Nhanes/Public/2015/DataFiles/BPQ_I.htm#BPQ070
2015-2016,BPQ_I,BPQ090D,Told to take prescriptn for cholesterol,6327,4638,https://wwwn.cdc.gov/Nchs/Data/Nhanes/Public/2015/DataFiles/BPQ_I.htm#BPQ090D
2015-2016,BPQ_I,BPQ100D,Now taking prescribed medicine,6327,1524,https://wwwn.cdc.gov/Nchs/Data/Nhanes/Public/2015/DataFiles/BPQ_I.htm#BPQ100D
2015-2016,BPX_I,SEQN,Respondent sequence number,9544,9544,https://wwwn.cdc.gov/Nchs/Data/Nhanes/Public/2015/DataFiles/BPX_I.htm#SEQN
2015-2016,BPX_I,BPXCHR,60 sec HR (30 sec HR * 2),9544,1938,https://wwwn.cdc.gov/Nchs/Data/Nhanes/Public/2015/DataFiles/BPX_I.htm#BPXCHR
2015-2016,BPX_I,BPXPLS,60 sec. pulse (30 sec. pulse * 2),9544,7376,https://wwwn.cdc.gov/Nchs/Data/Nhanes/Public/2015/DataFiles/BPX_I.htm#BPXPLS
2015-2016,BPX_I,BPXPULS,Pulse regular or irregular?,9544,9314,https://wwwn.cdc.gov/Nchs/Data/Nhanes/Public/2015/DataFiles/BPX_I.htm#BPXPULS
2015-2016,BPX_I,BPXPTY,Pulse type,9544,7376,https://wwwn.cdc.gov/Nchs/Data/Nhanes/Public/2015/DataFiles/BPX_I.htm#BPXPTY
2015-2016,BPX_I,BPXML1,MIL: maximum inflation levels (mm Hg),9544,7371,https://wwwn.cdc.gov/Nchs/Data/Nhanes/Public/2015/DataFiles/BPX_I.htm#BPXML1
2015-2016,BPX_I,BPXSY1,Systolic: Blood pres (1st rdg) mm Hg,9544,7145,https://wwwn.cdc.gov/Nchs/Data/Nhanes/Public/2015/DataFiles/BPX_I.htm#BPXSY1
2015-2016,BPX_I,BPXDI1,Diastolic: Blood pres (1st rdg) mm Hg,9544,7145,https://wwwn.cdc.gov/Nchs/Data/Nhanes/Public/2015/DataFiles/BPX_I.htm#BPXDI1
2015-2016,BPX_I,BPXSY2,Systolic: Blood pres (2nd rdg) mm Hg,9544,7313,https://wwwn.cdc.gov/Nchs/Data/Nhanes/Public/2015/DataFiles/BPX_I.htm#BPXSY2
2015-2016,BPX_I,BPXDI2,Diastolic: Blood pres (2nd rdg) mm Hg,9544,7313,https://wwwn.cdc.gov/Nchs/Data/Nhanes/Public/2015/DataFiles/BPX_I.htm#BPXDI2
2015-2016,BPX_I,BPXSY3,Systolic: Blood pres (3rd rdg) mm Hg,9544,7276,https://wwwn.cdc.gov/Nchs/Data/Nhanes/Public/2015/DataFiles/BPX_I.htm#BPXSY3
2015-2016,BPX_I,BPXDI3,Diastolic: Blood pres (3rd rdg) mm Hg,9544,7276,https://wwwn.cdc.gov/Nchs/Data/Nhanes/Public/2015/DataFiles/BPX_I.htm#BPXDI3
2015-2016,BPX_I,BPXSY4,Systolic: Blood pres (4th rdg) mm Hg,9544,324,https://wwwn.cdc.gov/Nchs/Data/Nhanes/Public/2015/DataFiles/BPX_I.htm#BPXSY4
2015-2016,BPX_I,BPXDI4,Diastolic: Blood pres (4th rdg) mm Hg,9544,324,https://wwwn.cdc.gov/Nchs/Data/Nhanes/Public/2015/DataFiles/BPX_I.htm#BPXDI4
2015-2016,CBC_I,SEQN,Respondent sequence number,9165,9165,https://wwwn.cdc.gov/Nchs/Data/Nhanes/Public/2015/DataFiles/CBC_I.htm#SEQN
2015-2016,CBC_I,LBXWBCSI,White blood cell count (1000 cells/uL),9165,8117,https://wwwn.cdc.gov/Nchs/Data/Nhanes/Public/2015/DataFiles/CBC_I.htm#LBXWBCSI
2015-2016,CBC_I,LBXLYPCT,Lymphocyte percent (%),9165,8116,https://wwwn.cdc.gov/Nchs/Data/Nhanes/Public/2015/DataFiles/CBC_I.htm#LBXLYPCT
2015-2016,CBC_I,LBXMOPCT,Monocyte percent (%),9165,8116,https://wwwn.cdc.gov/Nchs/Data/Nhanes/Public/2015/DataFiles/CBC_I.htm#LBXMOPCT
2015-2016,CBC_I,LBXNEPCT,Segmented neutrophils percent (%),9165,8116,https://wwwn.cdc.gov/Nchs/Data/Nhanes/Public/2015/DataFiles/CBC_I.htm#LBXNEPCT
2015-2016,CBC_I,LBDLYMNO,Lymphocyte number (1000 cells/uL),9165,8116,https://wwwn.cdc.gov/Nchs/Data/Nhanes/Public/2015/DataFiles/CBC_I.htm#LBDLYMNO
2015-2016,CBC_I,LBDMONO,Monocyte number (1000 cells/uL),9165,8116,https://wwwn.cdc.gov/Nchs/Data/Nhanes/Public/2015/DataFiles/CBC_I.htm#LBDMONO
2015-2016,CBC_I,LBDNENO,Segmented neutrophils num (1000 cell/uL),9165,8116,https://wwwn.cdc.gov/Nchs/Data/Nhanes/Public/2015/DataFiles/CBC_I.htm#LBDNENO
2015-2016,CBC_I,LBXRDW,Red cell distribution width (%),9165,8117,https://wwwn.cdc.gov/Nchs/Data/Nhanes/Public/2015/DataFiles/CBC_I.htm#LBXRDW
2015-2016,CBC_I,LBXPLTSI,Platelet count (1000 cells/uL),9165,8117,https://wwwn.cdc.gov/Nchs/Data/Nhanes/Public/2015/DataFiles/CBC_I.htm#LBXPLTSI
2015-2016,DEMO_I,SEQN,Respondent sequence number,9971,9971,https://wwwn.cdc.gov/Nchs/Data/Nhanes/Public/2015/DataFiles/DEMO_I.htm#SEQN
2015-2016,DEMO_I,SDDSRVYR,Data release cycle,9971,9971,https://wwwn.cdc.gov/Nchs/Data/Nhanes/Public/2015/DataFiles/DEMO_I.htm#SDDSRVYR
2015-2016,DEMO_I,RIAGENDR,Gender,9971,9971,https://wwwn.cdc.gov/Nchs/Data/Nhanes/Public/2015/DataFiles/DEMO_I.htm#RIAGENDR
2015-2016,DEMO_I,RIDAGEYR,Age in years at screening,9971,9971,https://wwwn.cdc.gov/Nchs/Data/Nhanes/Public/2015/DataFiles/DEMO_I.htm#RIDAGEYR
2015-2016,DEMO_I,RIDRETH1,Race/Hispanic origin,9971,9971,https://wwwn.cdc.gov/Nchs/Data/Nhanes/Public/2015/DataFiles/DEMO_I.htm#RIDRETH1
2015-2016,DEMO_I,RIDRETH3,Race/Hispanic origin w/ NH Asian,9971,9971,https://wwwn.cdc.gov/Nchs/Data/Nhanes/Public/2015/DataFiles/DEMO_I.htm#RIDRETH3
2015-2016,DEMO_I,DMDEDUC2,Education level - Adults 20+,9971,5719,https://wwwn.cdc.gov/Nchs/Data/Nhanes/Public/2015/DataFiles/DEMO_I.htm#DMDEDUC2
2015-2016,DEMO_I,WTINT2YR,Full sample 2 year interview weight,9971,9971,https://wwwn.cdc.gov/Nchs/Data/Nhanes/Public/2015/DataFiles/DEMO_I.htm#WTINT2YR
2015-2016,DEMO_I,WTMEC2YR,Full sample 2 year MEC exam weight,9971,9971,https://wwwn.cdc.gov/Nchs/Data/Nhanes/Public/2015/DataFiles/DEMO_I.htm#WTMEC2YR
2015-2016,DEMO_I,SDMVPSU,Masked variance pseudo-PSU,9971,9971,https://wwwn.cdc.gov/Nchs/Data/Nhanes/Public/2015/DataFiles/DEMO_I.htm#SDMVPSU
2015-2016,DEMO_I,SDMVSTRA,Masked variance pseudo-stratum,9971,9971,https://wwwn.cdc.gov/Nchs/Data/Nhanes/Public/2015/DataFiles/DEMO_I.htm#SDMVSTRA
2015-2016,DEMO_I,INDFMPIR,Ratio of family income to poverty,9971,8919,https://wwwn.cdc.gov/Nchs/Data/Nhanes/Public/2015/DataFiles/DEMO_I.htm#INDFMPIR
2015-2016,DIQ_I,SEQN,Respondent sequence number,9575,9575,https://wwwn.cdc.gov/Nchs/Data/Nhanes/Public/2015/DataFiles/DIQ_I.htm#SEQN
2015-2016,DIQ_I,DIQ010,Doctor told you have diabetes,9575,9575,https://wwwn.cdc.gov/Nchs/Data/Nhanes/Public/2015/DataFiles/DIQ_I.htm#DIQ010
2015-2016,DIQ_I,DIQ160,Ever told you have prediabetes,9575,6045,https://wwwn.cdc.gov/Nchs/Data/Nhanes/Public/2015/DataFiles/DIQ_I.htm#DIQ160
2015-2016,DIQ_I,DIQ170,Ever told have health risk for diabetes,9575,6186,https://wwwn.cdc.gov/Nchs/Data/Nhanes/Public/2015/DataFiles/DIQ_I.htm#DIQ170
2015-2016,DIQ_I,DIQ172,Feel could be at risk for diabetes,9575,6186,https://wwwn.cdc.gov/Nchs/Data/Nhanes/Public/2015/DataFiles/DIQ_I.htm#DIQ172
2015-2016,DIQ_I,DIQ175A,Family history,9575,1186,https://wwwn.cdc.gov/Nchs/Data/Nhanes/Public/2015/DataFiles/DIQ_I.htm#DIQ175A
2015-2016,DIQ_I,DIQ175B,Overweight,9575,601,https://wwwn.cdc.gov/Nchs/Data/Nhanes/Public/2015/DataFiles/DIQ_I.htm#DIQ175B
2015-2016,DIQ_I,DIQ175C,Age,9575,160,https://wwwn.cdc.gov/Nchs/Data/Nhanes/Public/2015/DataFiles/DIQ_I.htm#DIQ175C
2015-2016,DIQ_I,DIQ175D,Poor diet,9575,459,https://wwwn.cdc.gov/Nchs/Data/Nhanes/Public/2015/DataFiles/DIQ_I.htm#DIQ175D
2015-2016,DIQ_I,DIQ175E,Race,9575,155,https://wwwn.cdc.gov/Nchs/Data/Nhanes/Public/2015/DataFiles/DIQ_I.htm#DIQ175E
2015-2016,DIQ_I,DIQ175F,Had a baby weighed over 9 lbs. at birth,9575,53,https://wwwn.cdc.gov/Nchs/Data/Nhanes/Public/2015/DataFiles/DIQ_I.htm#DIQ175F
2015-2016,DIQ_I,DIQ175G,Lack of physical activity,9575,280,https://wwwn.cdc.gov/Nchs/Data/Nhanes/Public/2015/DataFiles/DIQ_I.htm#DIQ175G
2015-2016,DIQ_I,DIQ175H,High blood pressure,9575,258,https://wwwn.cdc.gov/Nchs/Data/Nhanes/Public/2015/DataFiles/DIQ_I.htm#DIQ175H
2015-2016,DIQ_I,DIQ175I,High blood sugar,9575,77,https://wwwn.cdc.gov/Nchs/Data/Nhanes/Public/2015/DataFiles/DIQ_I.htm#DIQ175I
2015-2016,DIQ_I,DIQ175J,High cholesterol,9575,150,https://wwwn.cdc.gov/Nchs/Data/Nhanes/Public/2015/DataFiles/DIQ_I.htm#DIQ175J
2015-2016,DIQ_I,DIQ175K,Hypoglycemic,9575,31,https://wwwn.cdc.gov/Nchs/Data/Nhanes/Public/2015/DataFiles/DIQ_I.htm#DIQ175K
2015-2016,DIQ_I,DIQ175L,Extreme hunger,9575,59,https://wwwn.cdc.gov/Nchs/Data/Nhanes/Public/2015/DataFiles/DIQ_I.htm#DIQ175L
2015-2016,DIQ_I,DIQ175M,Tingling/numbness in hands or feet,9575,138,https://wwwn.cdc.gov/Nchs/Data/Nhanes/Public/2015/DataFiles/DIQ_I.htm#DIQ175M
2015-2016,DIQ_I,DIQ175N,Blurred vision,9575,109,https://wwwn.cdc.gov/Nchs/Data/Nhanes/Public/2015/DataFiles/DIQ_I.htm#DIQ175N
2015-2016,DIQ_I,DIQ175O,Increased fatigue,9575,134,https://wwwn.cdc.gov/Nchs/Data/Nhanes/Public/2015/DataFiles/DIQ_I.htm#DIQ175O
2015-2016,DIQ_I,DIQ175P,Anyone could be at risk,9575,117,https://wwwn.cdc.gov/Nchs/Data/Nhanes/Public/2015/DataFiles/DIQ_I.htm#DIQ175P
2015-2016,DIQ_I,DIQ175Q,Doctor warning,9575,136,https://wwwn.cdc.gov/Nchs/Data/Nhanes/Public/2015/DataFiles/DIQ_I.htm#DIQ175Q
2015-2016,DIQ_I,DIQ175R,"Other, specify",9575,23,https://wwwn.cdc.gov/Nchs/Data/Nhanes/Public/2015/DataFiles/DIQ_I.htm#DIQ175R
2015-2016,DIQ_I,DIQ175S,Gestational diabetes,9575,31,https://wwwn.cdc.gov/Nchs/Data/Nhanes/Public/2015/DataFiles/DIQ_I.htm#DIQ175S
2015-2016,DIQ_I,DIQ175T,Frequent urination,9575,105,https://wwwn.cdc.gov/Nchs/Data/Nhanes/Public/2015/DataFiles/DIQ_I.htm#DIQ175T
2015-2016,DIQ_I,DIQ175U,Thirst,9575,79,https://wwwn.cdc.gov/Nchs/Data/Nhanes/Public/2015/DataFiles/DIQ_I.htm#DIQ175U
2015-2016,DIQ_I,DIQ175V,Craving for sweet/eating a lot of sugar,9575,11,https://wwwn.cdc.gov/Nchs/Data/Nhanes/Public/2015/DataFiles/DIQ_I.htm#DIQ175V
2015-2016,DIQ_I,DIQ175W,Medication,9575,4,https://wwwn.cdc.gov/Nchs/Data/Nhanes/Public/2015/DataFiles/DIQ_I.htm#DIQ175W
2015-2016,DIQ_I,DIQ175X,Polycystic ovarian syndrome,9575,1,https://wwwn.cdc.gov/Nchs/Data/Nhanes/Public/2015/DataFiles/DIQ_I.htm#DIQ175X
2015-2016,DIQ_I,DIQ180,Had blood tested past three years,9575,6186,https://wwwn.cdc.gov/Nchs/Data/Nhanes/Public/2015/DataFiles/DIQ_I.htm#DIQ180
2015-2016,DIQ_I,DIQ050,Taking insulin now,9575,9575,https://wwwn.cdc.gov/Nchs/Data/Nhanes/Public/2015/DataFiles/DIQ_I.htm#DIQ050
2015-2016,DIQ_I,DIQ060U,Unit of measure (month/year),9575,249,https://wwwn.cdc.gov/Nchs/Data/Nhanes/Public/2015/DataFiles/DIQ_I.htm#DIQ060U
2015-2016,DIQ_I,DIQ070,Take diabetic pills to lower blood sugar,9575,1515,https://wwwn.cdc.gov/Nchs/Data/Nhanes/Public/2015/DataFiles/DIQ_I.htm#DIQ070
2015-2016,DIQ_I,DIQ230,How long ago saw a diabetes specialist,9575,853,https://wwwn.cdc.gov/Nchs/Data/Nhanes/Public/2015/DataFiles/DIQ_I.htm#DIQ230
2015-2016,DIQ_I,DIQ240,Is there one Dr you see for diabetes,9575,853,https://wwwn.cdc.gov/Nchs/Data/Nhanes/Public/2015/DataFiles/DIQ_I.htm#DIQ240
2015-2016,DIQ_I,DIQ260U,Unit of measure (day/week/month/year),9575,661,https://wwwn.cdc.gov/Nchs/Data/Nhanes/Public/2015/DataFiles/DIQ_I.htm#DIQ260U
2015-2016,DIQ_I,DIQ275,Past year Dr checked for A1C,9575,853,https://wwwn.cdc.gov/Nchs/Data/Nhanes/Public/2015/DataFiles/DIQ_I.htm#DIQ275
2015-2016,DIQ_I,DIQ280,What was your last A1C level,9575,641,https://wwwn.cdc.gov/Nchs/Data/Nhanes/Public/2015/DataFiles/DIQ_I.htm#DIQ280
2015-2016,DIQ_I,DIQ291,What does Dr say A1C should be,9575,641,https://wwwn.cdc.gov/Nchs/Data/Nhanes/Public/2015/DataFiles/DIQ_I.htm#DIQ291
2015-2016,DIQ_I,DIQ300S,What was your recent SBP,9575,845,https://wwwn.cdc.gov/Nchs/Data/Nhanes/Public/2015/DataFiles/DIQ_I.htm#DIQ300S
2015-2016,DIQ_I,DIQ300D,What was your recent DBP,9575,845,https://wwwn.cdc.gov/Nchs/Data/Nhanes/Public/2015/DataFiles/DIQ_I.htm#DIQ300D
2015-2016,DIQ_I,DIQ350U,Unit of measure (day/week/month/year),9575,699,https://wwwn.cdc.gov/Nchs/Data/Nhanes/Public/2015/DataFiles/DIQ_I.htm#DIQ350U
2015-2016,DIQ_I,DIQ360,Last time had pupils dilated for exam,9575,846,https://wwwn.cdc.gov/Nchs/Data/Nhanes/Public/2015/DataFiles/DIQ_I.htm#DIQ360
2015-2016,DIQ_I,DIQ080,Diabetes affected eyes/had retinopathy,9575,846,https://wwwn.cdc.gov/Nchs/Data/Nhanes/Public/2015/DataFiles/DIQ_I.htm#DIQ080
2015-2016,DR1TOT_I,SEQN,Respondent sequence number,9544,9544,https://wwwn.cdc.gov/Nchs/Data/Nhanes/Public/2015/DataFiles/DR1TOT_I.htm#SEQN
2015-2016,DR1TOT_I,DR1DRSTZ,Dietary recall status,9544,9544,https://wwwn.cdc.gov/Nchs/Data/Nhanes/Public/2015/DataFiles/DR1TOT_I.htm#DR1DRSTZ
2015-2016,DR1TOT_I,DRDINT,Number of days of intake,9544,8506,https://wwwn.cdc.gov/Nchs/Data/Nhanes/Public/2015/DataFiles/DR1TOT_I.htm#DRDINT
2015-2016,DR1TOT_I,DR1TKCAL,Energy (kcal),9544,8327,https://wwwn.cdc.gov/Nchs/Data/Nhanes/Public/2015/DataFiles/DR1TOT_I.htm#DR1TKCAL
2015-2016,DR2TOT_I,SEQN,Respondent sequence number,9544,9544,https://wwwn.cdc.gov/Nchs/Data/Nhanes/Public/2015/DataFiles/DR2TOT_I.htm#SEQN
2015-2016,DR2TOT_I,DR2DRSTZ,Dietary recall status,9544,9544,https://wwwn.cdc.gov/Nchs/Data/Nhanes/Public/2015/DataFiles/DR2TOT_I.htm#DR2DRSTZ
2015-2016,DR2TOT_I,DRDINT,Number of days of intake,9544,8506,https://wwwn.cdc.gov/Nchs/Data/Nhanes/Public/2015/DataFiles/DR2TOT_I.htm#DRDINT
2015-2016,DR2TOT_I,DR2TKCAL,Energy (kcal),9544,6875,https://wwwn.cdc.gov/Nchs/Data/Nhanes/Public/2015/DataFiles/DR2TOT_I.htm#DR2TKCAL
2015-2016,HSQ_I,SEQN,Respondent sequence number,9165,9165,https://wwwn.cdc.gov/Nchs/Data/Nhanes/Public/2015/DataFiles/HSQ_I.htm#SEQN
2015-2016,HSQ_I,HSD010,General health condition,9165,6166,https://wwwn.cdc.gov/Nchs/Data/Nhanes/Public/2015/DataFiles/HSQ_I.htm#HSD010
2015-2016,HUQ_I,SEQN,Respondent sequence number,9971,9971,https://wwwn.cdc.gov/Nchs/Data/Nhanes/Public/2015/DataFiles/HUQ_I.htm#SEQN
2015-2016,HUQ_I,HUQ010,General health condition,9971,9971,https://wwwn.cdc.gov/Nchs/Data/Nhanes/Public/2015/DataFiles/HUQ_I.htm#HUQ010
2015-2016,HUQ_I,HUQ020,Health now compared with 1 year ago,9971,9575,https://wwwn.cdc.gov/Nchs/Data/Nhanes/Public/2015/DataFiles/HUQ_I.htm#HUQ020
2015-2016,HUQ_I,HUQ030,Routine place to go for healthcare,9971,9971,https://wwwn.cdc.gov/Nchs/Data/Nhanes/Public/2015/DataFiles/HUQ_I.htm#HUQ030
2015-2016,HUQ_I,HUQ041,Type place most often go for healthcare,9971,8631,https://wwwn.cdc.gov/Nchs/Data/Nhanes/Public/2015/DataFiles/HUQ_I.htm#HUQ041
2015-2016,HUQ_I,HUQ051,#times receive healthcare over past year,9971,9971,https://wwwn.cdc.gov/Nchs/Data/Nhanes/Public/2015/DataFiles/HUQ_I.htm#HUQ051
2015-2016,HUQ_I,HUQ061,How long since last healthcare visit,9971,1421,https://wwwn.cdc.gov/Nchs/Data/Nhanes/Public/2015/DataFiles/HUQ_I.htm#HUQ061
2015-2016,HUQ_I,HUQ071,Overnight hospital patient in last year,9971,9971,https://wwwn.cdc.gov/Nchs/Data/Nhanes/Public/2015/DataFiles/HUQ_I.htm#HUQ071
2015-2016,HUQ_I,HUD080,#times overnite hospital patient/last yr,9971,869,https://wwwn.cdc.gov/Nchs/Data/Nhanes/Public/2015/DataFiles/HUQ_I.htm#HUD080
2015-2016,HUQ_I,HUQ090,Seen mental health professional/past yr,9971,8794,https://wwwn.cdc.gov/Nchs/Data/Nhanes/Public/2015/DataFiles/HUQ_I.htm#HUQ090
2015-2016,KIQ_U_I,SEQN,Respondent sequence number,5719,5719,https://wwwn.cdc.gov/Nchs/Data/Nhanes/Public/2015/DataFiles/KIQ_U_I.htm#SEQN
2015-2016,KIQ_U_I,KIQ022,Ever told you had weak/failing kidneys,5719,5719,https://wwwn.cdc.gov/Nchs/Data/Nhanes/Public/2015/DataFiles/KIQ_U_I.htm#KIQ022
2015-2016,KIQ_U_I,KIQ025,Received dialysis in past 12 months,5719,239,https://wwwn.cdc.gov/Nchs/Data/Nhanes/Public/2015/DataFiles/KIQ_U_I.htm#KIQ025
2015-2016,KIQ_U_I,KIQ026,Ever had kidney stones?,5719,5719,https://wwwn.cdc.gov/Nchs/Data/Nhanes/Public/2015/DataFiles/KIQ_U_I.htm#KIQ026
2015-2016,KIQ_U_I,KIQ029,Pass kidney stone in past 12 months?,5719,606,https://wwwn.cdc.gov/Nchs/Data/Nhanes/Public/2015/DataFiles/KIQ_U_I.htm#KIQ029
2015-2016,KIQ_U_I,KIQ005,How often have urinary leakage,5719,4951,https://wwwn.cdc.gov/Nchs/Data/Nhanes/Public/2015/DataFiles/KIQ_U_I.htm#KIQ005
2015-2016,KIQ_U_I,KIQ010,How much urine lose each time?,5719,1544,https://wwwn.cdc.gov/Nchs/Data/Nhanes/Public/2015/DataFiles/KIQ_U_I.htm#KIQ010
2015-2016,KIQ_U_I,KIQ042,Leak urine during physical activities,5719,4951,https://wwwn.cdc.gov/Nchs/Data/Nhanes/Public/2015/DataFiles/KIQ_U_I.htm#KIQ042
2015-2016,KIQ_U_I,KIQ430,How frequently does this occur?,5719,1134,https://wwwn.cdc.gov/Nchs/Data/Nhanes/Public/2015/DataFiles/KIQ_U_I.htm#KIQ430
2015-2016,KIQ_U_I,KIQ044,Urinated before reaching the toilet,5719,4951,https://wwwn.cdc.gov/Nchs/Data/Nhanes/Public/2015/DataFiles/KIQ_U_I.htm#KIQ044
2015-2016,KIQ_U_I,KIQ450,How frequently does this occur?,5719,1183,https://wwwn.cdc.gov/Nchs/Data/Nhanes/Public/2015/DataFiles/KIQ_U_I.htm#KIQ450
2015-2016,KIQ_U_I,KIQ046,Leak urine during nonphysical activities,5719,4951,https://wwwn.cdc.gov/Nchs/Data/Nhanes/Public/2015/DataFiles/KIQ_U_I.htm#KIQ046
2015-2016,KIQ_U_I,KIQ470,How frequently does this occur?,5719,479,https://wwwn.cdc.gov/Nchs/Data/Nhanes/Public/2015/DataFiles/KIQ_U_I.htm#KIQ470
2015-2016,KIQ_U_I,KIQ050,How much did urine leakage bother you,5719,1872,https://wwwn.cdc.gov/Nchs/Data/Nhanes/Public/2015/DataFiles/KIQ_U_I.htm#KIQ050
2015-2016,KIQ_U_I,KIQ052,How much were daily activities affected,5719,1872,https://wwwn.cdc.gov/Nchs/Data/Nhanes/Public/2015/DataFiles/KIQ_U_I.htm#KIQ052
2015-2016,KIQ_U_I,KIQ480,How many times urinate in night?,5719,4951,https://wwwn.cdc.gov/Nchs/Data/Nhanes/Public/2015/DataFiles/KIQ_U_I.htm#KIQ480
2015-2016,MCQ_I,SEQN,Respondent sequence number,9575,9575,https://wwwn.cdc.gov/Nchs/Data/Nhanes/Public/2015/DataFiles/MCQ_I.htm#SEQN
2015-2016,MCQ_I,MCQ010,Ever been told you have asthma,9575,9575,https://wwwn.cdc.gov/Nchs/Data/Nhanes/Public/2015/DataFiles/MCQ_I.htm#MCQ010
2015-2016,MCQ_I,MCQ025,Age when first had asthma,9575,1443,https://wwwn.cdc.gov/Nchs/Data/Nhanes/Public/2015/DataFiles/MCQ_I.htm#MCQ025
2015-2016,MCQ_I,MCQ035,Still have asthma,9575,1443,https://wwwn.cdc.gov/Nchs/Data/Nhanes/Public/2015/DataFiles/MCQ_I.htm#MCQ035
2015-2016,MCQ_I,MCQ040,Had asthma attack in past year,9575,877,https://wwwn.cdc.gov/Nchs/Data/Nhanes/Public/2015/DataFiles/MCQ_I.htm#MCQ040
2015-2016,MCQ_I,MCQ050,Emergency care visit for asthma/past yr,9575,877,https://wwwn.cdc.gov/Nchs/Data/Nhanes/Public/2015/DataFiles/MCQ_I.htm#MCQ050
2015-2016,MCQ_I,MCQ053,Taking treatment for anemia/past 3 mos,9575,9575,https://wwwn.cdc.gov/Nchs/Data/Nhanes/Public/2015/DataFiles/MCQ_I.htm#MCQ053
2015-2016,MCQ_I,MCQ080,Doctor ever said you were overweight,9575,6327,https://wwwn.cdc.gov/Nchs/Data/Nhanes/Public/2015/DataFiles/MCQ_I.htm#MCQ080
2015-2016,MCQ_I,MCQ092,Ever receive blood transfusion,9575,8366,https://wwwn.cdc.gov/Nchs/Data/Nhanes/Public/2015/DataFiles/MCQ_I.htm#MCQ092
2015-2016,MCQ_I,MCD093,Year receive blood transfusion,9575,660,https://wwwn.cdc.gov/Nchs/Data/Nhanes/Public/2015/DataFiles/MCQ_I.htm#MCD093
2015-2016,MCQ_I,MCQ149,Menstrual periods started yet?,9575,439,https://wwwn.cdc.gov/Nchs/Data/Nhanes/Public/2015/DataFiles/MCQ_I.htm#MCQ149
2015-2016,MCQ_I,MCQ151,Age at first menstrual period,9575,50,https://wwwn.cdc.gov/Nchs/Data/Nhanes/Public/2015/DataFiles/MCQ_I.htm#MCQ151
2015-2016,MCQ_I,MCQ160A,,9575,5719,https://wwwn.cdc.gov/Nchs/Data/Nhanes/Public/2015/DataFiles/MCQ_I.htm#MCQ160A
2015-2016,MCQ_I,MCQ180A,,9575,1470,https://wwwn.cdc.gov/Nchs/Data/Nhanes/Public/2015/DataFiles/MCQ_I.htm#MCQ180A
2015-2016,MCQ_I,MCQ195,Which type of arthritis was it?,9575,1470,https://wwwn.cdc.gov/Nchs/Data/Nhanes/Public/2015/DataFiles/MCQ_I.htm#MCQ195
2015-2016,MCQ_I,MCQ160N,,9575,5719,https://wwwn.cdc.gov/Nchs/Data/Nhanes/Public/2015/DataFiles/MCQ_I.htm#MCQ160N
2015-2016,MCQ_I,MCQ180N,,9575,271,https://wwwn.cdc.gov/Nchs/Data/Nhanes/Public/2015/DataFiles/MCQ_I.htm#MCQ180N
2015-2016,MCQ_I,MCQ160B,,9575,5719,https://wwwn.cdc.gov/Nchs/Data/Nhanes/Public/2015/DataFiles/MCQ_I.htm#MCQ160B
2015-2016,MCQ_I,MCQ180B,,9575,214,https://wwwn.cdc.gov/Nchs/Data/Nhanes/Public/2015/DataFiles/MCQ_I.htm#MCQ180B
2015-2016,MCQ_I,MCQ160C,,9575,5719,https://wwwn.cdc.gov/Nchs/Data/Nhanes/Public/2015/DataFiles/MCQ_I.htm#MCQ160C
2015-2016,MCQ_I,MCQ180C,,9575,244,https://wwwn.cdc.gov/Nchs/Data/Nhanes/Public/2015/DataFiles/MCQ_I.htm#MCQ180C
2015-2016,MCQ_I,MCQ160D,,9575,5719,https://wwwn.cdc.gov/Nchs/Data/Nhanes/Public/2015/DataFiles/MCQ_I.htm#MCQ160D
2015-2016,MCQ_I,MCQ180D,,9575,133,https://wwwn.cdc.gov/Nchs/Data/Nhanes/Public/2015/DataFiles/MCQ_I.htm#MCQ180D
2015-2016,MCQ_I,MCQ160E,,9575,5719,https://wwwn.cdc.gov/Nchs/Data/Nhanes/Public/2015/DataFiles/MCQ_I.htm#MCQ160E
2015-2016,MCQ_I,MCQ180E,,9575,251,https://wwwn.cdc.gov/Nchs/Data/Nhanes/Public/2015/DataFiles/MCQ_I.htm#MCQ180E
2015-2016,MCQ_I,MCQ160F,,9575,5719,https://wwwn.cdc.gov/Nchs/Data/Nhanes/Public/2015/DataFiles/MCQ_I.htm#MCQ160F
2015-2016,MCQ_I,MCQ180F,,9575,209,https://wwwn.cdc.gov/Nchs/Data/Nhanes/Public/2015/DataFiles/MCQ_I.htm#MCQ180F
2015-2016,MCQ_I,MCQ160G,,9575,5719,https://wwwn.cdc.gov/Nchs/Data/Nhanes/Public/2015/DataFiles/MCQ_I.htm#MCQ160G
2015-2016,MCQ_I,MCQ180G,,9575,125,https://wwwn.cdc.gov/Nchs/Data/Nhanes/Public/2015/DataFiles/MCQ_I.htm#MCQ180G
2015-2016,MCQ_I,MCQ160M,,9575,5719,https://wwwn.cdc.gov/Nchs/Data/Nhanes/Public/2015/DataFiles/MCQ_I.htm#MCQ160M
2015-2016,MCQ_I,MCQ170M,,9575,622,https://wwwn.cdc.gov/Nchs/Data/Nhanes/Public/2015/DataFiles/MCQ_I.htm#MCQ170M
2015-2016,MCQ_I,MCQ180M,,9575,622,https://wwwn.cdc.gov/Nchs/Data/Nhanes/Public/2015/DataFiles/MCQ_I.htm#MCQ180M
2015-2016,MCQ_I,MCQ160K,,9575,5719,https://wwwn.cdc.gov/Nchs/Data/Nhanes/Public/2015/DataFiles/MCQ_I.htm#MCQ160K
2015-2016,MCQ_I,MCQ170K,,9575,304,https://wwwn.cdc.gov/Nchs/Data/Nhanes/Public/2015/DataFiles/MCQ_I.htm#MCQ170K
2015-2016,MCQ_I,MCQ180K,,9575,304,https://wwwn.cdc.gov/Nchs/Data/Nhanes/Public/2015/DataFiles/MCQ_I.htm#MCQ180K
2015-2016,MCQ_I,MCQ160L,,9575,5719,https://wwwn.cdc.gov/Nchs/Data/Nhanes/Public/2015/DataFiles/MCQ_I.htm#MCQ160L
2015-2016,MCQ_I,MCQ170L,,9575,259,https://wwwn.cdc.gov/Nchs/Data/Nhanes/Public/2015/DataFiles/MCQ_I.htm#MCQ170L
2015-2016,MCQ_I,MCQ180L,,9575,259,https://wwwn.cdc.gov/Nchs/Data/Nhanes/Public/2015/DataFiles/MCQ_I.htm#MCQ180L
2015-2016,MCQ_I,MCQ160O,,9575,5719,https://wwwn.cdc.gov/Nchs/Data/Nhanes/Public/2015/DataFiles/MCQ_I.htm#MCQ160O
2015-2016,MCQ_I,MCQ203,Ever been told you have jaundice?,9575,8366,https://wwwn.cdc.gov/Nchs/Data/Nhanes/Public/2015/DataFiles/MCQ_I.htm#MCQ203
2015-2016,MCQ_I,MCQ206,Age when told you have jaundice?,9575,174,https://wwwn.cdc.gov/Nchs/Data/Nhanes/Public/2015/DataFiles/MCQ_I.htm#MCQ206
2015-2016,MCQ_I,MCQ220,Ever told you had cancer or malignancy,9575,5719,https://wwwn.cdc.gov/Nchs/Data/Nhanes/Public/2015/DataFiles/MCQ_I.htm#MCQ220
2015-2016,MCQ_I,MCQ230A,,9575,549,https://wwwn.cdc.gov/Nchs/Data/Nhanes/Public/2015/DataFiles/MCQ_I.htm#MCQ230A
2015-2016,MCQ_I,MCQ230B,,9575,63,https://wwwn.cdc.gov/Nchs/Data/Nhanes/Public/2015/DataFiles/MCQ_I.htm#MCQ230B
2015-2016,MCQ_I,MCQ230C,,9575,8,https://wwwn.cdc.gov/Nchs/Data/Nhanes/Public/2015/DataFiles/MCQ_I.htm#MCQ230C
2015-2016,MCQ_I,MCQ230D,,9575,0,https://wwwn.cdc.gov/Nchs/Data/Nhanes/Public/2015/DataFiles/MCQ_I.htm#MCQ230D
2015-2016,MCQ_I,MCQ240A,,9575,22,https://wwwn.cdc.gov/Nchs/Data/Nhanes/Public/2015/DataFiles/MCQ_I.htm#MCQ240A
2015-2016,MCQ_I,MCQ240AA,,9575,4,https://wwwn.cdc.gov/Nchs/Data/Nhanes/Public/2015/DataFiles/MCQ_I.htm#MCQ240AA
2015-2016,MCQ_I,MCQ240B,,9575,2,https://wwwn.cdc.gov/Nchs/Data/Nhanes/Public/2015/DataFiles/MCQ_I.htm#MCQ240B
2015-2016,MCQ_I,MCQ240BB,,9575,13,https://wwwn.cdc.gov/Nchs/Data/Nhanes/Public/2015/DataFiles/MCQ_I.htm#MCQ240BB
2015-2016,MCQ_I,MCQ240C,,9575,2,https://wwwn.cdc.gov/Nchs/Data/Nhanes/Public/2015/DataFiles/MCQ_I.htm#MCQ240C
2015-2016,MCQ_I,MCQ240CC,,9575,33,https://wwwn.cdc.gov/Nchs/Data/Nhanes/Public/2015/DataFiles/MCQ_I.htm#MCQ240CC
2015-2016,MCQ_I,MCQ240D,,9575,0,https://wwwn.cdc.gov/Nchs/Data/Nhanes/Public/2015/DataFiles/MCQ_I.htm#MCQ240D
2015-2016,MCQ_I,MCQ240DD,,9575,33,https://wwwn.cdc.gov/Nchs/Data/Nhanes/Public/2015/DataFiles/MCQ_I.htm#MCQ240DD
2015-2016,MCQ_I,MCQ240DK,,9575,1,https://wwwn.cdc.gov/Nchs/Data/Nhanes/Public/2015/DataFiles/MCQ_I.htm#MCQ240DK
2015-2016,MCQ_I,MCQ240E,,9575,86,https://wwwn.cdc.gov/Nchs/Data/Nhanes/Public/2015/DataFiles/MCQ_I.htm#MCQ240E
2015-2016,MCQ_I,MCQ240F,,9575,22,https://wwwn.cdc.gov/Nchs/Data/Nhanes/Public/2015/DataFiles/MCQ_I.htm#MCQ240F
2015-2016,MCQ_I,MCQ240G,,9575,36,https://wwwn.cdc.gov/Nchs/Data/Nhanes/Public/2015/DataFiles/MCQ_I.htm#MCQ240G
2015-2016,MCQ_I,MCQ240H,,9575,2,https://wwwn.cdc.gov/Nchs/Data/Nhanes/Public/2015/DataFiles/MCQ_I.htm#MCQ240H
2015-2016,MCQ_I,MCQ240I,,9575,0,https://wwwn.cdc.gov/Nchs/Data/Nhanes/Public/2015/DataFiles/MCQ_I.htm#MCQ240I
2015-2016,MCQ_I,MCQ240J,,9575,8,https://wwwn.cdc.gov/Nchs/Data/Nhanes/Public/2015/DataFiles/MCQ_I.htm#MCQ240J
2015-2016,MCQ_I,MCQ240K,,9575,0,https://wwwn.cdc.gov/Nchs/Data/Nhanes/Public/2015/DataFiles/MCQ_I.htm#MCQ240K
2015-2016,MCQ_I,MCQ240L,,9575,13,https://wwwn.cdc.gov/Nchs/Data/Nhanes/Public/2015/DataFiles/MCQ_I.htm#MCQ240L
2015-2016,MCQ_I,MCQ240M,,9575,6,https://wwwn.cdc.gov/Nchs/Data/Nhanes/Public/2015/DataFiles/MCQ_I.htm#MCQ240M
2015-2016,MCQ_I,MCQ240N,,9575,15,https://wwwn.cdc.gov/Nchs/Data/Nhanes/Public/2015/DataFiles/MCQ_I.htm#MCQ240N
2015-2016,MCQ_I,MCQ240O,,9575,11,https://wwwn.cdc.gov/Nchs/Data/Nhanes/Public/2015/DataFiles/MCQ_I.htm#MCQ240O
2015-2016,MCQ_I,MCQ240P,,9575,44,https://wwwn.cdc.gov/Nchs/Data/Nhanes/Public/2015/DataFiles/MCQ_I.htm#MCQ240P
2015-2016,MCQ_I,MCQ240Q,,9575,4,https://wwwn.cdc.gov/Nchs/Data/Nhanes/Public/2015/DataFiles/MCQ_I.htm#MCQ240Q
2015-2016,MCQ_I,MCQ240R,,9575,0,https://wwwn.cdc.gov/Nchs/Data/Nhanes/Public/2015/DataFiles/MCQ_I.htm#MCQ240R
2015-2016,MCQ_I,MCQ240S,,9575,21,https://wwwn.cdc.gov/Nchs/Data/Nhanes/Public/2015/DataFiles/MCQ_I.htm#MCQ240S
2015-2016,MCQ_I,MCQ240T,,9575,3,https://wwwn.cdc.gov/Nchs/Data/Nhanes/Public/2015/DataFiles/MCQ_I.htm#MCQ240T
2015-2016,MCQ_I,MCQ240U,,9575,97,https://wwwn.cdc.gov/Nchs/Data/Nhanes/Public/2015/DataFiles/MCQ_I.htm#MCQ240U
2015-2016,MCQ_I,MCQ240V,,9575,2,https://wwwn.cdc.gov/Nchs/Data/Nhanes/Public/2015/DataFiles/MCQ_I.htm#MCQ240V
2015-2016,MCQ_I,MCQ240W,,9575,82,https://wwwn.cdc.gov/Nchs/Data/Nhanes/Public/2015/DataFiles/MCQ_I.htm#MCQ240W
2015-2016,MCQ_I,MCQ240X,,9575,54,https://wwwn.cdc.gov/Nchs/Data/Nhanes/Public/2015/DataFiles/MCQ_I.htm#MCQ240X
2015-2016,MCQ_I,MCQ240Y,,9575,0,https://wwwn.cdc.gov/Nchs/Data/Nhanes/Public/2015/DataFiles/MCQ_I.htm#MCQ240Y
2015-2016,MCQ_I,MCQ240Z,,9575,4,https://wwwn.cdc.gov/Nchs/Data/Nhanes/Public/2015/DataFiles/MCQ_I.htm#MCQ240Z
2015-2016,MCQ_I,MCQ300A,,9575,5719,https://wwwn.cdc.gov/Nchs/Data/Nhanes/Public/2015/DataFiles/MCQ_I.htm#MCQ300A
2015-2016,MCQ_I,MCQ300B,,9575,8366,https://wwwn.cdc.gov/Nchs/Data/Nhanes/Public/2015/DataFiles/MCQ_I.htm#MCQ300B
2015-2016,MCQ_I,MCQ300C,,9575,5719,https://wwwn.cdc.gov/Nchs/Data/Nhanes/Public/2015/DataFiles/MCQ_I.htm#MCQ300C
2015-2016,MCQ_I,MCQ365A,,9575,6327,https://wwwn.cdc.gov/Nchs/Data/Nhanes/Public/2015/DataFiles/MCQ_I.htm#MCQ365A
2015-2016,MCQ_I,MCQ365B,,9575,6327,https://wwwn.cdc.gov/Nchs/Data/Nhanes/Public/2015/DataFiles/MCQ_I.htm#MCQ365B
2015-2016,MCQ_I,MCQ365C,,9575,6327,https://wwwn.cdc.gov/Nchs/Data/Nhanes/Public/2015/DataFiles/MCQ_I.htm#MCQ365C
2015-2016,MCQ_I,MCQ365D,,9575,6327,https://wwwn.cdc.gov/Nchs/Data/Nhanes/Public/2015/DataFiles/MCQ_I.htm#MCQ365D
2015-2016,MCQ_I,MCQ370A,,9575,6327,https://wwwn.cdc.gov/Nchs/Data/Nhanes/Public/2015/DataFiles/MCQ_I.htm#MCQ370A
2015-2016,MCQ_I,MCQ370B,,9575,6327,https://wwwn.cdc.gov/Nchs/Data/Nhanes/Public/2015/DataFiles/MCQ_I.htm#MCQ370B
2015-2016,MCQ_I,MCQ370C,,9575,6327,https://wwwn.cdc.gov/Nchs/Data/Nhanes/Public/2015/DataFiles/MCQ_I.htm#MCQ370C
2015-2016,MCQ_I,MCQ370D,,9575,6327,https://wwwn.cdc.gov/Nchs/Data/Nhanes/Public/2015/DataFiles/MCQ_I.htm#MCQ370D
2015-2016,PAQ_I,SEQN,Respondent sequence number,9255,9255,https://wwwn.cdc.gov/Nchs/Data/Nhanes/Public/2015/DataFiles/PAQ_I.htm#SEQN
2015-2016,PAQ_I,PAQ605,Vigorous work activity,9255,6966,https://wwwn.cdc.gov/Nchs/Data/Nhanes/Public/2015/DataFiles/PAQ_I.htm#PAQ605
2015-2016,PAQ_I,PAQ610,Number of days vigorous work,9255,1366,https://wwwn.cdc.gov/Nchs/Data/Nhanes/Public/2015/DataFiles/PAQ_I.htm#PAQ610
2015-2016,PAQ_I,PAD615,Minutes vigorous-intensity work,9255,1350,https://wwwn.cdc.gov/Nchs/Data/Nhanes/Public/2015/DataFiles/PAQ_I.htm#PAD615
2015-2016,PAQ_I,PAQ620,Moderate work activity,9255,6965,https://wwwn.cdc.gov/Nchs/Data/Nhanes/Public/2015/DataFiles/PAQ_I.htm#PAQ620
2015-2016,PAQ_I,PAQ625,Number of days moderate work,9255,2598,https://wwwn.cdc.gov/Nchs/Data/Nhanes/Public/2015/DataFiles/PAQ_I.htm#PAQ625
2015-2016,PAQ_I,PAD630,Minutes moderate-intensity work,9255,2583,https://wwwn.cdc.gov/Nchs/Data/Nhanes/Public/2015/DataFiles/PAQ_I.htm#PAD630
2015-2016,PAQ_I,PAQ635,Walk or bicycle,9255,6965,https://wwwn.cdc.gov/Nchs/Data/Nhanes/Public/2015/DataFiles/PAQ_I.htm#PAQ635
2015-2016,PAQ_I,PAQ640,Number of days walk or bicycle,9255,1785,https://wwwn.cdc.gov/Nchs/Data/Nhanes/Public/2015/DataFiles/PAQ_I.htm#PAQ640
2015-2016,PAQ_I,PAD645,Minutes walk/bicycle for transportation,9255,1776,https://wwwn.cdc.gov/Nchs/Data/Nhanes/Public/2015/DataFiles/PAQ_I.htm#PAD645
2015-2016,PAQ_I,PAQ650,Vigorous recreational activities,9255,6963,https://wwwn.cdc.gov/Nchs/Data/Nhanes/Public/2015/DataFiles/PAQ_I.htm#PAQ650
2015-2016,PAQ_I,PAQ655,Days vigorous recreational activities,9255,2193,https://wwwn.cdc.gov/Nchs/Data/Nhanes/Public/2015/DataFiles/PAQ_I.htm#PAQ655
2015-2016,PAQ_I,PAD660,Minutes vigorous recreational activities,9255,2189,https://wwwn.cdc.gov/Nchs/Data/Nhanes/Public/2015/DataFiles/PAQ_I.htm#PAD660
2015-2016,PAQ_I,PAQ665,Moderate recreational activities,9255,6963,https://wwwn.cdc.gov/Nchs/Data/Nhanes/Public/2015/DataFiles/PAQ_I.htm#PAQ665
2015-2016,PAQ_I,PAQ670,Days moderate recreational activities,9255,2956,https://wwwn.cdc.gov/Nchs/Data/Nhanes/Public/2015/DataFiles/PAQ_I.htm#PAQ670
2015-2016,PAQ_I,PAD675,Minutes moderate recreational activities,9255,2946,https://wwwn.cdc.gov/Nchs/Data/Nhanes/Public/2015/DataFiles/PAQ_I.htm#PAD675
2015-2016,PAQ_I,PAD680,Minutes sedentary activity,9255,6951,https://wwwn.cdc.gov/Nchs/Data/Nhanes/Public/2015/DataFiles/PAQ_I.htm#PAD680
2015-2016,PAQ_I,PAQ706,Days physically active at least 60 min.,9255,2885,https://wwwn.cdc.gov/Nchs/Data/Nhanes/Public/2015/DataFiles/PAQ_I.htm#PAQ706
2015-2016,PAQ_I,PAQ710,Hours watch TV or videos past 30 days,9255,9209,https://wwwn.cdc.gov/Nchs/Data/Nhanes/Public/2015/DataFiles/PAQ_I.htm#PAQ710
2015-2016,PAQ_I,PAQ715,Hours use computer past 30 days,9255,9209,https://wwwn.cdc.gov/Nchs/Data/Nhanes/Public/2015/DataFiles/PAQ_I.htm#PAQ715
2015-2016,PAQ_I,PAQ722,Any physical activities past 7 days,9255,2591,https://wwwn.cdc.gov/Nchs/Data/Nhanes/Public/2015/DataFiles/PAQ_I.htm#PAQ722
2015-2016,PAQ_I,PAQ724A,,9255,114,https://wwwn.cdc.gov/Nchs/Data/Nhanes/Public/2015/DataFiles/PAQ_I.htm#PAQ724A
2015-2016,PAQ_I,PAQ724B,,9255,233,https://wwwn.cdc.gov/Nchs/Data/Nhanes/Public/2015/DataFiles/PAQ_I.htm#PAQ724B
2015-2016,PAQ_I,PAQ724C,,9255,437,https://wwwn.cdc.gov/Nchs/Data/Nhanes/Public/2015/DataFiles/PAQ_I.htm#PAQ724C
2015-2016,PAQ_I,PAQ724D,,9255,590,https://wwwn.cdc.gov/Nchs/Data/Nhanes/Public/2015/DataFiles/PAQ_I.htm#PAQ724D
2015-2016,PAQ_I,PAQ724E,,9255,35,https://wwwn.cdc.gov/Nchs/Data/Nhanes/Public/2015/DataFiles/PAQ_I.htm#PAQ724E
2015-2016,PAQ_I,PAQ724F,,9255,257,https://wwwn.cdc.gov/Nchs/Data/Nhanes/Public/2015/DataFiles/PAQ_I.htm#PAQ724F
2015-2016,PAQ_I,PAQ724G,,9255,5,https://wwwn.cdc.gov/Nchs/Data/Nhanes/Public/2015/DataFiles/PAQ_I.htm#PAQ724G
2015-2016,PAQ_I,PAQ724H,,9255,282,https://wwwn.cdc.gov/Nchs/Data/Nhanes/Public/2015/DataFiles/PAQ_I.htm#PAQ724H
2015-2016,PAQ_I,PAQ724I,,9255,16,https://wwwn.cdc.gov/Nchs/Data/Nhanes/Public/2015/DataFiles/PAQ_I.htm#PAQ724I
2015-2016,PAQ_I,PAQ724J,,9255,138,https://wwwn.cdc.gov/Nchs/Data/Nhanes/Public/2015/DataFiles/PAQ_I.htm#PAQ724J
2015-2016,PAQ_I,PAQ724K,,9255,66,https://wwwn.cdc.gov/Nchs/Data/Nhanes/Public/2015/DataFiles/PAQ_I.htm#PAQ724K
2015-2016,PAQ_I,PAQ724L,,9255,4,https://wwwn.cdc.gov/Nchs/Data/Nhanes/Public/2015/DataFiles/PAQ_I.htm#PAQ724L
2015-2016,PAQ_I,PAQ724M,,9255,3,https://wwwn.cdc.gov/Nchs/Data/Nhanes/Public/2015/DataFiles/PAQ_I.htm#PAQ724M
2015-2016,PAQ_I,PAQ724N,,9255,100,https://wwwn.cdc.gov/Nchs/Data/Nhanes/Public/2015/DataFiles/PAQ_I.htm#PAQ724N
2015-2016,PAQ_I,PAQ724O,,9255,8,https://wwwn.cdc.gov/Nchs/Data/Nhanes/Public/2015/DataFiles/PAQ_I.htm#PAQ724O
2015-2016,PAQ_I,PAQ724P,,9255,51,https://wwwn.cdc.gov/Nchs/Data/Nhanes/Public/2015/DataFiles/PAQ_I.htm#PAQ724P
2015-2016,PAQ_I,PAQ724Q,,9255,315,https://wwwn.cdc.gov/Nchs/Data/Nhanes/Public/2015/DataFiles/PAQ_I.htm#PAQ724Q
2015-2016,PAQ_I,PAQ724R,,9255,57,https://wwwn.cdc.gov/Nchs/Data/Nhanes/Public/2015/DataFiles/PAQ_I.htm#PAQ724R
2015-2016,PAQ_I,PAQ724S,,9255,1015,https://wwwn.cdc.gov/Nchs/Data/Nhanes/Public/2015/DataFiles/PAQ_I.htm#PAQ724S
2015-2016,PAQ_I,PAQ724T,,9255,166,https://wwwn.cdc.gov/Nchs/Data/Nhanes/Public/2015/DataFiles/PAQ_I.htm#PAQ724T
2015-2016,PAQ_I,PAQ724U,,9255,62,https://wwwn.cdc.gov/Nchs/Data/Nhanes/Public/2015/DataFiles/PAQ_I.htm#PAQ724U
2015-2016,PAQ_I,PAQ724V,,9255,368,https://wwwn.cdc.gov/Nchs/Data/Nhanes/Public/2015/DataFiles/PAQ_I.htm#PAQ724V
2015-2016,PAQ_I,PAQ724W,,9255,265,https://wwwn.cdc.gov/Nchs/Data/Nhanes/Public/2015/DataFiles/PAQ_I.htm#PAQ724W
2015-2016,PAQ_I,PAQ724X,,9255,33,https://wwwn.cdc.gov/Nchs/Data/Nhanes/Public/2015/DataFiles/PAQ_I.htm#PAQ724X
2015-2016,PAQ_I,PAQ724Y,,9255,22,https://wwwn.cdc.gov/Nchs/Data/Nhanes/Public/2015/DataFiles/PAQ_I.htm#PAQ724Y
2015-2016,PAQ_I,PAQ724Z,,9255,55,https://wwwn.cdc.gov/Nchs/Data/Nhanes/Public/2015/DataFiles/PAQ_I.htm#PAQ724Z
2015-2016,PAQ_I,PAQ724AA,,9255,468,https://wwwn.cdc.gov/Nchs/Data/Nhanes/Public/2015/DataFiles/PAQ_I.htm#PAQ724AA
2015-2016,PAQ_I,PAQ724AB,,9255,83,https://wwwn.cdc.gov/Nchs/Data/Nhanes/Public/2015/DataFiles/PAQ_I.htm#PAQ724AB
2015-2016,PAQ_I,PAQ724AC,,9255,17,https://wwwn.cdc.gov/Nchs/Data/Nhanes/Public/2015/DataFiles/PAQ_I.htm#PAQ724AC
2015-2016,PAQ_I,PAQ724AD,,9255,731,https://wwwn.cdc.gov/Nchs/Data/Nhanes/Public/2015/DataFiles/PAQ_I.htm#PAQ724AD
2015-2016,PAQ_I,PAQ724AE,,9255,207,https://wwwn.cdc.gov/Nchs/Data/Nhanes/Public/2015/DataFiles/PAQ_I.htm#PAQ724AE
2015-2016,PAQ_I,PAQ724AF,,9255,13,https://wwwn.cdc.gov/Nchs/Data/Nhanes/Public/2015/DataFiles/PAQ_I.htm#PAQ724AF
2015-2016,PAQ_I,PAQ724CM,,9255,49,https://wwwn.cdc.gov/Nchs/Data/Nhanes/Public/2015/DataFiles/PAQ_I.htm#PAQ724CM
2015-2016,PAQ_I,PAQ731,Days played active video games,9255,2172,https://wwwn.cdc.gov/Nchs/Data/Nhanes/Public/2015/DataFiles/PAQ_I.htm#PAQ731
2015-2016,PAQ_I,PAD733,Minutes play active video games,9255,633,https://wwwn.cdc.gov/Nchs/Data/Nhanes/Public/2015/DataFiles/PAQ_I.htm#PAD733
2015-2016,PAQ_I,PAQ677,Past wk # days cardiovascular exercise,9255,635,https://wwwn.cdc.gov/Nchs/Data/Nhanes/Public/2015/DataFiles/PAQ_I.htm#PAQ677
2015-2016,PAQ_I,PAQ678,Past wk # days strengthened muscles,9255,635,https://wwwn.cdc.gov/Nchs/Data/Nhanes/Public/2015/DataFiles/PAQ_I.htm#PAQ678
2015-2016,PAQ_I,PAQ740,Use school facilities at lunch,9255,635,https://wwwn.cdc.gov/Nchs/Data/Nhanes/Public/2015/DataFiles/PAQ_I.htm#PAQ740
2015-2016,PAQ_I,PAQ742,Use school facilities for physical activ,9255,310,https://wwwn.cdc.gov/Nchs/Data/Nhanes/Public/2015/DataFiles/PAQ_I.htm#PAQ742
2015-2016,PAQ_I,PAQ744,Have PE during school days?,9255,635,https://wwwn.cdc.gov/Nchs/Data/Nhanes/Public/2015/DataFiles/PAQ_I.htm#PAQ744
2015-2016,PAQ_I,PAQ746,How often do you have PE or gym?,9255,487,https://wwwn.cdc.gov/Nchs/Data/Nhanes/Public/2015/DataFiles/PAQ_I.htm#PAQ746
2015-2016,PAQ_I,PAQ748,How long is the PE or gym class?,9255,485,https://wwwn.cdc.gov/Nchs/Data/Nhanes/Public/2015/DataFiles/PAQ_I.htm#PAQ748
2015-2016,PAQ_I,PAQ755,Participate in school sports?,9255,2170,https://wwwn.cdc.gov/Nchs/Data/Nhanes/Public/2015/DataFiles/PAQ_I.htm#PAQ755
2015-2016,PAQ_I,PAQ759A,,9255,135,https://wwwn.cdc.gov/Nchs/Data/Nhanes/Public/2015/DataFiles/PAQ_I.htm#PAQ759A
2015-2016,PAQ_I,PAQ759B,,9255,267,https://wwwn.cdc.gov/Nchs/Data/Nhanes/Public/2015/DataFiles/PAQ_I.htm#PAQ759B
2015-2016,PAQ_I,PAQ759C,,9255,5,https://wwwn.cdc.gov/Nchs/Data/Nhanes/Public/2015/DataFiles/PAQ_I.htm#PAQ759C
2015-2016,PAQ_I,PAQ759D,,9255,57,https://wwwn.cdc.gov/Nchs/Data/Nhanes/Public/2015/DataFiles/PAQ_I.htm#PAQ759D
2015-2016,PAQ_I,PAQ759E,,9255,160,https://wwwn.cdc.gov/Nchs/Data/Nhanes/Public/2015/DataFiles/PAQ_I.htm#PAQ759E
2015-2016,PAQ_I,PAQ759F,,9255,11,https://wwwn.cdc.gov/Nchs/Data/Nhanes/Public/2015/DataFiles/PAQ_I.htm#PAQ759F
2015-2016,PAQ_I,PAQ759G,,9255,47,https://wwwn.cdc.gov/Nchs/Data/Nhanes/Public/2015/DataFiles/PAQ_I.htm#PAQ759G
2015-2016,PAQ_I,PAQ759H,,9255,14,https://wwwn.cdc.gov/Nchs/Data/Nhanes/Public/2015/DataFiles/PAQ_I.htm#PAQ759H
2015-2016,PAQ_I,PAQ759I,,9255,13,https://wwwn.cdc.gov/Nchs/Data/Nhanes/Public/2015/DataFiles/PAQ_I.htm#PAQ759I
2015-2016,PAQ_I,PAQ759J,,9255,213,https://wwwn.cdc.gov/Nchs/Data/Nhanes/Public/2015/DataFiles/PAQ_I.htm#PAQ759J
2015-2016,PAQ_I,PAQ759K,,9255,55,https://wwwn.cdc.gov/Nchs/Data/Nhanes/Public/2015/DataFiles/PAQ_I.htm#PAQ759K
2015-2016,PAQ_I,PAQ759L,,9255,27,https://wwwn.cdc.gov/Nchs/Data/Nhanes/Public/2015/DataFiles/PAQ_I.htm#PAQ759L
2015-2016,PAQ_I,PAQ759M,,9255,88,https://wwwn.cdc.gov/Nchs/Data/Nhanes/Public/2015/DataFiles/PAQ_I.htm#PAQ759M
2015-2016,PAQ_I,PAQ759N,,9255,78,https://wwwn.cdc.gov/Nchs/Data/Nhanes/Public/2015/DataFiles/PAQ_I.htm#PAQ759N
2015-2016,PAQ_I,PAQ759O,,9255,12,https://wwwn.cdc.gov/Nchs/Data/Nhanes/Public/2015/DataFiles/PAQ_I.htm#PAQ759O
2015-2016,PAQ_I,PAQ759P,,9255,76,https://wwwn.cdc.gov/Nchs/Data/Nhanes/Public/2015/DataFiles/PAQ_I.htm#PAQ759P
2015-2016,PAQ_I,PAQ759Q,,9255,89,https://wwwn.cdc.gov/Nchs/Data/Nhanes/Public/2015/DataFiles/PAQ_I.htm#PAQ759Q
2015-2016,PAQ_I,PAQ759R,,9255,8,https://wwwn.cdc.gov/Nchs/Data/Nhanes/Public/2015/DataFiles/PAQ_I.htm#PAQ759R
2015-2016,PAQ_I,PAQ759S,,9255,163,https://wwwn.cdc.gov/Nchs/Data/Nhanes/Public/2015/DataFiles/PAQ_I.htm#PAQ759S
2015-2016,PAQ_I,PAQ759T,,9255,11,https://wwwn.cdc.gov/Nchs/Data/Nhanes/Public/2015/DataFiles/PAQ_I.htm#PAQ759T
2015-2016,PAQ_I,PAQ759U,,9255,12,https://wwwn.cdc.gov/Nchs/Data/Nhanes/Public/2015/DataFiles/PAQ_I.htm#PAQ759U
2015-2016,PAQ_I,PAQ762,Do you have recess during school?,9255,1536,https://wwwn.cdc.gov/Nchs/Data/Nhanes/Public/2015/DataFiles/PAQ_I.htm#PAQ762
2015-2016,PAQ_I,PAQ764,How often do you have recess?,9255,1438,https://wwwn.cdc.gov/Nchs/Data/Nhanes/Public/2015/DataFiles/PAQ_I.htm#PAQ764
2015-2016,PAQ_I,PAQ766,How long is the recess period?,9255,1421,https://wwwn.cdc.gov/Nchs/Data/Nhanes/Public/2015/DataFiles/PAQ_I.htm#PAQ766
2015-2016,PAQ_I,PAQ679,How much exercise for good health,9255,629,https://wwwn.cdc.gov/Nchs/Data/Nhanes/Public/2015/DataFiles/PAQ_I.htm#PAQ679
2015-2016,PAQ_I,PAQ750,Enjoy participating in PE or recess,9255,2165,https://wwwn.cdc.gov/Nchs/Data/Nhanes/Public/2015/DataFiles/PAQ_I.htm#PAQ750
2015-2016,PAQ_I,PAQ770,Receive physical fitness award past yr,9255,2169,https://wwwn.cdc.gov/Nchs/Data/Nhanes/Public/2015/DataFiles/PAQ_I.htm#PAQ770
2015-2016,PAQ_I,PAQ772A,,9255,71,https://wwwn.cdc.gov/Nchs/Data/Nhanes/Public/2015/DataFiles/PAQ_I.htm#PAQ772A
2015-2016,PAQ_I,PAQ772B,,9255,39,https://wwwn.cdc.gov/Nchs/Data/Nhanes/Public/2015/DataFiles/PAQ_I.htm#PAQ772B
2015-2016,PAQ_I,PAQ772C,,9255,82,https://wwwn.cdc.gov/Nchs/Data/Nhanes/Public/2015/DataFiles/PAQ_I.htm#PAQ772C
2015-2016,PFQ_I,SEQN,Respondent sequence number,8991,8991,https://wwwn.cdc.gov/Nchs/Data/Nhanes/Public/2015/DataFiles/PFQ_I.htm#SEQN
2015-2016,PFQ_I,PFQ020,"Crawl, walk, run, play limitations",8991,3271,https://wwwn.cdc.gov/Nchs/Data/Nhanes/Public/2015/DataFiles/PFQ_I.htm#PFQ020
2015-2016,PFQ_I,PFQ030,Long term impairment/health problem,8991,120,https://wwwn.cdc.gov/Nchs/Data/Nhanes/Public/2015/DataFiles/PFQ_I.htm#PFQ030
2015-2016,PFQ_I,PFQ033,Impairment requiring special equipment,8991,97,https://wwwn.cdc.gov/Nchs/Data/Nhanes/Public/2015/DataFiles/PFQ_I.htm#PFQ033
2015-2016,PFQ_I,PFQ041,Receive Special Ed or Early Intervention,8991,2999,https://wwwn.cdc.gov/Nchs/Data/Nhanes/Public/2015/DataFiles/PFQ_I.htm#PFQ041
2015-2016,PFQ_I,PFQ049,Limitations keeping you from working,8991,5719,https://wwwn.cdc.gov/Nchs/Data/Nhanes/Public/2015/DataFiles/PFQ_I.htm#PFQ049
2015-2016,PFQ_I,PFQ051,Limited in amount of work you can do,8991,5719,https://wwwn.cdc.gov/Nchs/Data/Nhanes/Public/2015/DataFiles/PFQ_I.htm#PFQ051
2015-2016,PFQ_I,PFQ054,Need special equipment to walk,8991,5719,https://wwwn.cdc.gov/Nchs/Data/Nhanes/Public/2015/DataFiles/PFQ_I.htm#PFQ054
2015-2016,PFQ_I,PFQ057,Experience confusion/memory problems,8991,5719,https://wwwn.cdc.gov/Nchs/Data/Nhanes/Public/2015/DataFiles/PFQ_I.htm#PFQ057
2015-2016,PFQ_I,PFQ059,"Physical, mental, emotional limitations",8991,4134,https://wwwn.cdc.gov/Nchs/Data/Nhanes/Public/2015/DataFiles/PFQ_I.htm#PFQ059
2015-2016,PFQ_I,PFQ061A,Managing money difficulty,8991,2651,https://wwwn.cdc.gov/Nchs/Data/Nhanes/Public/2015/DataFiles/PFQ_I.htm#PFQ061A
2015-2016,PFQ_I,PFQ061B,Walking for a quarter mile difficulty,8991,1955,https://wwwn.cdc.gov/Nchs/Data/Nhanes/Public/2015/DataFiles/PFQ_I.htm#PFQ061B
2015-2016,PFQ_I,PFQ061C,Walking up ten steps difficulty,8991,1955,https://wwwn.cdc.gov/Nchs/Data/Nhanes/Public/2015/DataFiles/PFQ_I.htm#PFQ061C
2015-2016,PFQ_I,PFQ061D,"Stooping, crouching, kneeling difficulty",8991,2651,https://wwwn.cdc.gov/Nchs/Data/Nhanes/Public/2015/DataFiles/PFQ_I.htm#PFQ061D
2015-2016,PFQ_I,PFQ061E,Lifting or carrying difficulty,8991,2651,https://wwwn.cdc.gov/Nchs/Data/Nhanes/Public/2015/DataFiles/PFQ_I.htm#PFQ061E
2015-2016,PFQ_I,PFQ061F,House chore difficulty,8991,2651,https://wwwn.cdc.gov/Nchs/Data/Nhanes/Public/2015/DataFiles/PFQ_I.htm#PFQ061F
2015-2016,PFQ_I,PFQ061G,Preparing meals difficulty,8991,2651,https://wwwn.cdc.gov/Nchs/Data/Nhanes/Public/2015/DataFiles/PFQ_I.htm#PFQ061G
2015-2016,PFQ_I,PFQ061H,Walking between rooms on same floor,8991,2651,https://wwwn.cdc.gov/Nchs/Data/Nhanes/Public/2015/DataFiles/PFQ_I.htm#PFQ061H
2015-2016,PFQ_I,PFQ061I,Standingup from armless chair difficulty,8991,2651,https://wwwn.cdc.gov/Nchs/Data/Nhanes/Public/2015/DataFiles/PFQ_I.htm#PFQ061I
2015-2016,PFQ_I,PFQ061J,Getting in and out of bed difficulty,8991,2651,https://wwwn.cdc.gov/Nchs/Data/Nhanes/Public/2015/DataFiles/PFQ_I.htm#PFQ061J
2015-2016,PFQ_I,PFQ061K,"Using fork, knife, drinking from cup",8991,2651,https://wwwn.cdc.gov/Nchs/Data/Nhanes/Public/2015/DataFiles/PFQ_I.htm#PFQ061K
2015-2016,PFQ_I,PFQ061L,Dressing yourself difficulty,8991,2651,https://wwwn.cdc.gov/Nchs/Data/Nhanes/Public/2015/DataFiles/PFQ_I.htm#PFQ061L
2015-2016,PFQ_I,PFQ061M,Standing for long periods difficulty,8991,2651,https://wwwn.cdc.gov/Nchs/Data/Nhanes/Public/2015/DataFiles/PFQ_I.htm#PFQ061M
2015-2016,PFQ_I,PFQ061N,Sitting for long periods difficulty,8991,2651,https://wwwn.cdc.gov/Nchs/Data/Nhanes/Public/2015/DataFiles/PFQ_I.htm#PFQ061N
2015-2016,PFQ_I,PFQ061O,Reaching up over head difficulty,8991,2651,https://wwwn.cdc.gov/Nchs/Data/Nhanes/Public/2015/DataFiles/PFQ_I.htm#PFQ061O
2015-2016,PFQ_I,PFQ061P,Grasp/holding small objects difficulty,8991,2651,https://wwwn.cdc.gov/Nchs/Data/Nhanes/Public/2015/DataFiles/PFQ_I.htm#PFQ061P
2015-2016,PFQ_I,PFQ061Q,"Going out to movies, events difficulty",8991,2651,https://wwwn.cdc.gov/Nchs/Data/Nhanes/Public/2015/DataFiles/PFQ_I.htm#PFQ061Q
2015-2016,PFQ_I,PFQ061R,Attending social event difficulty,8991,2651,https://wwwn.cdc.gov/Nchs/Data/Nhanes/Public/2015/DataFiles/PFQ_I.htm#PFQ061R
2015-2016,PFQ_I,PFQ061S,Leisure activity at home difficulty,8991,2651,https://wwwn.cdc.gov/Nchs/Data/Nhanes/Public/2015/DataFiles/PFQ_I.htm#PFQ061S
2015-2016,PFQ_I,PFQ061T,Push or pull large objects difficulty,8991,2651,https://wwwn.cdc.gov/Nchs/Data/Nhanes/Public/2015/DataFiles/PFQ_I.htm#PFQ061T
2015-2016,PFQ_I,PFQ063A,Health problems causing difficulty,8991,2038,https://wwwn.cdc.gov/Nchs/Data/Nhanes/Public/2015/DataFiles/PFQ_I.htm#PFQ063A
2015-2016,PFQ_I,PFQ063B,Health problems causing difficulty,8991,1346,https://wwwn.cdc.gov/Nchs/Data/Nhanes/Public/2015/DataFiles/PFQ_I.htm#PFQ063B
2015-2016,PFQ_I,PFQ063C,Health problems causing difficulty,8991,951,https://wwwn.cdc.gov/Nchs/Data/Nhanes/Public/2015/DataFiles/PFQ_I.htm#PFQ063C
2015-2016,PFQ_I,PFQ063D,Health problems causing difficulty,8991,662,https://wwwn.cdc.gov/Nchs/Data/Nhanes/Public/2015/DataFiles/PFQ_I.htm#PFQ063D
2015-2016,PFQ_I,PFQ063E,Health problems causing difficulty,8991,443,https://wwwn.cdc.gov/Nchs/Data/Nhanes/Public/2015/DataFiles/PFQ_I.htm#PFQ063E
2015-2016,PFQ_I,PFQ090,Require special healthcare equipment,8991,5719,https://wwwn.cdc.gov/Nchs/Data/Nhanes/Public/2015/DataFiles/PFQ_I.htm#PFQ090
2015-2016,RXQ_RX_I,SEQN,Respondent sequence number,19647,19647,https://wwwn.cdc.gov/Nchs/Data/Nhanes/Public/2015/DataFiles/RXQ_RX_I.htm#SEQN
2015-2016,RXQ_RX_I,RXDUSE,"Taken prescription medicine, past month",19647,19647,https://wwwn.cdc.gov/Nchs/Data/Nhanes/Public/2015/DataFiles/RXQ_RX_I.htm#RXDUSE
2015-2016,RXQ_RX_I,RXDCOUNT,Number of prescription medicines taken,19647,13705,https://wwwn.cdc.gov/Nchs/Data/Nhanes/Public/2015/DataFiles/RXQ_RX_I.htm#RXDCOUNT
2015-2016,SMQ_I,SEQN,Respondent sequence number,7001,7001,https://wwwn.cdc.gov/Nchs/Data/Nhanes/Public/2015/DataFiles/SMQ_I.htm#SEQN
2015-2016,SMQ_I,SMQ020,Smoked at least 100 cigarettes in life,7001,5992,https://wwwn.cdc.gov/Nchs/Data/Nhanes/Public/2015/DataFiles/SMQ_I.htm#SMQ020
