"marker","value","reference","OR","ci_low","ci_high","logOR","se"
"NLR",0.95,2.05263157894737,0.838573959965954,0.717817305154489,0.979645212344995,-0.176052496521112,0.0786362296588601
"NLR",0.957464926148595,2.05263157894737,0.839014128704877,0.719074599607213,0.978959218627562,-0.175527732722421,0.0780165695214107
"NLR",0.964988510320773,2.05263157894737,0.839474283116023,0.720352169890985,0.978295202636523,-0.174979436506097,0.0773961215094896
"NLR",0.972571213440549,2.05263157894737,0.83995450373436,0.721650310571005,0.977652968492997,-0.174407550832603,0.0767747782507948
"NLR",0.980213500053794,2.05263157894737,0.840454872640942,0.722969319235414,0.977032322329981,-0.173812018662402,0.0761524324515223
"NLR",0.987915838356696,2.05263157894737,0.840975473478414,0.72430949653346,0.976433072294492,-0.173192782955958,0.0755289769175518
"NLR",0.995678700224443,2.05263157894737,0.841516391466793,0.72567114621517,0.975855028549416,-0.172549786673735,0.0749043045752497
"NLR",1.00350256124013,2.05263157894737,0.842077713419473,0.72705457517256,0.975298003275023,-0.171882972776193,0.0742783084918782
"NLR",1.0113879007239,2.05263157894737,0.842659527759482,0.728460093482384,0.974761810670147,-0.171192284223797,0.0736508818955992
"NLR",1.01933520176231,2.05263157894737,0.843261924535997,0.729888014450494,0.974246266953032,-0.17047766397701,0.0730219181950663
"NLR",1.02734495123791,2.05263157894737,0.843884995441111,0.731338654657789,0.973751190361833,-0.169739054996296,0.072391310998595
"NLR",1.03541763985909,2.05263157894737,0.844528833826858,0.732812334007824,0.973276401154758,-0.168976400242119,0.0717589541329029
"NLR",1.04355376219014,2.05263157894737,0.845193534722518,0.734309375776077,0.972821721609858,-0.168189642674937,0.0711247416614153
"NLR",1.05175381668155,2.05263157894737,0.845879194852156,0.735830106660896,0.972386976024442,-0.167378725255219,0.0704885679021271
"NLR",1.06001830570053,2.05263157894737,0.846585912652475,0.737374856836184,0.971971990714147,-0.166543590943426,0.069850327445019
"NLR",1.06834773556181,2.05263157894737,0.847313788290922,0.738943960005814,0.971576594011629,-0.165684182700021,0.0692099151690208
"NLR",1.07674261655864,2.05263157894737,0.848062923684073,0.740537753459814,0.971200616264877,-0.164800443485466,0.0685672262585187
"NLR",1.08520346299406,2.05263157894737,0.848833422516319,0.742156578132343,0.970843889835177,-0.163892316260226,0.0679221562194052
"NLR",1.09373079321243,2.05263157894737,0.849625390258827,0.743800778661485,0.970506249094686,-0.162959743984763,0.0672746008946662
"NLR",1.10232512963114,2.05263157894737,0.850438934188806,0.745470703450879,0.970187530423654,-0.16200266961954,0.0666244564795066
"NLR",1.11098699877265,2.05263157894737,0.851274163409068,0.747166704733222,0.969887572207267,-0.161021036125022,0.0659716195360113
"NLR",1.11971693129675,2.05263157894737,0.852131188867894,0.748889138635649,0.969606214832138,-0.16001478646167,0.0653159870073433
"NLR",1.12851546203302,2.05263157894737,0.853010123379206,0.750638365247027,0.969343300682419,-0.158983863589948,0.0646574562314771
"NLR",1.13738313001368,2.05263157894737,0.853911081643059,0.752414748687194,0.969098674135584,-0.157928210470319,0.0639959249544706
"NLR",1.14632047850653,2.05263157894737,0.854834180266441,0.754218657178137,0.968872181557828,-0.156847770063246,0.0633312913432764
"NLR",1.15532805504829,2.05263157894737,0.855779537784411,0.756050463117168,0.968663671299151,-0.155742485329193,0.0626634539980946
"NLR",1.16440641147812,2.05263157894737,0.856747274681553,0.757910543152094,0.968472993688082,-0.154612299228623,0.0619923119642705
"NLR",1.17355610397142,2.05263157894737,0.857737513413773,0.759799278258419,0.968300001026082,-0.153457154721996,0.0613177647437418
"NLR",1.18277769307392,2.05263157894737,0.858750378430424,0.761717053818588,0.968144547581615,-0.15227699476978,0.0606397123060378
"NLR",1.19207174373603,2.05263157894737,0.859785996196793,0.76366425970332,0.968006489583916,-0.151071762332436,0.0599580550988375
"NLR",1.20143882534741,2.05263157894737,0.860844495216919,0.765641290355019,0.967885685216446,-0.149841400370426,0.0592726940580907
"NLR",1.21087951177191,2.05263157894737,0.861926006056781,0.76764854487331,0.967781994610049,-0.148585851844215,0.05858353061771
"NLR",1.22039438138267,2.05263157894737,0.863030661367843,0.769686427102725,0.967695279835837,-0.147305059714265,0.0578904667188387
"NLR",1.2299840170976,2.05263157894737,0.864158595910963,0.771755345722535,0.967625404897796,-0.145998966941039,0.0571934048187036
"NLR",1.23964900641506,2.05263157894737,0.865309946580675,0.773855714338786,0.967572235725136,-0.144667516485002,0.0564922478990608
"NLR",1.24938994144987,2.05263157894737,0.866484852429862,0.775987951578534,0.967535640164402,-0.143310651306614,0.0557868994742432
"NLR",1.25920741896957,2.05263157894737,0.867683454694794,0.778152481186311,0.967515487971353,-0.14192831436634,0.0550772635988186
"NLR",1.26910204043102,2.05263157894737,0.868905896820575,0.780349732122849,0.967511650802629,-0.140520448624645,0.0543632448748708
"NLR",1.27907441201717,2.05263157894737,0.870152324486979,0.782580138666075,0.967524002207234,-0.139086997041988,0.0536447484589135
"NLR",1.28912514467429,2.05263157894737,0.871422885634692,0.784844140514397,0.967552417617829,-0.137627902578835,0.0529216800684494
"NLR",1.29925485414934,2.05263157894737,0.872717730491961,0.787142182892315,0.967596774341892,-0.136143108195649,0.0521939459881881
"NLR",1.30946416102768,2.05263157894737,0.874037011601673,0.789474716658359,0.96765695155273,-0.134632556852891,0.0514614530759372
"NLR",1.31975369077116,2.05263157894737,0.875380883848835,0.791842198415377,0.9677328302804,-0.133096191511027,0.0507241087681814
"NLR",1.33012407375636,2.05263157894737,0.87674950448851,0.794245090623207,0.967824293402546,-0.131533955130519,0.0499818210853672
"NLR",1.34057594531327,2.05263157894737,0.878143033174173,0.796683861713718,0.967931225635193,-0.129945790671829,0.0492344986369109
"NLR",1.35110994576416,2.05263157894737,0.879561631986521,0.799158986208254,0.968053513523519,-0.128331641095422,0.0484820506259504
"NLR",1.36172672046285,2.05263157894737,0.881005465462731,0.801670944837491,0.968191045432666,-0.12669144936176,0.0477243868538636
"NLR",1.37242691983425,2.05263157894737,0.882474700626179,0.804220224663705,0.968343711538607,-0.125025158431305,0.0469614177245762
"NLR",1.38321119941415,2.05263157894737,0.883969507016623,0.806807319205452,0.968511403819118,-0.123332711264524,0.0461930542486875
"NLR",1.39408021988945,2.05263157894737,0.885490056720871,0.809432728564676,0.968694016044943,-0.121614050821875,0.045419208047445
"NLR",1.4050346471386,2.05263157894737,0.887036524403915,0.812096959556212,0.968891443771149,-0.119869120063826,0.0446397913566008
"NLR",1.41607515227239,2.05263157894737,0.888609087340573,0.81480052583969,0.969103584328814,-0.118097861950836,0.0438547170301896
"NLR",1.4272024116751,2.05263157894737,0.89020792544761,0.817543948053799,0.96933033681706,-0.116300219443373,0.043063898544272
"NLR",1.43841710704589,2.05263157894737,0.891833221316391,0.820327753952888,0.969571602095582,-0.114476135501895,0.0422672500006942
"NLR",1.4497199254406,2.05263157894737,0.893485160246021,0.823152478545836,0.969827282777726,-0.112625553086867,0.0414646861309228
"NLR",1.46111155931382,2.05263157894737,0.895163930277025,0.826018664237145,0.97009728322429,-0.110748415158753,0.0406561223000226
"NLR",1.47259270656133,2.05263157894737,0.896869722225563,0.828926860970151,0.970381509538178,-0.108844664678015,0.0398414745108561
"NLR",1.48416407056285,2.05263157894737,0.898602729718171,0.831877626372246,0.970679869560066,-0.106914244605119,0.0390206594086005
"NLR",1.49582636022511,2.05263157894737,0.900363149227071,0.834871525901959,0.970992272865329,-0.104957097900524,0.0381935942856917
"NLR",1.50758029002532,2.05263157894737,0.902151180106014,0.837909132997703,0.971318630762442,-0.102973167524696,0.0373601970873284
"NLR",1.51942658005492,2.05263157894737,0.903967024626724,0.840991029227974,0.971658856293197,-0.100962396438097,0.0365203864176957
"NLR",1.53136595606368,2.05263157894737,0.905810888015889,0.844117804442657,0.972012864235079,-0.0989247276011903,0.0356740815471009
"NLR",1.54339914950419,2.05263157894737,0.907682978492763,0.847290056925097,0.972380571106274,-0.0968601039744382,0.0348212024202562
"NLR",1.55552689757667,2.05263157894737,0.909583507307341,0.850508393544415,0.972761895173841,-0.0947684685183059,0.0339616696659944
"NLR",1.5677499432741,2.05263157894737,0.911512688779175,0.853773429907491,0.973156756465782,-0.0926497641932529,0.033095404608774
"NLR",1.58006903542779,2.05263157894737,0.913470740336761,0.857085790509782,0.973565076787804,-0.0905039339597474,0.0322223292824123
"NLR",1.59248492875321,2.05263157894737,0.915457882557608,0.860446108884026,0.973986779745918,-0.0883309207782494,0.0313423664465996
"NLR",1.60499838389626,2.05263157894737,0.917474339208893,0.863855027745521,0.974421790776177,-0.0861306676092223,0.0304554396068875
"NLR",1.61761016747984,2.05263157894737,0.919520337288803,0.867313199132334,0.974870037183311,-0.0839031174131296,0.0295614730390362
"NLR",1.63032105215084,2.05263157894737,0.921596107068517,0.870821284538326,0.975331448190463,-0.0816482131504333,0.0286603918188512
"NLR",1.64313181662748,2.05263157894737,0.92370188213486,0.874379955036192,0.975805955002898,-0.0793658977815997,0.0277521218589702
"NLR",1.65604324574698,2.05263157894737,0.925837899433656,0.877989891386889,0.976293490889415,-0.0770561142670866,0.0268365899545064
"NLR",1.6690561305137,2.05263157894737,0.928004399313743,0.881651784130591,0.976793991286361,-0.074718805567364,0.0259137238400528
"NLR",1.68217126814754,2.05263157894737,0.930201625571735,0.885366333652778,0.97730739393084,-0.0723539146428879,0.0249834522613803
"NLR",1.69538946213281,2.05263157894737,0.932429827662241,0.889134250307571,0.977833643472269,-0.0699613821324667,0.0240457061887701
"NLR",1.70871152226747,2.05263157894737,0.934689573362884,0.892956267287959,0.978373331996065,-0.0675408119185288,0.0231005807744186
"NLR",1.72213826471271,2.05263157894737,0.936982080334201,0.89683315295727,0.978928372543378,-0.0650911214365152,0.0221485055172056
"NLR",1.73567051204297,2.05263157894737,0.939308657989635,0.900765686750648,0.979500849057687,-0.0626111445327871,0.0211899533237867
"NLR",1.74930909329634,2.05263157894737,0.941670630165076,0.904754656490818,0.980092856504122,-0.0600997150537034,0.0202253998601296
"NLR",1.76305484402531,2.05263157894737,0.944069335561688,0.908800859029176,0.980706500761872,-0.0575556668456304,0.0192553232855966
"NLR",1.77690860634801,2.05263157894737,0.946506128207758,0.912905100886467,0.981343898577094,-0.0549778337549261,0.0182802039951321
"NLR",1.79087122899979,2.05263157894737,0.948982377939914,0.917068198894882,0.982007177574936,-0.0523650496279532,0.0173005243686242
"NLR",1.80494356738519,2.05263157894737,0.951499470904165,0.921290980843464,0.982698476329416,-0.0497161483110745,0.0163167685265459
"NLR",1.81912648363036,2.05263157894737,0.954058810077194,0.925574286128653,0.983419944489891,-0.047029963650652,0.0153294220910112
"NLR",1.83342084663589,2.05263157894737,0.956661815808348,0.929918966411861,0.98417374296287,-0.0443053294930441,0.014338971951408
"NLR",1.84782753213003,2.05263157894737,0.9593099263828,0.934325886285962,0.984962044147957,-0.0415410796846156,0.013345906033788
"NLR",1.86234742272233,2.05263157894737,0.962004598606394,0.938795923952639,0.985787032226759,-0.0387360480717287,0.012350713073217
"NLR",1.87698140795775,2.05263157894737,0.964747308412678,0.943329971912562,0.986650903503548,-0.0358890685007416,0.0113538823882967
"NLR",1.89173038437111,2.05263157894737,0.967539551492637,0.947928937670406,0.987555866796489,-0.0329989748180197,0.0103559036570798
"NLR",1.90659525554204,2.05263157894737,0.970382843947751,0.952593744456837,0.988504143878296,-0.030064600869923,0.00935726669360913
"NLR",1.92157693215034,2.05263157894737,0.973278722966894,0.957325331969598,0.989497969965084,-0.0270847805028126,0.00835846122430705
"NLR",1.93667633203175,2.05263157894737,0.976228747527722,0.962124657135979,0.990539594252237,-0.024058347563052,0.00735997666344416
"NLR",1.95189438023423,2.05263157894737,0.979234499123193,0.966992694899019,0.991631280496061,-0.0209841358970006,0.00636230188690547
"NLR",1.96723200907455,2.05263157894737,0.982297582513846,0.971930439029903,0.992775307639953,-0.0178609793510214,0.00536592500346626
"NLR",1.98269015819549,2.05263157894737,0.985419626506577,0.976938902969164,0.993973970483815,-0.0146877117714763,0.00437133312277025
"NLR",1.99826977462336,2.05263157894737,0.988602284760599,0.982019120699426,0.995229580395326,-0.011463167004727,0.00337901211918893
"NLR",2.01397181282602,2.05263157894737,0.991847236621361,0.987172147652586,0.996544466061701,-0.00818617889713455,0.00238944639071409
"NLR",2.02979723477139,2.05263157894737,0.995156187983194,0.992399061654502,0.997920974280427,-0.0048555812950615,0.001403118612011
"NLR",2.04574700998633,2.05263157894737,0.998530872181529,0.997700963910475,0.999361470787426,-0.00147020804486799,0.000420509480725364
"NLR",2.05263157894737,2.05263157894737,1,1,1,0,0
"NLR",2.06182211561607,2.05263157894737,1.00197305091551,1.00086834112097,1.00307898003498,0.00197110700708323,0.000557902543897814
"NLR",2.07802353648408,2.05263157894737,1.00548451520191,1.00244399151959,1.0085342611294,0.00546953001443041,0.00153164151106806
"NLR",2.09435226515239,2.05263157894737,1.00906708636129,1.00409084985201,1.01406798491167,0.00902622713081201,0.00250023425820691
"NLR",2.1108093019824,2.05263157894737,1.01272261703737,1.00581136657712,1.0196813569022,0.0126423645098648,0.00346321070149414
"NLR",2.12739565519615,2.05263157894737,1.01645299225054,1.00760801573174,1.02537561167055,0.0163191083052296,0.00442010413834421
"NLR",2.14411234093813,2.05263157894737,1.02026013048674,1.00948329594366,1.03115201414775,0.0200576246705448,0.00537045156302083
"NLR",2.16096038333749,2.05263157894737,1.02414598482259,1.01143973146746,1.03701186100971,0.023859079759445,0.00631379399666873
"NLR",2.17794081457081,2.05263157894737,1.02811254408813,1.01347987324015,1.04295648213717,0.027724639725573,0.007249676833118
"NLR",2.19505467492532,2.05263157894737,1.03216183406817,1.01560629995339,1.04898724215856,0.0316554707225646,0.00817765020190564
"NLR",2.21230301286263,2.05263157894737,1.03629591874363,1.01782161913908,1.05510554208217,0.0356527389040587,0.00909726935004889
"NLR",2.22968688508298,2.05263157894737,1.04051690157408,1.02012846826417,1.06131282102498,0.0397176104236937,0.0100080950442097
"NLR",2.24720735658997,2.05263157894737,1.04482692682295,1.02252951583077,1.06761055804571,0.0438512514351078,0.0109096939949982
"NLR",2.26486550075578,2.05263157894737,1.04922818092662,1.02502746247692,1.07400027409057,0.0480548280919392,0.0118016393052857
"NLR",2.28266239938698,2.05263157894737,1.05372289390903,1.02762504207273,1.08048353406071,0.0523295065478267,0.0126835109445255
"NLR",2.30059914279077,2.05263157894737,1.05831334084336,1.03032502280655,1.08706194901113,0.0566764529564089,0.0135548962512221
"NLR",2.31867682984177,2.05263157894737,1.06300184336214,1.0331302082549,1.09373717849174,0.0610968334713229,0.0144153904658403
"NLR",2.33689656804938,2.05263157894737,1.06779077121774,1.03604343842918,1.10051093304203,0.0655918142462073,0.0152645972966104
"NLR",2.35525947362558,2.05263157894737,1.07268254389483,1.03906759079194,1.10738497685188,0.0701625614347008,0.0161021295208579
"NLR",2.37376667155337,2.05263157894737,1.07767963227653,1.04220558123411,1.11436113060193,0.0748102411904413,0.0169276096246797
"NLR",2.39241929565562,2.05263157894737,1.08278456036641,1.04546036500425,1.12144127449835,0.0795360196670668,0.0177406704839831
"NLR",2.41121848866461,2.05263157894737,1.0879999070679,1.04883493757957,1.1286273515178,0.0843410630182168,0.0185409560901246
"NLR",2.43016540229199,2.05263157894737,1.09332830802363,1.05233233546774,1.13592137087995,0.0892265373975295,0.0193281223236099
"NLR",2.44926119729934,2.05263157894737,1.09877245751636,1.05595563692705,1.14332541176627,0.0941936089586424,0.0201018377795579
"NLR",2.46850704356929,2.05263157894737,1.10433511043409,1.05970796259163,1.15084162730542,0.0992434438551941,0.0208617846488887
"NLR",2.48790412017722,2.05263157894737,1.11001908430146,1.06359247598675,1.15847224884732,0.104377208240823,0.0216076596594615
"NLR",2.50745361546344,2.05263157894737,1.11582724662922,1.06761235944247,1.1662195864521,0.109596055049618,0.0223391799903039
"NLR",2.52715672710603,2.05263157894737,1.12176188200615,1.07176976479228,1.17408585431207,0.114900558201323,0.0230562932293601
"NLR",2.54701466219421,2.05263157894737,1.12782443638753,1.07606540823091,1.18207308736376,0.120290499462057,0.0237592510470774
"NLR",2.56702863730228,2.05263157894737,1.13401632759459,1.08049992517068,1.19018335984426,0.125765603433463,0.0244483331443585
"NLR",2.58719987856416,2.05263157894737,1.14033900923099,1.0850739753462,1.19841880417326,0.131325594717186,0.0251238259328627
"NLR",2.60752962174852,2.05263157894737,1.14679397115956,1.08978824219769,1.20678161257803,0.136970197914864,0.0257860225689658
"NLR",2.62801911233444,2.05263157894737,1.15338273999292,1.09464343220259,1.21527403881356,0.142699137628145,0.0264352230045669
"NLR",2.64866960558778,2.05263157894737,1.16010687959837,1.09964027416405,1.22389839996956,0.148512138458672,0.0270717340497558
"NLR",2.66948236663803,2.05263157894737,1.16696799161715,1.10477951846305,1.23265707835849,0.154408925008087,0.0276958694433939
"NLR",2.69045867055585,2.05263157894737,1.17396771599818,1.11006193627896,1.24155252347977,0.160389221878037,0.0283079499283936
"NLR",2.71159980243116,2.05263157894737,1.18110773154665,1.11548831878305,1.25058725405675,0.166452753670163,0.028908303329008
"NLR",2.73290705745189,2.05263157894737,1.1883897564875,1.12105947630825,1.25976386014338,0.17259924498611,0.0294972646278266
"NLR",2.75438174098331,2.05263157894737,1.19581554904407,1.12677623749841,1.26908500529821,0.178828420427517,0.0300751760404401
"NLR",2.77602516864803,2.05263157894737,1.20338690803221,1.13263944843968,1.27855342882352,0.185140004596035,0.0306423870859324
"NLR",2.79783866640655,2.05263157894737,1.2111056734699,1.13864997177689,1.28817194806762,0.191533722093302,0.0311992546514933
"NLR",2.81982357063856,2.05263157894737,1.21897372720274,1.14480868581748,1.29794346078838,0.198009297520965,0.0317461430495402
"NLR",2.84198122822475,2.05263157894737,1.22699299354557,1.15111648362564,1.30787094757609,0.204566455480664,0.032283424065799
"NLR",2.86431299662938,2.05263157894737,1.23516543994035,1.1575742721095,1.31795747433364,0.211204920574045,0.0328114769968385
"NLR",2.88682024398337,2.05263157894737,1.24349307763064,1.16418297110433,1.32820619481192,0.217924417402753,0.0333306886755761
"NLR",2.90950434916822,2.05263157894737,1.25197796235289,1.17094351245478,1.33862035319815,0.224724670568428,0.0338414534832924
"NLR",2.93236670190038,2.05263157894737,1.2606221950449,1.17785683909963,1.34920328675478,0.231605404672716,0.0343441733467008
"NLR",2.95540870281647,2.05263157894737,1.26942792257156,1.18492390416257,1.3599584285062,0.238566344317259,0.0348392577186291
"NLR",2.97863176355904,2.05263157894737,1.27839733846835,1.19214567005278,1.3708893099705,0.245607214103703,0.0353271235408785
"NLR",3.00203730686307,2.05263157894737,1.28753268370268,1.19952310757955,1.3819995639331,0.252727738633688,0.0358081951878379
"NLR",3.02562676664313,2.05263157894737,1.29683624745355,1.20705719508527,1.39329292725901,0.259927642508864,0.0362829043894557
"NLR",3.04940158808124,2.05263157894737,1.30631036790974,1.21474891760127,1.40477324374008,0.267206650330865,0.0367516901321892
"NLR",3.07336322771538,2.05263157894737,1.3159574330869,1.22259926603173,1.41644446697362,0.274564486701343,0.0372149985365995
"NLR",3.09751315352875,2.05263157894737,1.3257798816637,1.2306092363704,1.42831066326822,0.282000876221938,0.0376732827102977
"NLR",3.12185284503969,2.05263157894737,1.33578020383767,1.23877982895589,1.44037601457276,0.289515543494293,0.0381270025750208
"NLR",3.14638379339233,2.05263157894737,1.34596094220075,1.24711204777074,1.45264482142423,0.297108213120053,0.0385766246666805
"NLR",3.17110750144791,2.05263157894737,1.35632469263512,1.25560689979036,1.46512150590993,0.304778609700862,0.0390226219073315
"NLR",3.19602548387693,2.05263157894737,1.36687410522952,1.26426539438733,1.47781061463951,0.312526457838363,0.0394654733481071
"NLR",3.22113926725184,2.05263157894737,1.37761188521656,1.27308854279739,1.49071682172225,0.320351482134198,0.0399056638823007
"NLR",3.24645039014066,2.05263157894737,1.38854079393127,1.28207735765286,1.503844931745,0.328253407190013,0.0403436839279169
"NLR",3.27196040320116,2.05263157894737,1.3996636497913,1.29123285258952,1.51719988274638,0.336231957607449,0.0407800290791782
"NLR",3.29767086927592,2.05263157894737,1.41098332929924,1.30055604193299,1.53078674918258,0.344286857988153,0.0412151997266589
"NLR",3.32358336348804,2.05263157894737,1.42250276806737,1.31004794047017,1.54461074488092,0.352417832933766,0.0416497006459163
"NLR",3.34969947333766,2.05263157894737,1.43422496186528,1.31970956331147,1.55867722597687,0.360624607045933,0.0420840405547101
"NLR",3.37602079879919,2.05263157894737,1.44615296769075,1.32954192584897,1.5729916938312,0.368906904926296,0.0425187316391341
"NLR",3.40254895241935,2.05263157894737,1.45828990486441,1.33954604381548,1.58755979792388,0.377264451176501,0.0429542890492372
"NLR",3.42928555941597,2.05263157894737,1.47063895614849,1.34972293344894,1.60238733872217,0.385696970398188,0.0433912303649701
"NLR",3.45623225777753,2.05263157894737,1.48320336889024,1.36007361176609,1.61748027052061,0.394204187193003,0.0438300750335722
"NLR",3.48339069836353,2.05263157894737,1.49598645619032,1.37059909694883,1.63284470425158,0.40278582616259,0.0442713437797904
"NLR",3.51076254500562,2.05263157894737,1.50899159809682,1.38130040884585,1.64848691026551,0.411441611908592,0.0447155579906094
"NLR",3.53834947460954,2.05263157894737,1.52222224282518,1.39217856959166,1.66441332108092,0.420171269032653,0.0451632390764602
"NLR",3.56615317725783,2.05263157894737,1.53568190800476,1.4032346043439,1.68063053410503,0.428974522136414,0.0456149078111544
"NLR",3.59417535631342,2.05263157894737,1.54937418195222,1.41446954213956,1.69714531432679,0.437851095821522,0.0460710836530711
"NLR",3.62241772852392,2.05263157894737,1.56330272497259,1.42588441686925,1.71396459698516,0.446800714689617,0.0465322840503843
"NLR",3.65088202412686,2.05263157894737,1.57747127068824,1.43748026836807,1.73109549021623,0.455823103342348,0.046999023733369
"NLR",3.67956998695564,2.05263157894737,1.59188362739652,1.44925814362066,1.74854527768407,0.464917986381354,0.0474718139970489
"NLR",3.70848337454639,2.05263157894737,1.60654367945642,1.4612190980768,1.76632142120122,0.47408508840828,0.0479511619776531
"NLR",3.73762395824563,2.05263157894737,1.62145538870502,1.47336419707326,1.78443156334539,0.483324134024768,0.0484375699265172
"NLR",3.76699352331881,2.05263157894737,1.63662279590407,1.48569451735644,1.80288353008053,0.492634847832466,0.0489315344852073
"NLR",3.79659386905966,2.05263157894737,1.65205002221746,1.4982111486995,1.82168533339096,0.502016954433012,0.0494335459657416
"NLR",3.82642680890044,2.05263157894737,1.66774127072009,1.51091519560683,1.84084517393843,0.511470178428054,0.0499440876398509
"NLR",3.85649417052301,2.05263157894737,1.68370082793883,1.52380777909785,1.86037144375273,0.520994244419233,0.0504636350412347
"NLR",3.88679779597085,2.05263157894737,1.69993306542599,1.53689003856137,1.88027272896741,0.530588877008195,0.0509926552847439
"NLR",3.91733954176184,2.05263157894737,1.71644244136625,1.55016313367134,1.90055781261276,0.54025380079658,0.0515316064063559
"NLR",3.94812127900207,2.05263157894737,1.73323350221738,1.56362824635389,1.92123567747881,0.549988740386035,0.0520809367276878
"NLR",3.97914489350044,2.05263157894737,1.75031088438562,1.57728658279548,1.94231550906182,0.559793420378201,0.0526410842486355
"NLR",4.01041228588416,2.05263157894737,1.76767931593633,1.59113937548148,1.96380669860779,0.569667565374724,0.05321247607153
"NLR",4.04192537171526,2.05263157894737,1.78534361834056,1.60518788525442,1.98571884626711,0.579610899977245,0.0537955278599526
"NLR",4.07368608160788,2.05263157894737,1.80330870825829,1.61943340338104,2.0080617643744,0.58962314878741,0.0543906433350811
"NLR",4.10569636134657,2.05263157894737,1.82157959935909,1.63387725361739,2.03084548086759,0.599704036406862,0.0549982138121239
"NLR",4.13795817200553,2.05263157894737,1.84016140418083,1.64852079426131,2.05408024286045,0.609853287437244,0.0556186177790629
"NLR",4.17047349006868,2.05263157894737,1.85905933602725,1.66336542018218,2.07777652038212,0.620070626480198,0.0562522205195647
"NLR",4.20324430755082,2.05263157894737,1.87827871090521,1.6784125648181,2.10194501029732,0.630355778137371,0.0568993737815425
"NLR",4.23627263211963,2.05263157894737,1.89782494950228,1.69366370213117,2.12659664041993,0.640708467010404,0.0575604154924615
"NLR",4.26956048721867,2.05263157894737,1.91770357920554,1.70912034851233,2.15174257383269,0.651128417700942,0.0582356695220874
"NLR",4.30310991219135,2.05263157894737,1.9379202361624,1.72478406462789,2.1773942134246,0.661615354810628,0.0589254454929814
"NLR",4.33692296240587,2.05263157894737,1.95848066738421,1.74065645720062,2.20356320665728,0.672169002941105,0.0596300386386624
"NLR",4.37100170938114,2.05263157894737,1.97939073289362,1.75673918071931,2.23026145057054,0.682789086694019,0.060349729708976
"NLR",4.40534824091368,2.05263157894737,2.0006564079164,1.77303393907125,2.25750109703688,0.69347533067101,0.0610847849218559
"NLR",4.43996466120553,2.05263157894737,2.02228378511873,1.78954248709349,2.28529455827358,0.704227459473724,0.0618354559603247
"NLR",4.47485309099318,2.05263157894737,2.04427907689074,1.80626663203926,2.31365451262039,0.715045197703805,0.062601980013268
"NLR",4.51001566767747,2.05263157894737,2.06664861767739,1.82320823495708,2.34259391058994,0.725928269962894,0.0633845798582351
"NLR",4.54545454545455,2.05263157894737,2.0893988663574,1.84036921198097,2.37212598119727,0.736876400852637,0.0641834639842672
"MLR",0.15,0.285714285714286,0.990265388804237,0.845158252243028,1.16028629864413,-0.0097823022784802,0.0801339211469134
"MLR",0.151006489857639,0.285714285714286,0.987727726916319,0.844119159574962,1.15576817733947,-0.0123481992576384,0.0794584177007412
"MLR",0.152019733194168,0.285714285714286,0.985246756126165,0.843113548241002,1.15134097000616,-0.0148631553497286,0.078789359330792
"MLR",0.153039775324974,0.285714285714286,0.982822239206483,0.842141999345478,1.14700318310877,-0.0173270101759072,0.0781264081088395
"MLR",0.154066661869507,0.285714285714286,0.980453946985188,0.841205099992151,1.14275334537059,-0.019739603357338,0.0774692230103471
"MLR",0.155100438753321,0.285714285714286,0.978141658332888,0.840303443091132,1.13859000773183,-0.0221007745151789,0.0768174601714331
"MLR",0.156141152210124,0.285714285714286,0.975885160152064,0.839437627173821,1.13451174331005,-0.0244103632705927,0.0761707731474345
"MLR",0.157188848783855,0.285714285714286,0.973684247368017,0.838608256216921,1.13051714736206,-0.0266682092447395,0.0755288131723344
"MLR",0.158243575330754,0.285714285714286,0.971538722921552,0.837815939476554,1.12660483724594,-0.028874152058779,0.0748912294183259
"MLR",0.159305379021467,0.285714285714286,0.969448397763435,0.837061291333418,1.1227734523824,-0.0310280313338747,0.0742576692548026
"MLR",0.16037430734315,0.285714285714286,0.967413090850635,0.836344931149949,1.11902165421432,-0.0331296866911834,0.073627778506081
"MLR",0.161450408101595,0.285714285714286,0.965432629144338,0.835667483140304,1.11534812616379,-0.0351789577518688,0.0730012017071837
"MLR",0.162533729423368,0.285714285714286,0.963506847609802,0.835029576254042,1.11175157358563,-0.0371756841370894,0.0723775823570363
"MLR",0.163624319757961,0.285714285714286,0.961635589218001,0.834431844074201,1.10823072371675,-0.0391197054680081,0.0717565631684584
"MLR",0.164722227879957,0.285714285714286,0.959818704949145,0.833874924730514,1.10478432562051,-0.0410108613657827,0.0711377863143602
"MLR",0.165827502891217,0.285714285714286,0.958056053798017,0.833359460828368,1.10141115012561,-0.0428489914515775,0.0705208936695877
"MLR",0.166940194223067,0.285714285714286,0.956347502781226,0.832886099394117,1.09810998975876,-0.04463393534655,0.0699055270478951
"MLR",0.16806035163852,0.285714285714286,0.954692926946314,0.832455491837224,1.09487965867074,-0.0463655326718623,0.0692913284335586
"MLR",0.169188025234489,0.285714285714286,0.953092209382798,0.832068293929715,1.09171899255533,-0.0480436230486741,0.0686779402071842
"MLR",0.170323265444039,0.285714285714286,0.951545241235133,0.831725165803314,1.08862684856087,-0.0496680460981472,0.068065005365298
"MLR",0.171466123038635,0.285714285714286,0.950051921717628,0.831426771964612,1.08560210519391,-0.0512386414414419,0.0674521677333515
"MLR",0.172616649130415,0.285714285714286,0.94861215813133,0.831173781328516,1.08264366221498,-0.052755248699719,0.066839072171808
"MLR",0.173774895174478,0.285714285714286,0.947225865882904,0.830966867270213,1.07975044052611,-0.0542177074941389,0.0662253647750203
"MLR",0.174940912971181,0.285714285714286,0.945892968505528,0.830806707695798,1.07692138205004,-0.0556258574458619,0.0656106930626487
"MLR",0.176114754668458,0.285714285714286,0.94461339768182,0.830693985131679,1.07415544960103,-0.0569795381760503,0.0649947061634035
"MLR",0.177296472764154,0.285714285714286,0.943387093268846,0.830629386832821,1.07145162674742,-0.0582785893058621,0.0643770549909402
"MLR",0.178486120108369,0.285714285714286,0.942214003325183,0.830613604909825,1.06880891766569,-0.0595228504564603,0.0637573924117674
"MLR",0.179683749905826,0.285714285714286,0.941094084140137,0.830647336474847,1.06622634698641,-0.0607121612490032,0.0631353734050678
"MLR",0.180889415718244,0.285714285714286,0.940027300265057,0.830731283806233,1.06370295963204,-0.0618463613046552,0.0625106552143655
"MLR",0.182103171466742,0.285714285714286,0.939013624546857,0.830866154531826,1.0612378206469,-0.0629252902445726,0.0618828974910059
"MLR",0.183325071434243,0.285714285714286,0.938053038163697,0.831052661830748,1.05883001501937,-0.0639487876899196,0.0612517624294483
"MLR",0.184555170267906,0.285714285714286,0.93714553066292,0.831291524653533,1.05647864749676,-0.0649166932618547,0.0606169148944004
"MLR",0.18579352298157,0.285714285714286,0.936291100001222,0.831583467960383,1.05418284239299,-0.0658288465815402,0.0599780225398527
"MLR",0.18704018495821,0.285714285714286,0.935489752587122,0.831929222977359,1.05194174338955,-0.0666850872701339,0.0593347559200981
"MLR",0.188295211952419,0.285714285714286,0.934741503325739,0.832329527470243,1.04975451332994,-0.0674852549488003,0.0586867885928464
"MLR",0.1895586600929,0.285714285714286,0.934046375665936,0.832785126035846,1.04762033400812,-0.0682291892386969,0.0580337972145687
"MLR",0.190830585884974,0.285714285714286,0.933404401649832,0.833296770410472,1.04553840595124,-0.0689167297609865,0.0573754616282248
"MLR",0.192111046213111,0.285714285714286,0.932815621964755,0.833865219795288,1.04350794819708,-0.0695477161368281,0.056711464943551
"MLR",0.19340009834347,0.285714285714286,0.932280085997635,0.834491241198298,1.04152819806676,-0.0701219879873844,0.0560414936101011
"MLR",0.194697799926464,0.285714285714286,0.931797851891906,0.83517560979265,1.03959841093292,-0.0706393849338153,0.0553652374832489
"MLR",0.196004208999335,0.285714285714286,0.93136898660694,0.83591910929098,1.03771785998409,-0.0710997465972779,0.0546823898833826
"MLR",0.197319383988751,0.285714285714286,0.93099356598004,0.836722532335495,1.03588583598547,-0.0715029125989392,0.0539926476485246
"MLR",0.19864338371342,0.285714285714286,0.93067167479108,0.837586680903546,1.03410164703679,-0.0718487225599555,0.0532957111806339
"MLR",0.199976267386717,0.285714285714286,0.930403406829769,0.83851236672834,1.03236461832756,-0.0721370161014877,0.0525912844858524
"MLR",0.201318094619339,0.285714285714286,0.930188864965639,0.839500411734577,1.03067409189029,-0.0723676328446973,0.0518790752089716
"MLR",0.202668925421963,0.285714285714286,0.930028161220766,0.840551648488684,1.02902942635217,-0.0725404124107476,0.0511587946624045
"MLR",0.204028820207935,0.285714285714286,0.929921416845305,0.841666920663404,1.0274299966856,-0.0726551944207946,0.0504301578499581
"MLR",0.205397839795971,0.285714285714286,0.92986876239583,0.842847083516435,1.02587519395823,-0.0727118184960014,0.0496928834857136
"MLR",0.206776045412875,0.285714285714286,0.929870337816598,0.844093004382874,1.02436442508289,-0.0727101242575273,0.0489466940083285
"MLR",0.20816349869628,0.285714285714286,0.92992629252373,0.845405563181187,1.02289711256796,-0.0726499513265349,0.0481913155910897
"MLR",0.209560261697403,0.285714285714286,0.930036785492398,0.846785652932412,1.0214726942688,-0.0725311393241843,0.0474264781480574
"MLR",0.21096639688382,0.285714285714286,0.930201985347052,0.848234180292333,1.02009062314064,-0.0723535278716356,0.0466519153366543
"MLR",0.212381967142262,0.285714285714286,0.930422070454742,0.849752066096294,1.01875036699374,-0.0721169565900487,0.045867364557073
"MLR",0.213807035781423,0.285714285714286,0.930697229021602,0.851340245916361,1.01745140825116,-0.0718212651005864,0.0450725669488938
"MLR",0.215241666534795,0.285714285714286,0.931027659192553,0.852999670630444,1.01619324371006,-0.0714662930244086,0.0442672673853338
"MLR",0.216685923563519,0.285714285714286,0.931413569154275,0.854731307002999,1.01497538430713,-0.0710518799826743,0.0434512144655759
"MLR",0.218139871459251,0.285714285714286,0.931855177241514,0.856536138276831,1.01379735488891,-0.0705778655965455,0.0426241605056723
"MLR",0.219603575247054,0.285714285714286,0.932352712046795,0.858415164775449,1.01265869398802,-0.0700440894871829,0.0417858615285624
"MLR",0.221077100388304,0.285714285714286,0.932906412533595,0.860369404515332,1.01155895360618,-0.0694503912757472,0.0409360772538139
"MLR",0.222560512783618,0.285714285714286,0.933516528153052,0.862399893827278,1.01049769900535,-0.0687966105833987,0.0400745710877744
"MLR",0.224053878775802,0.285714285714286,0.93418331896427,0.864507687985855,1.00947450850822,-0.0680825870312984,0.0392011101149282
"MLR",0.225557265152819,0.285714285714286,0.934907055758303,0.866693861845711,1.00848897330977,-0.0673081602406077,0.0383154650913863
"MLR",0.227070739150773,0.285714285714286,0.935688020185875,0.868959510483181,1.00754069730192,-0.0664731698324863,0.0374174104416102
"MLR",0.228594368456919,0.285714285714286,0.936526504888926,0.871305749841184,1.00662929691367,-0.0655774554280935,0.0365067242596961
"MLR",0.230128221212687,0.285714285714286,0.937422813636051,0.87373371737486,1.00575440096964,-0.0646208566485922,0.0355831883168378
"MLR",0.231672366016735,0.285714285714286,0.938377261461916,0.876244572694679,1.00491565057098,-0.063603213115142,0.0346465880769691
"MLR",0.233226871928009,0.285714285714286,0.939390174810734,0.878839498202717,1.00411269900319,-0.062524364448905,0.0336967127230941
"MLR",0.234791808468838,0.285714285714286,0.940461891683878,0.881519699716555,1.00334521167707,-0.061384150271039,0.0327333551974863
"MLR",0.236367245628042,0.285714285714286,0.941592761791715,0.884286407073425,1.00261286611062,-0.0601824102027079,0.0317563122598394
"MLR",0.23795325386406,0.285714285714286,0.942783146709774,0.887140874704926,1.00191535196214,-0.0589189838650702,0.0307653845686735
"MLR",0.239549904108103,0.285714285714286,0.944033420039303,0.890084382169285,1.00125237112812,-0.057593710879286,0.0297603767929725
"MLR",0.241157267767324,0.285714285714286,0.945343964286913,0.893118146633491,1.00062372955057,-0.056206434341878,0.0287411458312266
"MLR",0.242775416728016,0.285714285714286,0.94671514253098,0.896242554885096,1.00003013270482,-0.0547570309071014,0.0277080185178665
"MLR",0.244404423358821,0.285714285714286,0.948147312356068,0.899457518007721,0.999472802138854,-0.0532453960186601,0.0266615914144366
"MLR",0.246044360513973,0.285714285714286,0.949640843516099,0.902762936963983,0.998952986159141,-0.0516714253267822,0.0256024742322195
"MLR",0.247695301536551,0.285714285714286,0.951196118278545,0.906158708279696,0.998471953269473,-0.0500350144816958,0.0245312862016957
"MLR",0.24935732026176,0.285714285714286,0.952813531578198,0.909644724462502,0.998030991159715,-0.0483360591336247,0.023448655333673
"MLR",0.251030491020237,0.285714285714286,0.954493491175524,0.913220874361136,0.997631405801789,-0.0465744549328027,0.0223552177187131
"MLR",0.25271488864137,0.285714285714286,0.956236417819751,0.916887043471879,0.997274520645784,-0.0447500975294522,0.0212516168614978
"MLR",0.25441058845665,0.285714285714286,0.958042745416712,0.920643114198226,0.996961675909485,-0.0428628825738005,0.0201385030469898
"MLR",0.256117666303034,0.285714285714286,0.959912921201581,0.924488966069611,0.996694227955092,-0.0409127057160779,0.0190165327354354
"MLR",0.257836198526342,0.285714285714286,0.961847405916592,0.928424475924677,0.996473548747259,-0.0388994626065086,0.0178863679834206
"MLR",0.259566261984668,0.285714285714286,0.963846673993812,0.932449518064313,0.996301025386834,-0.0368230488953207,0.0167486758883563
"MLR",0.26130793405182,0.285714285714286,0.965911213743098,0.936563964379528,0.996178059715084,-0.0346833602327449,0.0156041280539025
"MLR",0.263061292620779,0.285714285714286,0.968041527545334,0.940767684459029,0.996106067983371,-0.0324802922690037,0.0144534000739651
"MLR",0.26482641610718,0.285714285714286,0.970238132051032,0.945060545681184,0.996086480583481,-0.0302137406543295,0.0132971710330155
"MLR",0.266603383452826,0.285714285714286,0.972501558384448,0.949442413295054,0.99612074183405,-0.0278836010389452,0.0121361230205684
"MLR",0.268392274129209,0.285714285714286,0.974832352353279,0.953913150494949,0.996210309818619,-0.0254897690730794,0.0109709406577502
"MLR",0.270193168141074,0.285714285714286,0.977231074664094,0.95847261849308,0.996356656271069,-0.0230321404069611,0.0098023106339491
"MLR",0.27200614602999,0.285714285714286,0.9796983011436,0.963120676594724,0.996561266504236,-0.0205106106908172,0.00863092125160475
"MLR",0.273831288877954,0.285714285714286,0.982234622965865,0.967857182280424,0.996825639377608,-0.0179250755748733,0.00745746197724069
"MLR",0.27566867831102,0.285714285714286,0.984840646885628,0.972681991299739,0.997151287300041,-0.0152754307093587,0.00628262299687774
"MLR",0.277518396502946,0.285714285714286,0.987516995477831,0.977594957781177,0.9975397362635,-0.0125615717444992,0.0051070947739928
"MLR",0.279380526178869,0.285714285714286,0.990264307383487,0.982595934363001,0.99799252590376,-0.00978339433052329,0.00393156760820176
"MLR",0.281255150619008,0.285714285714286,0.993083237562042,0.987684772349785,0.998511209584027,-0.00694079411765845,0.00275673119284868
"MLR",0.283142353662386,0.285714285714286,0.995974457550366,0.992861321899728,0.999097354497335,-0.00403366675613131,0.00158327416967523
"MLR",0.285042219710581,0.285714285714286,0.998938655728498,0.998125432247947,0.99975254178352,-0.00106190789616803,0.000411883678727787
"MLR",0.285714285714286,0.285714285714286,1,1,1,0,0
"MLR",0.286954833731499,0.285714285714286,1.00197653759232,1.0004783666564,1.00347695197121,0.0019745868120001,0.000756755098370064
"MLR",0.288880281263174,0.285714285714286,1.00508882603332,1.00127643853669,1.00891572929988,0.00507592171814762,0.00192195940369263
"MLR",0.290818648417596,0.285714285714286,1.00827626162552,1.00214838118597,1.01444161248302,0.00824220117205012,0.00308304937879749
"MLR",0.29277002188456,0.285714285714286,1.0115396029199,1.00309583283669,1.02005445021316,0.011473529523475,0.00423934855304718
"MLR",0.294734488935544,0.285714285714286,1.01487962674623,1.00412044631319,1.02575409211747,0.0147700111221995,0.00539018434657111
"MLR",0.296712137427611,0.285714285714286,1.0182971285228,1.00522388913812,1.03154038932247,0.0181317503179946,0.0065348885900532
"MLR",0.298703055807339,0.285714285714286,1.02179292257389,1.0064078436184,1.03741319510022,0.0215588514606312,0.00767279806363789
"MLR",0.300707333114779,0.285714285714286,1.0253678424554,1.00767400690458,1.04337236560395,0.025051418899885,0.00880325505735658
"MLR",0.30272505898743,0.285714285714286,1.02902274128878,1.00902409101687,1.04941776070218,0.0286095569855264,0.00992560795560599
"MLR",0.304756323664257,0.285714285714286,1.03275849210331,1.0104598228305,1.05554924492076,0.0322333700673281,0.0110392118483569
"MLR",0.30680121798972,0.285714285714286,1.03657598818711,1.0119829440129,1.061766688503,0.0359229624950642,0.0121434291719243
"MLR",0.30885983341784,0.285714285714286,1.04047614344701,1.01359521090408,1.06806996859895,0.0396784386185045,0.0132376303823126
"MLR",0.310932262016287,0.285714285714286,1.04445989277739,1.01529839433125,1.07445897059563,0.0434999027874257,0.0143211946643395
"MLR",0.313018596470502,0.285714285714286,1.04852819243838,1.01709427934779,1.08093358960104,0.047387459351599,0.015393510679953
"MLR",0.315118930087835,0.285714285714286,1.05268202044352,1.01898466488586,1.08749373209573,0.0513412126607937,0.0164539773593918
"MLR",0.317233356801725,0.285714285714286,1.0569223769571,1.02097136331098,1.09413931776693,0.0553612670647868,0.0175020047390862
"MLR",0.319361971175896,0.285714285714286,1.0612502847015,1.02305619986594,1.10087028154132,0.0594477269133474,0.0185370148504714
"MLR",0.321504868408591,0.285714285714286,1.06566678937463,1.02524101199026,1.10768657583396,0.0636006965562522,0.0195584426641833
"MLR",0.323662144336823,0.285714285714286,1.07017296007787,1.02752764850003,1.11458817303231,0.0678202803432701,0.0205657370944165
"MLR",0.325833895440668,0.285714285714286,1.07476988975465,1.02991796861199,1.12157506823575,0.0721065826241766,0.021558362068578
"MLR",0.328020218847575,0.285714285714286,1.07945869563993,1.03241384079366,1.12864728227287,0.0764597077487411,0.0225357976677228
"MLR",0.330221212336712,0.285714285714286,1.08424051972094,1.03501714142035,1.13580486502038,0.0808797600667387,0.0234975413436578
"MLR",0.33243697434334,0.285714285714286,1.08911652920928,1.03772975321767,1.14304789904975,0.0853668439279418,0.0244431092190075
"MLR",0.334667603963212,0.285714285714286,1.09408790385233,1.04055349471193,1.15037655194016,0.0899210516423363,0.0253720648047076
"MLR",0.336913200957007,0.285714285714286,1.09915564925433,1.04348914888326,1.15779176293367,0.0945422934680886,0.026284403811859
"MLR",0.339173865754794,0.285714285714286,1.10432063787017,1.04653670087466,1.16529508253913,0.09923033854086,0.0271804530742027
"MLR",0.341449699460517,0.285714285714286,1.10958375811661,1.04969612411765,1.17288812256127,0.103984952309168,0.028060555422342
"MLR",0.343740803856523,0.285714285714286,1.11494591858164,1.05296740082499,1.18057254231034,0.108805900221528,0.0289250611826083
"MLR",0.346047281408111,0.285714285714286,1.1204080482236,1.05635052131143,1.18835004972191,0.113692947726459,0.0297743281234099
"MLR",0.348369235268117,0.285714285714286,1.12597109657588,1.0598454832432,1.1962224025758,0.118645860272482,0.0306087214294268
"MLR",0.350706769281522,0.285714285714286,1.13163603395729,1.06345229083269,1.20419140979787,0.12366440330811,0.0314286136950577
"MLR",0.353059987990104,0.285714285714286,1.13740385168799,1.06717095399065,1.21225893283262,0.128748342281864,0.0322343849305639
"MLR",0.355428996637105,0.285714285714286,1.14327556231111,1.0710014874455,1.22042688707685,0.133897442642261,0.0330264225757908
"MLR",0.357813901171946,0.285714285714286,1.14925219982017,1.07494390983729,1.22869724336725,0.13911146983782,0.0338051215173829
"MLR",0.360214808254958,0.285714285714286,1.15533481989216,1.07899824279269,1.23707202951554,0.144390189317057,0.0345708841061479
"MLR",0.362631825262158,0.285714285714286,1.16152450012653,1.08316450998615,1.24555333188626,0.149733366528492,0.0353241201717709
"MLR",0.365065060290048,0.285714285714286,1.16782234028998,1.08744273619211,1.25414329701259,0.155140766920641,0.0360652470324722
"MLR",0.36751462216045,0.285714285714286,1.17422946256713,1.09183294633212,1.26284413324644,0.160612155942023,0.0367946894975015
"MLR",0.369980620425374,0.285714285714286,1.18074701181725,1.0963351645211,1.27165811243897,0.166147299041155,0.0375128798605759
"MLR",0.372463165371915,0.285714285714286,1.18737615583692,1.10094941311624,1.28058757164822,0.171745961666556,0.0382202578825366
"MLR",0.374962368027188,0.285714285714286,1.19411808562872,1.10567571177228,1.2896349148703,0.177407909266743,0.0389172707616276
"MLR",0.377478340163292,0.285714285714286,1.20097401567616,1.11051407650676,1.29880261479111,0.183132907290236,0.0396043730898991
"MLR",0.380011194302311,0.285714285714286,1.20794518422463,1.11546451877893,1.3080932145549,0.18892072118555,0.0402820267943215
"MLR",0.382561043721341,0.285714285714286,1.21503285356873,1.12052704458596,1.31750932954668,0.194771116401204,0.0409507010612674
"MLR",0.385128002457564,0.285714285714286,1.2222383103458,1.1257016535802,1.32705364918478,0.200683858385716,0.0416108722430827
"MLR",0.387712185313339,0.285714285714286,1.22956286583579,1.13098833821144,1.33672893872022,0.206658712587604,0.0422630237455291
"MLR",0.390313707861346,0.285714285714286,1.23700785626766,1.13638708289797,1.3465380410394,0.212695444455388,0.0429076458949464
"MLR",0.392932686449745,0.285714285714286,1.24457464313212,1.14189786323064,1.35648387846627,0.218793819437581,0.0435452357840429
"MLR",0.395569238207389,0.285714285714286,1.25226461350105,1.14752064521386,1.36656945456059,0.224953602982704,0.044176297095303
"MLR",0.398223481049054,0.285714285714286,1.26007918035342,1.15325538454779,1.37679785590835,0.231174560539275,0.0448013399010688
"MLR",0.400895533680718,0.285714285714286,1.26801978290803,1.15910202595593,1.38717225390068,0.237456457555812,0.0454208804394516
"MLR",0.403585515604867,0.285714285714286,1.27608788696286,1.1650605025623,1.39769590649758,0.243799059480831,0.0460354408653183
"MLR",0.406293547125843,0.285714285714286,1.28428498524141,1.17113073532251,1.40837215997265,0.250202131762853,0.0466455489757109
"MLR",0.409019749355218,0.285714285714286,1.29261259774582,1.17731263251279,1.41920445063519,0.256665439850393,0.0472517379091746
"MLR",0.411764244217219,0.285714285714286,1.30107227211707,1.18360608928117,1.43019630652623,0.263188749191971,0.0478545458186043
"MLR",0.414527154454173,0.285714285714286,1.30966558400221,1.19001098726474,1.44135134908486,0.269771825236103,0.0484545155173598
"MLR",0.417308603632,0.285714285714286,1.3183941374287,1.19652719427694,1.45267329478185,0.276414433431309,0.0490521940985568
"MLR",0.420108716145741,0.285714285714286,1.32725956518605,1.20315456406831,1.46416595671731,0.283116339226105,0.0496481325276077
"MLR",0.422927617225117,0.285714285714286,1.33626352921475,1.20989293616433,1.47583324617985,0.289877308069009,0.0502428852082638
"MLR",0.425765432940134,0.285714285714286,1.34540772100256,1.21674213578323,1.48767917416463,0.29669710540854,0.0508370095225949
"MLR",0.428622290206718,0.285714285714286,1.35469386198831,1.22370197383671,1.49970785284825,0.303575496693215,0.0514310653455407
"MLR",0.431498316792392,0.285714285714286,1.36412370397333,1.23077224701581,1.51192349701887,0.310512247371553,0.0520256145348707
"MLR",0.434393641321991,0.285714285714286,1.37369902954043,1.23795273796395,1.52433042546029,0.317507122892072,0.052621220397594
"MLR",0.437308393283414,0.285714285714286,1.38342165248075,1.24524321553861,1.53693306228917,0.324559888703289,0.053218447134076
"MLR",0.440242703033415,0.285714285714286,1.3932934182284,1.25264343516258,1.54973593824537,0.331670310253721,0.0538178592613274
"MLR",0.443196701803434,0.285714285714286,1.40331620430308,1.2601531392652,1.56274369193566,0.338838152991888,0.0544200210171429
"MLR",0.446170521705462,0.285714285714286,1.41349192076071,1.26777205781344,1.57596107103175,0.346063182366307,0.0550254957469733
"MLR",0.449164295737956,0.285714285714286,1.42382251065223,1.27549990893202,1.5893929334244,0.353345163825495,0.0556348452756147
"MLR",0.452178157791781,0.285714285714286,1.43430995049068,1.28333639961117,1.60304424833574,0.360683862817971,0.056248629265989
"MLR",0.455212242656203,0.285714285714286,1.44495625072655,1.29128122649991,1.61692009739281,0.368079044792253,0.0568674045674641
"MLR",0.458266686024914,0.285714285714286,1.45576345623166,1.29933407678231,1.63102567566586,0.375530475196858,0.057491724556331
"MLR",0.4613416245021,0.285714285714286,1.46673364679154,1.30749462913321,1.6453662926758,0.383037919480304,0.0581221384711911
"MLR",0.464437195608554,0.285714285714286,1.47786893760657,1.31576255474949,1.6599473733756,0.390601143091109,0.0587591907461361
"MLR",0.467553537787823,0.285714285714286,1.48917147980177,1.32413751845231,1.67477445911135,0.398219911477794,0.0594034203446996
"MLR",0.470690790412401,0.285714285714286,1.5006434609456,1.33261917985507,1.68985320856908,0.405893990088871,0.0600553600976346
"MLR",0.473849093789962,0.285714285714286,1.51228710557769,1.34120719459145,1.7051893987142,0.413623144372863,0.0607155360476197
"MLR",0.477028589169636,0.285714285714286,1.52410467574573,1.34990121559709,1.72078892573079,0.421407139778285,0.061384466804012
"MLR",0.480229418748324,0.285714285714286,1.5360984715516,1.3587008944385,1.73665780596863,0.429245741753656,0.0620626629107558
"MLR",0.483451725677057,0.285714285714286,1.54827083170681,1.36760588268174,1.75280217690607,0.437138715747493,0.0627506262305135
"MLR",0.486695654067405,0.285714285714286,1.56062413409747,1.37661583329381,1.76922829813745,0.445085827208316,0.0634488493480113
"MLR",0.48996134899791,0.285714285714286,1.57316079635883,1.38573040206878,1.78594255239377,0.453086841584641,0.064157814995491
"MLR",0.493248956520587,0.285714285714286,1.58588327645957,1.39494924907089,1.80295144660587,0.461141524324985,0.0648779955030265
"MLR",0.496558623667447,0.285714285714286,1.5987940732959,1.40427204008681,1.82026161301913,0.469249640877868,0.0656098522763029
"MLR",0.499890498457077,0.285714285714286,1.61189572729569,1.41369844807875,1.83787981036912,0.477410956691809,0.0663538353042702
"MLR",0.503244729901258,0.285714285714286,1.62519082103266,1.42322815463075,1.85581292512728,0.485625237215323,0.0671103826988741
"MLR",0.506621468011631,0.285714285714286,1.63868197985085,1.43286085138033,1.87406797282588,0.493892247896928,0.0678799202688347
"MLR",0.510020863806404,0.285714285714286,1.65237187249946,1.44259624142774,1.89265209947112,0.502211754185145,0.068662861129195
"MLR",0.513443069317107,0.285714285714286,1.66626321177813,1.45243404071573,1.91157258305307,0.510583521528489,0.0694596053480955
"MLR",0.516888237595392,0.285714285714286,1.68035875519301,1.46237397937284,1.93083683516084,0.519007315375477,0.0702705396319599
"MLR",0.520356522719877,0.285714285714286,1.69466130562347,1.47241580301363,1.95045240271091,0.527482901174631,0.0710960370499909
"MLR",0.523848079803036,0.285714285714286,1.70917371199981,1.48255927398988,1.97042696979624,0.536010044374466,0.0719364567985879
"MLR",0.527363064998139,0.285714285714286,1.72389886999203,1.49280417258735,1.99076835966299,0.5445885104235,0.0727921440060164
"MLR",0.530901635506233,0.285714285714286,1.73883972270985,1.50315029816291,2.01148453682172,0.553218064770252,0.0736634295773722
"MLR",0.534463949583173,0.285714285714286,1.75399926141399,1.51359747021794,2.03258360929861,0.561898472863238,0.0745506300796061
"MLR",0.538050166546701,0.285714285714286,1.76938052623909,1.52414552940419,2.05407383103237,0.570629500150978,0.0754540476661163
"MLR",0.541660446783569,0.285714285714286,1.78498660692819,1.53479433845896,2.07596360442152,0.579410912081989,0.0763739700401539
"MLR",0.545294951756715,0.285714285714286,1.80082064357905,1.54554378306719,2.09826148302617,0.58824247410479,0.0773106704560572
"MLR",0.548953844012481,0.285714285714286,1.81688582740248,1.55639377264875,2.12097617442792,0.597123951667897,0.0782644077571105
"MLR",0.552637287187885,0.285714285714286,1.83318540149274,1.56734424106952,2.14411654325085,0.606055110219827,0.0792354264486224
"MLR",0.556345446017936,0.285714285714286,1.84972266161025,1.5783951472759,2.16769161434607,0.615035715209101,0.0802239568046454
"MLR",0.560078486343008,0.285714285714286,1.8665009569767,1.58954647585266,2.19171057614163,0.624065532084237,0.0812302150066003
"MLR",0.563836575116248,0.285714285714286,1.88352369108283,1.60079823750463,2.21618278415928,0.63314432629375,0.0822544033119427
"MLR",0.567619880411051,0.285714285714286,1.90079432250891,1.61215046946342,2.24111776469886,0.642271863286161,0.0832967102508977
"MLR",0.571428571428572,0.285714285714286,1.91831636575819,1.62360323582068,2.26652521869089,0.651447908509984,0.0843573108492051
"SIRI",0.4125,1.125,0.733627640163541,0.619997586085399,0.868083241759255,-0.309753681318442,0.0851088411393905
"SIRI",0.416669838686363,1.125,0.734814615246008,0.622378348412848,0.867563147330066,-0.308137035738253,0.0839881458306177
"SIRI",0.420881829020411,1.125,0.736023228709171,0.624760102039211,0.867101134389458,-0.306493600005134,0.0828875972648963
"SIRI",0.425136397100499,1.125,0.737253647268369,0.627143147089096,0.866696770798476,-0.30482328417336,0.0818069517542308
"SIRI",0.429433973332283,1.125,0.738506040004611,0.629527807517816,0.866349610946862,-0.303125998297215,0.0807459506376842
"SIRI",0.433774992472257,1.125,0.739780578398586,0.631914431690601,0.866059195248296,-0.301401652430973,0.0797043201084635
"SIRI",0.438159893671742,1.125,0.7410774363652,0.634303392926252,0.865825049675353,-0.299650156628919,0.0786817710752468
"SIRI",0.442589120521306,1.125,0.74239679028866,0.636695090001884,0.865646685337676,-0.297871420945327,0.0776779990598895
"SIRI",0.44706312109564,1.125,0.743738819058108,0.639089947615522,0.865523598106606,-0.29606535543448,0.0766926841334776
"SIRI",0.45158234799889,1.125,0.745103704103825,0.641488416803514,0.865455268289419,-0.294231870150656,0.0757254908925256
"SIRI",0.45614725841044,1.125,0.746491629434007,0.643890975309965,0.86544116035604,-0.292370875148134,0.0747760684768996
"SIRI",0.460758314131163,1.125,0.747902781672126,0.646298127905645,0.865480722720842,-0.290482280481195,0.0738440506308156
"SIRI",0.465415981630139,1.125,0.74933735009489,0.64871040665415,0.865573387581848,-0.288565996204115,0.0729290558080004
"SIRI",0.470120732091843,1.125,0.7507955266708,0.651128371123426,0.86571857081932,-0.286621932371177,0.0720306873218252
"SIRI",0.474873041463813,1.125,0.752277506099343,0.653552608541137,0.865915671955313,-0.284649999036657,0.071148533540922
"SIRI",0.479673390504799,1.125,0.753783485850795,0.65598373389279,0.866164074175407,-0.282650106254836,0.0702821681304756
"SIRI",0.484522264833394,1.125,0.755313666206679,0.658422389961912,0.866463144413386,-0.280622164079994,0.06943115033906
"SIRI",0.489420154977167,1.125,0.75686825030087,0.660869247312066,0.86681223349919,-0.278566082566409,0.0685950253305532
"SIRI",0.494367556422281,1.125,0.758447444161365,0.663325004210927,0.867210676370023,-0.276481771768361,0.0677733245603247
"SIRI",0.49936496966362,1.125,0.760051456752733,0.665790386497124,0.867657792343998,-0.274369141740129,0.0669655661945516
"SIRI",0.504412900255421,1.125,0.76168050001925,0.668266147391,0.868152885455271,-0.272228102535993,0.0661712555711925
"SIRI",0.509511858862416,1.125,0.763334788928742,0.670753067250954,0.868695244849153,-0.270058564210231,0.0653898857008191
"SIRI",0.514662361311495,1.125,0.765014541517141,0.673251953277428,0.869284145235175,-0.267860436817123,0.0646209378052031
"SIRI",0.519864928643886,1.125,0.766719978933765,0.675763639167094,0.869918847395747,-0.265633630410948,0.0638638818912655
"SIRI",0.525120087167868,1.125,0.768451325487354,0.678288984720164,0.870598598747547,-0.263378055045986,0.0631181773577281
"SIRI",0.530428368512011,1.125,0.770208808692842,0.680828875404168,0.871322633952453,-0.261093620776517,0.0623832736315706
"SIRI",0.535790309678958,1.125,0.77199265931892,0.683384221877884,0.872090175574458,-0.258780237656817,0.061658610831182
"SIRI",0.541206453099752,1.125,0.773803111436366,0.685955959479398,0.872900434778693,-0.256437815741169,0.0609436204529224
"SIRI",0.546677346688709,1.125,0.775640402467188,0.688545047682591,0.873752612068453,-0.254066265083851,0.0602377260776648
"SIRI",0.552203543898844,1.125,0.777504773234571,0.691152469526528,0.87464589805584,-0.251665495739141,0.0595403440937791
"SIRI",0.557785603777864,1.125,0.779396468013656,0.693779231022414,0.875579474261513,-0.249235417761319,0.0588508844329524
"SIRI",0.563424091024723,1.125,0.781315734583166,0.696426360542945,0.876552513938893,-0.246775941204667,0.0581687513152037
"SIRI",0.569119576046744,1.125,0.783262824277895,0.699094908198914,0.8775641829181,-0.24428697612346,0.0574933439994572
"SIRI",0.574872635017328,1.125,0.78523799204206,0.701785945207986,0.87861364046484,-0.24176843257198,0.0568240575360732
"SIRI",0.580683849934241,1.125,0.787241496483568,0.704500563260546,0.879700040149556,-0.239220220604506,0.0561602835178149
"SIRI",0.586553808678488,1.125,0.789273599929169,0.707239873887443,0.880822530722147,-0.236642250275317,0.0555014108258283
"SIRI",0.592483105073788,1.125,0.791334568480554,0.71000500783435,0.881980256987715,-0.234034431638691,0.0548468263673528
"SIRI",0.598472338946644,1.125,0.793424672071389,0.712797114447328,0.883172360678951,-0.23139667474891,0.0541959158020399
"SIRI",0.604522116187026,1.125,0.795544184525314,0.715617361073969,0.884397981320955,-0.228728889660251,0.0535480642539424
"SIRI",0.610633048809665,1.125,0.797693383614919,0.718466932484299,0.885656257084488,-0.226030986426995,0.052902657006444
"SIRI",0.616805755015964,1.125,0.799872551121721,0.721347030315369,0.886946325623959,-0.223302875103419,0.052259080177622
"SIRI",0.623040859256538,1.125,0.802081972897163,0.724258872543186,0.888267324896658,-0.220544465743803,0.051616721373771
"SIRI",0.629338992294386,1.125,0.804321938924636,0.727203692985354,0.889618393960102,-0.21775566840243,0.050974970319062
"SIRI",0.635700791268703,1.125,0.806592743382579,0.730182740837496,0.89099867374464,-0.214936393133575,0.0503332194595645
"SIRI",0.64212689975933,1.125,0.808894684708636,0.733197280246194,0.892407307798767,-0.212086549991519,0.0496908645401126
"SIRI",0.648617967851865,1.125,0.81122806566492,0.736248589920885,0.893843443004984,-0.209206049030539,0.0490473051527526
"SIRI",0.655174652203426,1.125,0.81359319340439,0.739337962786831,0.895306230264284,-0.206294800304919,0.0484019452557619
"SIRI",0.661797616109079,1.125,0.815990379538374,0.742466705680935,0.896794825147775,-0.203352713868935,0.0477541936624746
"SIRI",0.668487529568944,1.125,0.818419940205249,0.7456361390919,0.898308388514158,-0.200379699776865,0.0471034644993897
"SIRI",0.675245069355969,1.125,0.820882196140298,0.748847596945863,0.899846087092183,-0.197375668082992,0.0464491776332656
"SIRI",0.682070919084396,1.125,0.823377472746788,0.752102426438432,0.901407094027487,-0.194340528841592,0.0457907590671243
"SIRI",0.68896576927892,1.125,0.825906100168259,0.755401987913651,0.902990589393464,-0.191274192106947,0.045127641305294
"SIRI",0.695930317444542,1.125,0.828468413362077,0.758747654790263,0.904595760666178,-0.188176567933335,0.0444592636878112
"SIRI",0.702965268137131,1.125,0.831064752174264,0.762140813535301,0.906221803163516,-0.185047566375035,0.0437850726946842
"SIRI",0.710071333034701,1.125,0.833695461415618,0.765582863684834,0.907867920449079,-0.181887097486327,0.0431045222206832
"SIRI",0.717249231009405,1.125,0.836360890939175,0.769075217911462,0.909533324701537,-0.178695071321489,0.042417073821479
"SIRI",0.724499688200258,1.125,0.839061395719003,0.772619302137941,0.911217237050372,-0.175471397934803,0.0417221969320875
"SIRI",0.731823438086598,1.125,0.841797335930395,0.776216555696106,0.912918887879197,-0.172215987380545,0.0410193690587098
"SIRI",0.739221221562284,1.125,0.844569077031446,0.779868431530062,0.914637517097976,-0.168928749712997,0.0403080759451768
"SIRI",0.746693787010649,1.125,0.847376989846078,0.783576396442464,0.916372374385737,-0.165609594986438,0.0395878117153163
"SIRI",0.75424189038021,1.125,0.850221450648515,0.787341931382456,0.918122719405532,-0.162258433255144,0.0388580789926698
"SIRI",0.761866295261138,1.125,0.853102841249239,0.791166531773697,0.919887821993584,-0.158875174573399,0.0381183889990921
"SIRI",0.76956777296251,1.125,0.856021549082484,0.795051707880689,0.921666962324847,-0.155459728995478,0.0373682616338703
"SIRI",0.777347102590333,1.125,0.858977967295251,0.798998985211359,0.923459431057349,-0.152012006575665,0.0366072255351201
"SIRI",0.785205071126365,1.125,0.861972494837915,0.803009904953654,0.925264529458054,-0.148531917368234,0.035834818125344
"SIRI",0.793142473507725,1.125,0.865005536556431,0.807086024443516,0.927081569513219,-0.145019371427469,0.0350505856431903
"SIRI",0.801160112707313,1.125,0.868077503286183,0.811228917661308,0.92890987402669,-0.141474278807646,0.034254083163641
"SIRI",0.809258799815041,1.125,0.871188811947495,0.815440175753189,0.930748776710025,-0.137896549563047,0.033444874609094
"SIRI",0.817439354119885,1.125,0.874339885642857,0.819721407573418,0.932597622268997,-0.134286093747949,0.0326225327541105
"SIRI",0.825702603192769,1.125,0.877531153755872,0.824074240242638,0.934455766491837,-0.130642821416633,0.0317866392270071
"SIRI",0.834049382970281,1.125,0.880763052051986,0.828500319716235,0.936322576345686,-0.126966642623377,0.0309367845120021
"SIRI",0.842480537839242,1.125,0.884036022781017,0.833001311355328,0.938197430089171,-0.123257467422461,0.0300725679563595
"SIRI",0.850996920722126,1.125,0.887350514781521,0.837578900491048,0.940079717410988,-0.119515205868164,0.0291935977879491
"SIRI",0.859599393163345,1.125,0.890706983587046,0.842234792970099,0.941968839607057,-0.115739768014765,0.0282994911499973
"SIRI",0.868288825416403,1.125,0.894105891534285,0.846970715665878,0.943864209812521,-0.111931063916545,0.0273898741616706
"SIRI",0.877066096531937,1.125,0.89754770943331,0.851788415330603,0.945765258378523,-0.108089001889584,0.0264643838470104
"SIRI",0.885932094446643,1.125,0.901033137406155,0.856689429609499,0.947672151241606,-0.104213243574911,0.0255229275312668
"SIRI",0.894887716073101,1.125,0.90456333849945,0.861674830808465,0.949586554117593,-0.100302950617895,0.0245659577683382
"SIRI",0.903933867390513,1.125,0.908139548706696,0.866745617317961,0.95151036641776,-0.0963572241866663,0.0235940136181108
"SIRI",0.913071463536352,1.125,0.911763023387766,0.871902770535149,0.953445543368286,-0.0923751654493619,0.0226076556129587
"SIRI",0.92230142889894,1.125,0.915435037778067,0.877147256673831,0.955394093768854,-0.0883558755741179,0.0216074642434448
"SIRI",0.931624697210966,1.125,0.919156887514732,0.882480028452155,0.957358077947228,-0.0842984557290687,0.0205940385405128
"SIRI",0.941042211643939,1.125,0.922929889180305,0.887902026668159,0.959339605900819,-0.0802020070823494,0.0195679947467391
"SIRI",0.950554924903607,1.125,0.926755380864392,0.893414181672647,0.961340835616825,-0.0760656308020956,0.0185299650696818
"SIRI",0.960163799326336,1.125,0.930634722743771,0.899017414748456,0.963363971563002,-0.071888428056442,0.0174805965108115
"SIRI",0.96986980697646,1.125,0.934569297681466,0.904712639404705,0.965411263341621,-0.0676695000135243,0.0164205497639258
"SIRI",0.979673929744619,1.125,0.938560511845311,0.910500762594203,0.96748500449959,-0.0634079478414785,0.0153504981773352
"SIRI",0.989577159447092,1.125,0.942609795346559,0.916382685861842,0.96958753148817,-0.0591028727084373,0.0142711267744766
"SIRI",0.999580497926131,1.125,0.946718602899075,0.922359306431401,0.97172122276606,-0.0547533757825386,0.0131831313279418
"SIRI",1.00968495715131,1.125,0.950888414499744,0.928431518237991,0.973888498040047,-0.0503585582319156,0.01208721748222
"SIRI",1.0198915593219,1.125,0.955120736130655,0.934600212912975,0.976091817637653,-0.0459175212247064,0.0109840999207371
"SIRI",1.03020133697028,1.125,0.959417100483733,0.940866280728117,0.97833368200662,-0.0414293659290431,0.0098745015730313
"SIRI",1.04061533306638,1.125,0.963779067708439,0.947230611505384,0.980616631336211,-0.0368931935130626,0.00875915285814419
"SIRI",1.05113460112321,1.125,0.968208226183245,0.95369409549882,0.982943245295645,-0.0323081051448984,0.00763879096051316
"SIRI",1.06176020530342,1.125,0.972706193311557,0.960257624254689,0.985316142885121,-0.0276732019926883,0.00651415913484483
"SIRI",1.07249322052697,1.125,0.977274616342865,0.966922091456112,0.987737982395082,-0.0229875852245656,0.00538600603661413
"SIRI",1.08333473257986,1.125,0.981915173219814,0.97368839375832,0.990211461469481,-0.0182503560086647,0.0042550850749852
"SIRI",1.09428583822396,1.125,0.98662957345203,0.980557431620711,0.992739317268945,-0.0134606155131243,0.00312215378507521
"SIRI",1.10534764530799,1.125,0.991419559017512,0.987530110141979,0.995324326729808,-0.00861746490607562,0.00198797321658925
"SIRI",1.11652127287959,1.125,0.996286905292394,0.994607339904584,0.997969306914946,-0.00372000535565739,0.000853307335948495
"SIRI",1.125,1.125,1,1,1,0,0
"SIRI",1.1278078512985,1.125,1.00123342201002,1.00067711545248,1.00179003783514,0.00123266196999722,0.000281077560900803
"SIRI",1.13920852235094,1.125,1.00626095425019,1.00345065105825,1.00907912808732,0.00624143590275449,0.00141441342775389
"SIRI",1.15072443936508,1.125,1.01137138345954,1.00629285413793,1.01647554295428,0.0113072152744746,0.00254593104221241
"SIRI",1.16235676732776,1.125,1.01656662850402,1.00920670746461,1.0239802238178,0.0164308989170266,0.00367486057725816
"SIRI",1.17410668300233,1.125,1.02184864675459,1.0121952369274,1.03159412214175,0.0216133856622742,0.00480043217303936
"SIRI",1.18597537504766,1.125,1.02721943520695,1.01526151234641,1.03931820051783,0.0268555743420802,0.00592187651160492
"SIRI",1.19796404413845,1.125,1.03268103163674,1.01840864834937,1.04715343377217,0.0321583637883127,0.00703842539735257
"SIRI",1.21007390308661,1.125,1.03823551579102,1.02163980530451,1.05510081014175,0.0375226528328328,0.00814931234601939
"SIRI",1.22230617696407,1.125,1.04388501061744,1.02495819030433,1.06316133253028,0.0429493403075087,0.00925377318512375
"SIRI",1.23466210322657,1.125,1.0496316835322,1.02836705819413,1.07133601985398,0.0484393250442028,0.0103510466688621
"SIRI",1.24714293183899,1.125,1.05547774772816,1.03186971263882,1.07962590848837,0.0539935058747817,0.0114403751105919
"SIRI",1.25974992540167,1.125,1.06142546352436,1.03546950722084,1.08803205382814,0.0596127816311078,0.012521005036173
"SIRI",1.27248435927823,1.125,1.06747713975833,1.03916984656147,1.0965555319731,0.0652980511450491,0.0135921878616106
"SIRI",1.28534752172456,1.125,1.07363513522267,1.04297418745679,1.10519744155448,0.0710502132484677,0.0146531805986365
"SIRI",1.29834071401912,1.125,1.07990186014734,1.04688604001886,1.11395890571687,0.0768701667732298,0.0157032465920941
"SIRI",1.31146525059463,1.125,1.08627977772914,1.05090896881165,1.12284107427268,0.0827588105511994,0.0167416562932387
"SIRI",1.32472245917099,1.125,1.09277140571017,1.05504659396989,1.13184512604745,0.0887170434142411,0.0177676880733544
"SIRI",1.33811368088965,1.125,1.09937931800667,1.05930259228797,1.14097227143596,0.0947457641942206,0.0187806290824114
"SIRI",1.35164027044922,1.125,1.10610614639016,1.06368069826441,1.15022375519121,0.100845871723002,0.0197797761578381
"SIRI",1.36530359624259,1.125,1.11295458222265,1.06818470508571,1.15960085947028,0.107018264832451,0.0207644367888856
"SIRI",1.3791050404953,1.125,1.11992737824765,1.07281846553168,1.16910490716345,0.113263842354432,0.0217339301425024
"SIRI",1.3930459994054,1.125,1.12702735043906,1.07758589278208,1.1787372655356,0.119583503120808,0.0226875881571232
"SIRI",1.40712788328468,1.125,1.13425737990992,1.08249096110224,1.18849935021176,0.125978145963447,0.0236247567113157
"SIRI",1.42135211670136,1.125,1.14162041488303,1.08753770638253,1.19839262954188,0.132448669714211,0.0245447968748197
"SIRI",1.43572013862419,1.125,1.1491194727257,1.09273022650371,1.20841862938338,0.138995973204966,0.0254470862501665
"SIRI",1.45023340256801,1.125,1.15675756298672,1.09807249372004,1.21857898014894,0.145620886917782,0.0263310723309889
"SIRI",1.46489337674081,1.125,1.16453695634786,1.10356662344881,1.22887580494395,0.152323545646208,0.0271967479653973
"SIRI",1.47970154419228,1.125,1.17245949891515,1.10921364712721,1.23931154305272,0.159103678238618,0.0280444245405638
"SIRI",1.49465940296378,1.125,1.18052707026612,1.11501460661089,1.24988870582343,0.165961008467398,0.0288744253616841
"SIRI",1.50976846623994,1.125,1.18874158989391,1.12097056756862,1.26060987543012,0.172895260104939,0.0296870817383813
"SIRI",1.5250302625017,1.125,1.19710501783286,1.12708261885104,1.27147770691512,0.179906156923624,0.0304827329843934
"SIRI",1.54044633568098,1.125,1.20561935529865,1.13335187175919,1.28249493038254,0.186993422695842,0.0312617264507857
"SIRI",1.55601824531683,1.125,1.21428664534331,1.13977945922782,1.29366435332854,0.194156781193979,0.032024417584124
"SIRI",1.57174756671322,1.125,1.2231089735253,1.14636653493474,1.30498886309803,0.201395956190423,0.0327711700030003
"SIRI",1.58763589109838,1.125,1.23208846859482,1.15311427234468,1.31647142946001,0.208710671457561,0.0335023555876878
"SIRI",1.60368482578579,1.125,1.24122730319476,1.16002386369432,1.32811510729587,0.216100650767779,0.0342183545787079
"SIRI",1.61989599433681,1.125,1.25052769457736,1.16709651892357,1.33992303939635,0.223565617893465,0.0349195556808081
"SIRI",1.63627103672486,1.125,1.25999190533696,1.1743334645576,1.35189845936371,0.231105296607007,0.035606356169369
"SIRI",1.65281160950137,1.125,1.26962224415911,1.18173594254321,1.36404469461643,0.23871941068079,0.0362791619966353
"SIRI",1.66951938596335,1.125,1.27942106658615,1.1893052090428,1.37636516949414,0.246407683887202,0.0369383878954268
"SIRI",1.68639605632268,1.125,1.28939077579981,1.19704253318928,1.38886340846065,0.254169839998631,0.0375844574781771
"SIRI",1.70344332787707,1.125,1.2995338234208,1.20494919580482,1.40154303940316,0.262005602787461,0.0382178033292691
"SIRI",1.72066292518278,1.125,1.30985271032593,1.21302648808657,1.41440779702557,0.269914696026083,0.0388388670887275
"SIRI",1.73805659022913,1.125,1.32034998748295,1.22127571026285,1.42746152633382,0.277896843486882,0.0394480995253735
"SIRI",1.75562608261464,1.125,1.3310282568034,1.22969817022311,1.44070818621098,0.285951768942245,0.0400459605975834
"SIRI",1.77337317972513,1.125,1.34189017201378,1.23829518212556,1.45415185307939,0.294079196164559,0.0406329194997976
"SIRI",1.79129967691343,1.125,1.35293843954544,1.24706806498671,1.46779672464723,0.302278848926212,0.0412094546929353
"SIRI",1.8094073876811,1.125,1.36417581944341,1.25601814125724,1.48164712373606,0.31055045099959,0.0417760539168619
"SIRI",1.82769814386181,1.125,1.37560512629452,1.26514673538919,1.49570750218602,0.318893726157081,0.0423332141830508
"SIRI",1.8461737958067,1.125,1.38722923017523,1.2744551724,1.50998244483454,0.327308398171072,0.0428814417455803
"SIRI",1.86483621257156,1.125,1.39905105761939,1.28394477643902,1.52447667356423,0.335794190813948,0.0434212520486009
"SIRI",1.88368728210589,1.125,1.41107359260635,1.29361686936311,1.53919505141525,0.344350827858099,0.0439531696484219
"SIRI",1.90272891144392,1.125,1.42329987756983,1.30347276932797,1.5541425867567,0.352978033075911,0.0444777281083767
"SIRI",1.92196302689749,1.125,1.43573301442779,1.31351378940253,1.56932443751165,0.361675530239769,0.044995469864666
"SIRI",1.94139157425098,1.125,1.4483761656338,1.32374123621426,1.58474591542944,0.370443043122063,0.0455069460614154
"SIRI",1.96101651895811,1.125,1.46123255525016,1.33415640863343,1.60041249039907,0.379280295495179,0.046012716353249
"SIRI",1.98083984634077,1.125,1.47430547004332,1.34476059650512,1.61632979479659,0.388187011131504,0.0465133486737649
"SIRI",2.00086356178989,1.125,1.48759826060188,1.35555507943784,1.63250362785956,0.397162913803425,0.0470094189683986
"SIRI",2.02108969096828,1.125,1.50111434247758,1.36654112565814,1.64893996008109,0.406207727283329,0.0475015108902863
"SIRI",2.04152028001557,1.125,1.51485719734979,1.37771999094075,1.66564493761575,0.415321175343602,0.0479902154578921
"SIRI",2.06215739575522,1.125,1.5288303742138,1.38909291762398,1.68262488668984,0.424502981756634,0.048476130673335
"SIRI",2.08300312590355,1.125,1.54303749059342,1.40066113372043,1.69988631800794,0.433752870294809,0.048959861100556
"SIRI",2.10405957928103,1.125,1.55748223377833,1.4124258521326,1.7174359311482,0.443070564730515,0.0494420174026918
"SIRI",2.12532888602551,1.125,1.57216836208658,1.42438826998357,1.73528061893862,0.452455788836141,0.0499232158382765
"SIRI",2.14681319780779,1.125,1.58709970615274,1.43654956807208,1.75342747180704,0.461908266384072,0.0504040777161685
"SIRI",2.16851468804928,1.125,1.60228017024217,1.44891091046152,1.77188378209775,0.471427721146695,0.0508852288094141
"SIRI",2.19043555214182,1.125,1.61771373359182,1.46147344421165,1.79065704834839,0.481013876896397,0.0513672987285728
"SIRI",2.21257800766984,1.125,1.63340445177819,1.47423829926136,1.809754979521,0.490666457405567,0.0518509202553918
"SIRI",2.23494429463463,1.125,1.64935645811274,1.48720658847017,1.82918549918243,0.50038518644659,0.0523367286380679
"SIRI",2.25753667568101,1.125,1.66557396506545,1.50037940782529,1.8489567496296,0.510169787791853,0.05282536084973
"SIRI",2.2803574363262,1.125,1.6820612657169,1.51375783682001,1.86907709595663,0.520019985213745,0.0533174548121503
"SIRI",2.30340888519099,1.125,1.69882273523954,1.52734293900841,1.88955513006164,0.529935502484651,0.0538136485870962
"SIRI",2.32669335423337,1.125,1.7158628324085,1.5411357627397,1.91039967459259,0.539916063376959,0.0543145795381243
"SIRI",2.35021319898436,1.125,1.73318610114265,1.55513734207479,1.9316197868327,0.549961391663056,0.054820883466006
"SIRI",2.37397079878637,1.125,1.75079717207638,1.5693486978857,1.9532247625275,0.560071211115329,0.055333193721349
"SIRI",2.39796855703382,1.125,1.76870076416267,1.58377083913738,1.97522413965741,0.570245245506165,0.0558521402983362
"SIRI",2.42220890141637,1.125,1.7869016863081,1.59840476434969,1.99762770216081,0.580483218607951,0.0563783489138312
"SIRI",2.44669428416444,1.125,1.80540483904025,1.61325146323577,2.02044548361497,0.590784854193075,0.0569124400764018
"SIRI",2.47142718229731,1.125,1.8242152162082,1.62831191851159,2.04368777088321,0.601149876033922,0.0574550281500679
"SIRI",2.49641009787373,1.125,1.84333790671674,1.6435871078695,2.06736510773888,0.611578007902881,0.0580067204178036
"SIRI",2.52164555824498,1.125,1.86277809629486,1.65907800610733,2.09148829847812,0.622068973572339,0.0585681161499781
"SIRI",2.54713611631059,1.125,1.8825410692991,1.67478558740301,2.11606841153512,0.632622496814681,0.0591398056830426
"SIRI",2.57288435077659,1.125,1.90263221055259,1.69071082772307,2.14111678311507,0.643238301402295,0.0597223695138156
"SIRI",2.59889286641636,1.125,1.92305700722025,1.70685470735233,2.16664502086149,0.65391611110757,0.0603163774147127
"SIRI",2.62516429433417,1.125,1.9438210507209,1.72321821353049,2.19266500757587,0.664655649702891,0.0609223875751955
"SIRI",2.65170129223131,1.125,1.96493003867694,1.73980234318081,2.21918890500867,0.675456640960647,0.0615409457745785
"SIRI",2.67850654467501,1.125,1.98638977690231,1.75660810571464,2.24622915774191,0.686318808653222,0.0621725845911322
"SIRI",2.70558276336995,1.125,2.00820618142946,1.77363652589531,2.27379849718405,0.697241876553005,0.0628178226521635
"SIRI",2.73293268743263,1.125,2.03038528057596,1.79088864674415,2.30190994569886,0.708225568432383,0.0634771639294336
"SIRI",2.76055908366846,1.125,2.05293321705155,1.80836553247126,2.33057682088983,0.719269608063742,0.0641510970839039
"SIRI",2.78846474685167,1.125,2.07585625010638,1.82606827141353,2.35981274006259,0.730373719219471,0.0648400948633789
"SIRI",2.81665250000798,1.125,2.09916075772116,1.84399797896261,2.38963162488684,0.741537625671956,0.0655446135561549
"SIRI",2.84512519470028,1.125,2.12285323884001,1.86215580046593,2.42004770627998,0.752761051193584,0.0662650925032879
"SIRI",2.87388571131703,1.125,2.14694031564683,1.88054291408434,2.45107552953347,0.764043719556742,0.0670019536715694
"SIRI",2.90293695936366,1.125,2.17142873588584,1.89916053359081,2.48272995970266,0.775385354533817,0.0677556012887621
"SIRI",2.93228187775693,1.125,2.1963253752274,1.91800991109551,2.51502618727999,0.786785679897196,0.0685264215420968
"SIRI",2.96192343512225,1.125,2.22163723967953,1.93709233968378,2.54797973417035,0.798244419419267,0.0693147823404814
"SIRI",2.99186463009393,1.125,2.24737146804641,1.95640915595452,2.58160645998659,0.809761296872415,0.0701210331403316
"SIRI",3.02210849161859,1.125,2.27353533443434,1.97596174244815,2.61592256868156,0.821336036029029,0.0709455048344086
"SIRI",3.05265807926159,1.125,2.30013625080625,1.99575152995452,2.65094461553218,0.832968360661495,0.0717885097025411
"SIRI",3.08351648351648,1.125,2.32718176958564,2.01577999969255,2.68668951448957,0.844657994542201,0.0726503414226442
"SII",191.180921052632,479.140217391304,1.05281688288207,0.896003915742482,1.23707426876925,0.0514693176325145,0.081565531023921
"SII",192.915221529955,479.140217391304,1.05172366120931,0.896314724588282,1.2340784204517,0.0504304003503932,0.0808647076757988
"SII",194.665254739023,479.140217391304,1.05064093822534,0.896628043152663,1.23110847302271,0.0494003952980012,0.0801670368063376
"SII",196.431163399538,479.140217391304,1.04956870570524,0.89694418125316,1.22816390475569,0.0483793233146878,0.0794723557064447
"SII",198.213091525887,479.140217391304,1.04850695564623,0.897263450994564,1.2252441964731,0.0473672052398144,0.0787805006359453
"SII",200.011184438885,479.140217391304,1.04745568026836,0.897586166674668,1.22234883163493,0.046364061912726,0.0780913068842989
"SII",201.825588777626,479.140217391304,1.04641487201543,0.897912644690263,1.21947729642764,0.0453699141727753,0.077404608831737
"SII",203.656452511443,479.140217391304,1.04538452355574,0.898243203443501,1.2166290798532,0.0443847828593205,0.0767202400107285
"SII",205.503924951977,479.140217391304,1.0443646277829,0.898578163248809,1.2138036738181,0.0434086888117084,0.0760380331676805
"SII",207.368156765348,479.140217391304,1.04335517781672,0.898917846240552,1.21100057322218,0.0424416528692958,0.0753578203247922
"SII",209.24929998445,479.140217391304,1.04235616700397,0.899262576281562,1.20821927604716,0.0414836958714336,0.0746794328419653
"SII",211.147508021343,479.140217391304,1.04136758891929,0.899612678872747,1.20545928344455,0.0405348386574724,0.0740027014786889
"SII",213.062935679766,479.140217391304,1.040389437366,0.899968481063907,1.202720099823,0.0395951020667707,0.0733274564558102
"SII",214.995739167764,479.140217391304,1.03942170637697,0.900330311365909,1.20000123293475,0.0386645069386754,0.0726535275171048
"SII",216.946076110427,479.140217391304,1.03846439021552,0.90069849966441,1.19730219396112,0.0377430741125397,0.0719807439905667
"SII",218.914105562739,479.140217391304,1.03751748337625,0.901073377135229,1.19462249759693,0.0368308244277201,0.0713089348493341
"SII",220.899988022557,479.140217391304,1.03658098058596,0.901455276161529,1.19196166213354,0.0359277787235665,0.0706379287721718
"SII",222.903885443695,479.140217391304,1.03565487680452,0.901844530252955,1.18931920954063,0.0350339578394312,0.0699675542034351
"SII",224.925961249135,479.140217391304,1.03473916722581,0.902241473966839,1.18669466554638,0.0341493826146699,0.0692976394124402
"SII",226.966380344351,479.140217391304,1.03383384727859,0.902646442831599,1.18408755971606,0.0332740738886322,0.0686280125521675
"SII",229.02530913076,479.140217391304,1.03293891262745,0.903059773272461,1.18149742552875,0.0324080525006709,0.0679585017172332
"SII",231.102915519293,479.140217391304,1.03205435917375,0.90348180253961,1.17892380045236,0.0315513392901415,0.0672889350010599
"SII",233.199368944087,479.140217391304,1.03118018305652,0.903912868638853,1.17636622601654,0.0307039550963913,0.0666191405521829
"SII",235.314840376301,479.140217391304,1.03031638065344,0.904353310264936,1.17382424788363,0.0298659207587794,0.0659489466296395
"SII",237.449502338064,479.140217391304,1.02946294858181,0.904803466737553,1.17129741591735,0.0290372571166529,0.0652781816573744
"SII",239.603528916541,479.140217391304,1.02861988369948,0.905263677940181,1.16878528424936,0.0282179850093692,0.0646066742776195
"SII",241.777095778131,479.140217391304,1.02778718310587,0.905734284261771,1.16628741134348,0.0274081252762773,0.0639342534031901
"SII",243.970380182794,479.140217391304,1.02696484414292,0.906215626541408,1.16380336005749,0.0266076987567316,0.0632607482686589
"SII",246.183560998506,479.140217391304,1.02615286439614,0.906708046015967,1.16133269770263,0.0258167262900867,0.0625859884803607
"SII",248.416818715845,479.140217391304,1.02535124169555,0.907211884270832,1.15887499610041,0.0250352287156894,0.0619098040651911
"SII",250.670335462714,479.140217391304,1.02455997411677,0.907727483193752,1.15642983163713,0.0242632268728978,0.0612320255181668
"SII",252.944295019192,479.140217391304,1.02377905998199,0.90825518493182,1.15399678531566,0.0235007416010625,0.0605524838487114
"SII",255.238882832519,479.140217391304,1.02300849786105,0.908795331851665,1.1515754428047,0.0227477937395355,0.0598710106256444
"SII",257.554286032224,479.140217391304,1.02224828657249,0.909348266502856,1.14916539448543,0.022004404127673,0.0591874380208471
"SII",259.890693445385,479.140217391304,1.02149842518458,0.909914331584531,1.14676623549547,0.0212705936048239,0.0585015988515845
"SII",262.248295612027,479.140217391304,1.02075891301641,0.910493869915299,1.14437756577028,0.0205463830103408,0.0578133266214688
"SII",264.62728480066,479.140217391304,1.02002974963898,0.911087224406388,1.14199899008185,0.0198317931835807,0.0571224555600518
"SII",267.027855023963,479.140217391304,1.01931093487631,0.911694738038044,1.13963011807473,0.0191268449638897,0.056428820661033
"SII",269.450202054602,479.140217391304,1.01860246880648,0.912316753839215,1.13727056429956,0.0184315591906255,0.0557322577190838
"SII",271.894523441198,479.140217391304,1.01790435176285,0.912953614870445,1.13491994824379,0.017745956703139,0.0550326033652799
"SII",274.361018524439,479.140217391304,1.01721658433508,0.913605664210014,1.13257789435997,0.017070058340783,0.0543296951011475
"SII",276.849888453331,479.140217391304,1.01653916737035,0.914273244943276,1.13024403209144,0.0164038849429114,0.0536233713313256
"SII",279.36133620161,479.140217391304,1.01587210197449,0.91495670015516,1.1279179958954,0.0157474573488759,0.0529134713948533
"SII",281.895566584289,479.140217391304,1.01521538951312,0.915656372925816,1.12559942526363,0.0151007963980244,0.0521998355950945
"SII",284.452786274364,479.140217391304,1.01456903161288,0.916372606329367,1.12328796474075,0.0144639229297204,0.0514823052283165
"SII",287.033203819668,479.140217391304,1.01393303016253,0.917105743435658,1.12098326393995,0.0138368577833069,0.0507607226109369
"SII",289.637029659878,479.140217391304,1.01330738731427,0.917856127315064,1.11868497755664,0.0132196217981418,0.0500349311054684
"SII",292.264476143679,479.140217391304,1.01269210548486,0.918624101046173,1.11639276537967,0.0126122358135768,0.0493047751451815
"SII",294.91575754608,479.140217391304,1.01208718735686,0.919410007726354,1.11410629230044,0.0120147206689602,0.048570100257519
"SII",297.591090085887,479.140217391304,1.01149263587994,0.92021419048512,1.11182522831992,0.0114270972036509,0.0478307530862976
"SII",300.290691943339,479.140217391304,1.01090845427204,0.921036992500171,1.10954924855365,0.0108493862569964,0.0470865814127311
"SII",303.014783277901,479.140217391304,1.01033464602068,0.921878757016076,1.10727803323483,0.0102816086683558,0.0463374341753252
"SII",305.763586246217,479.140217391304,1.00977121488425,0.922739827365444,1.10501126771566,0.0097237852770754,0.045583161488687
"SII",308.537325020228,479.140217391304,1.00921816489329,0.923620546992522,1.10274864246694,0.00917593692251016,0.0448236146613085
"SII",311.336225805455,479.140217391304,1.00867550035177,0.92452125947905,1.10048985307617,0.00863808444401305,0.0440586462123842
"SII",314.160516859445,479.140217391304,1.00814322583847,0.925442308572274,1.09823460024426,0.00811024868093761,0.0432881098877301
"SII",317.010428510385,479.140217391304,1.00762134620825,0.926384038214935,1.09598258978093,0.00759245047263513,0.042511860674885
"SII",319.886193175891,479.140217391304,1.00710986659343,0.92734679257709,1.09373353259916,0.00708471065845932,0.0417297548174798
"SII",322.788045381956,479.140217391304,1.00660879240517,0.928330916089541,1.09148714470872,0.00658705007775917,0.0409416498289756
"SII",325.71622178208,479.140217391304,1.00611812933481,0.929336753478686,1.08924314720907,0.00609948956989377,0.0401474045058856
"SII",328.670961176567,479.140217391304,1.00563788335528,0.930364649802487,1.08700126628197,0.00562204997421088,0.03934687894061
"SII",331.652504532004,479.140217391304,1.0051680607225,0.931414950487326,1.08476123318398,0.00515475213006585,0.0385399345340403
"SII",334.661095000909,479.140217391304,1.0047086679768,0.93248800136533,1.08252278423929,0.00469761687680849,0.0377264340081085
"SII",337.69697794156,479.140217391304,1.00425971194438,0.933584148711833,1.08028566083326,0.00425066505379286,0.0369062414184909
"SII",340.760400938007,479.140217391304,1.00382119973873,0.934703739282438,1.07804960940723,0.00381391750037338,0.036079222167719
"SII",343.851613820264,479.140217391304,1.0033931387621,0.935847120349116,1.07581438145504,0.00338739505590173,0.0352452430189895
"SII",346.97086868468,479.140217391304,1.00297553670701,0.937014639734671,1.07357973352216,0.00297111855972826,0.0344041721110401
"SII",350.118419914499,479.140217391304,1.0025684015577,0.938206645844683,1.07134542720811,0.00256510885120791,0.0335558789745241
"SII",353.294524200607,479.140217391304,1.00217174159171,0.939423487695911,1.06911122917342,0.00216938676969522,0.0327002345504209
"SII",356.499440562466,479.140217391304,1.00178556538133,0.940665514939836,1.06687691115219,0.00178397315453722,0.0318371112111492
"SII",359.733430369235,479.140217391304,1.00140988179525,0.941933077879774,1.06464224997221,0.00140888884509319,0.0309663827852127
"SII",362.996757361089,479.140217391304,1.00104469999999,0.943226527479436,1.06240702758428,0.00104415468071045,0.0300879245864196
"SII",366.289687670724,479.140217391304,1.00069002946161,0.944546215360435,1.06017103110382,0.000689791500745232,0.02920161344901
"SII",369.612489845063,479.140217391304,1.00034587994723,0.945892493785314,1.05793405286766,0.000345820144546691,0.0283073277703878
"SII",372.965434867158,479.140217391304,1.00001226152664,0.94726571562185,1.05569589051066,1.22614514711517e-05,0.027404947563668
"SII",376.348796178286,479.140217391304,0.999689184573995,0.948666234282916,1.05345634706777,-0.000310863739131056,0.026494354522919
"SII",379.76284970025,479.140217391304,0.999376659769388,0.950094403634473,1.05121523110883,-0.000623534587904595,0.0255754321049105
"SII",383.207873857883,479.140217391304,0.99907469810056,0.951550577861661,1.04897235691642,-0.000925730255501536,0.0246480656324555
"SII",386.684149601751,479.140217391304,0.998783312402635,0.953035112028244,1.04672754712149,-0.0012174283626341,0.0237121428077093
"SII",390.19196043107,479.140217391304,0.998503083237718,0.954548637351093,1.04448151537041,-0.00149803826151247,0.0227676945164238
"SII",393.731592416822,479.140217391304,0.998236002721486,0.95609247244151,1.0422371745954,-0.00176555495380648,0.0218151064025771
"SII",397.303334225084,479.140217391304,0.997984277207329,0.957668041609865,1.0399977594311,-0.00201775709604735,0.0208548232364736
"SII",400.907477140574,479.140217391304,0.997750111457192,0.959276770894196,1.0377664873349,-0.00225242334476373,0.0198872949512083
"SII",404.544315090403,479.140217391304,0.997535709006134,0.960920089286599,1.03554655775917,-0.00246733235647924,0.018912976195092
"SII",408.214144668044,479.140217391304,0.997343272575631,0.962599429954373,1.03334115146839,-0.00266026278772552,0.0179323259001943
"SII",411.917265157526,479.140217391304,0.997175004535671,0.96431623145904,1.03115342999694,-0.00282899329502675,0.0169458068654713
"SII",415.653978557833,479.140217391304,0.997033107415618,0.966071938976287,1.02898653524315,-0.00297130253491157,0.0159538853529997
"SII",419.424589607539,479.140217391304,0.996919784463943,0.967868005519894,1.0268435891956,-0.00308496916390675,0.0149570306959083
"SII",423.22940580966,479.140217391304,0.996837240256884,0.9697058931727,1.02472769378745,-0.00316777183853775,0.0139557149166451
"SII",427.068737456728,479.140217391304,0.996787681356181,0.971587074327629,1.02264193087483,-0.00321748921533827,0.0129504123542634
"SII",430.942897656099,479.140217391304,0.996773317016062,0.973513032941886,1.02058936233524,-0.00323189995083283,0.0119415992994591
"SII",434.852202355485,479.140217391304,0.99679635993966,0.975485265807358,1.01857303028212,-0.003208782701543,0.0109297536361173
"SII",438.796970368725,479.140217391304,0.996859027085127,0.977505283840393,1.01659595739163,-0.00314591612400357,0.00991535448816284
"SII",442.777523401781,479.140217391304,0.996963540521785,0.97957461339416,1.01466114733804,-0.00304107887474033,0.00889888187053337
"SII",446.794186078975,479.140217391304,0.997112128336616,0.981694797596814,1.01277158533371,-0.00289204961027789,0.00788081634310962
"SII",450.847285969464,479.140217391304,0.997307025591529,0.983867397718825,1.01093023877032,-0.00269660698714678,0.00686163866645562
"SII",454.937153613953,479.140217391304,0.997550475331885,0.986093994572947,1.00914005795748,-0.00245252966187169,0.00584182945822989
"SII",459.064122551652,479.140217391304,0.997844729646782,0.988376189950336,1.00740397695526,-0.00215759629098361,0.0048218688491295
"SII",463.228529347475,479.140217391304,0.998192050781725,0.99071560809655,1.00572491449708,-0.00180958553100749,0.00380223613723638
"SII",467.430713619492,479.140217391304,0.998594712304329,0.993113897231254,1.0041057749995,-0.00140627603847063,0.00278340943961889
"SII",471.671018066622,479.140217391304,0.999055000323795,0.99557273111564,1.00254944965547,-0.000945446469900653,0.00176586534004042
"SII",475.949788496581,479.140217391304,0.999575214764981,0.998093810671762,1.00105881760752,-0.000424875481825143,0.000750078531607247
"SII",479.140217391304,479.140217391304,1,1,1,0,0
"SII",480.267373854089,479.140217391304,1.00015767069795,0.999636747197606,1.00067886565819,0.000157658269229834,0.000263478546834835
"SII",484.624126249317,479.140217391304,1.00080469972397,0.998286097290111,1.00332965640661,0.000804376126732727,0.00127433608176433
"SII",489.020400986612,479.140217391304,1.00151865141907,0.997009718664641,1.00604797562425,0.00151749943416085,0.0022820272647551
"SII",493.45655659347,479.140217391304,1.00230189483621,0.995810455475149,1.0088356502673,0.00229924953498103,0.00328608868223411
"SII",497.932954849773,479.140217391304,1.00315682006747,0.994691146772005,1.01169454349083,0.00315184777267475,0.00428606071654389
"SII",502.449960817294,479.140217391304,1.00408583986741,0.993654628083411,1.01462655668082,0.00407751549070622,0.0052814879596777
"SII",507.007942869471,479.140217391304,1.00509139133928,0.992703733052729,1.01763363157482,0.00507847403255043,0.00627191964110578
"SII",511.607272721445,479.140217391304,1.00617593768545,0.99184129512798,1.02071775247729,0.00615694474168206,0.0072569100711656
"SII",516.248325460377,479.140217391304,1.00734197002387,0.99107014929985,1.0238809485771,0.00731514896157172,0.00823601910155534
"SII",520.931479576037,479.140217391304,1.00859200927229,0.990393133884343,1.02712529637418,0.00855530803569516,0.00920881260453394
"SII",525.657116991669,479.140217391304,1.00992860810219,0.989813092346074,1.03045292222363,0.00987964330752096,0.0101748629725069
"SII",530.425623095142,479.140217391304,1.0113543529645,0.989332875158092,1.03386600500543,0.0112903761205206,0.0111337496397568
"SII",535.237386770374,479.140217391304,1.01287186618927,0.988955341693864,1.03736677892914,0.0127897278181718,0.0120850596281591
"SII",540.092800429049,479.140217391304,1.0144838081616,0.988683362146847,1.04095753648295,0.0143799197439455,0.0130283881188181
"SII",544.992260042622,479.140217391304,1.0161928795764,0.988519819472858,1.04464063153781,0.0160631732413116,0.0139633390516505
"SII",549.936165174606,479.140217391304,1.0180018237745,0.988467611350149,1.04841848261745,0.0178417096537445,0.0148895257550462
"SII",554.92491901316,479.140217391304,1.01991342916309,0.988529652151723,1.05229357634642,0.0197177503247164,0.0158065716078422
"SII",559.958928403972,479.140217391304,1.02193053172323,0.988708874924161,1.05626847108886,0.0216935165977033,0.0167141107359546
"SII",565.038603883436,479.140217391304,1.02405601760779,0.989008233366731,1.06034580079159,0.023771229816172,0.0176117887461302
"SII",570.164359712133,479.140217391304,1.02629282583304,0.989430703804219,1.0645282790464,0.0259531113235973,0.0184992634993909
"SII",575.336613908613,479.140217391304,1.02864395106754,0.989979287146309,1.06881870338713,0.0282413824634544,0.019376205926872
"SII",580.55578828349,479.140217391304,1.03111244652184,0.990657010825902,1.07321995983845,0.0306382645792123,0.0202423008908721
"SII",585.822308473838,479.140217391304,1.03370142694325,0.991466930708174,1.0777350277344,0.0331459790143462,0.0210972480940471
"SII",591.136603977902,479.140217391304,1.03641407171964,0.992412132961469,1.08236698482623,0.0357667471123276,0.0219407630398131
"SII",596.499108190129,479.140217391304,1.03925362809669,0.993495735880546,1.08711901270002,0.0385027902166283,0.0227725780471207
"SII",601.910258436509,479.140217391304,1.04222341451346,0.994720891651897,1.09199440252656,0.0413563296707221,0.0235924433228838
"SII",607.37049601024,479.140217391304,1.04532673929161,0.996090674337139,1.09699650848071,0.0443295057245316,0.0244001448180504
"SII",612.88026620772,479.140217391304,1.04856560447869,0.997606346090425,1.1021279397476,0.0474231392438143,0.0251957584982562
"SII",618.440018364859,479.140217391304,1.05194094661055,0.999267707583695,1.10739068895931,0.0506369783393059,0.0259795918637736
"SII",624.050205893721,479.140217391304,1.0554537191455,1.0010745596276,1.11278679749137,0.0539707400171109,0.0267519660948018
"SII",629.71128631951,479.140217391304,1.05910492526687,1.00302674608981,1.11831837694995,0.0574241412833293,0.0275132094851468
"SII",635.42372131787,479.140217391304,1.0628956182959,1.00512415313816,1.12398761074974,0.0609968991440643,0.0282636573566914
"SII",641.187976752547,479.140217391304,1.06682690213318,1.00736670846098,1.12979675579497,0.0646887306054187,0.0290036519909034
"SII",647.004522713374,479.140217391304,1.07089993172884,1.00975438047602,1.13574814425287,0.0684993526734934,0.0297335425710374
"SII",652.873833554612,479.140217391304,1.07511591358171,1.01228717753668,1.14184418541126,0.0724284823543937,0.0304536851300352
"SII",658.796387933633,479.140217391304,1.0794761062676,1.01496514714236,1.14808736761404,0.0764758366542126,0.0311644425001158
"SII",664.772668849958,479.140217391304,1.08398182099722,1.01778837515855,1.15448026026963,0.0806411325790622,0.0318661842607917
"SII",670.803163684642,479.140217391304,1.08863442220367,1.02075698505098,1.16102551592878,0.0849240871350433,0.0325592866825872
"SII",676.888364240025,479.140217391304,1.09343532816015,1.02387113713796,1.16772587242841,0.0893244173282517,0.0332441326641653
"SII",683.028766779842,479.140217391304,1.09838601162805,1.02713102786405,1.1745841550995,0.0938418401647976,0.033921111660889
"SII",689.224872069688,479.140217391304,1.10348800053575,1.03053688909804,1.18160327903657,0.0984760726507759,0.034590619603099
"SII",695.477185417862,479.140217391304,1.10874287868864,1.03408898745807,1.18878625142754,0.103226831792292,0.0352530588025961
"SII",701.786216716574,479.140217391304,1.11415228651068,1.03778762366637,1.1961361739423,0.108093834595447,0.0359088378459897
"SII",708.152480483529,479.140217391304,1.1197179218179,1.04163313193602,1.20365624517906,0.113076798066347,0.036558371473712
"SII",714.576495903886,479.140217391304,1.12544154062443,1.04562587939206,1.21134976316723,0.11817543921109,0.0372020804436325
"SII",721.058786872601,479.140217391304,1.13132495798132,1.0497662655294,1.21922012792626,0.123389475035778,0.0378403913783207
"SII",727.59988203715,479.140217391304,1.13737004884884,1.05405472170953,1.22727084407947,0.128718622546515,0.038473736595114
"SII",734.20031484064,479.140217391304,1.14357874900273,1.05849171069849,1.23550552352238,0.134162598749401,0.0391025539182577
"SII",740.86062356532,479.140217391304,1.14995305597487,1.06307772624816,1.24392788814506,0.139721120650543,0.0397272864724904
"SII",747.581351376468,479.140217391304,1.15649503002904,1.06781329272311,1.25254177260808,0.145393905256035,0.0403483824575493
"SII",754.363046366698,479.140217391304,1.16320679517238,1.07269896477517,1.26135112717181,0.151180669571986,0.0409662949031965
"SII",761.206261600653,479.140217391304,1.17009054020299,1.07773532706775,1.27036002057902,0.157081130604496,0.0415814814044633
"SII",768.111555160108,479.140217391304,1.17714851979466,1.08292299405209,1.27957264299081,0.163095005359667,0.0421944038369469
"SII",775.079490189488,479.140217391304,1.18438305561903,1.08826260979724,1.28899330897607,0.1692220108436,0.0428055280521075
"SII",782.110634941788,479.140217391304,1.19179653750622,1.09375484787582,1.29862646055497,0.175461864062399,0.0434153235526501
"SII",789.20556282492,479.140217391304,1.19939142464436,1.0994004113072,1.30847667029703,0.181814282022163,0.044024263148208
"SII",796.364852448473,479.140217391304,1.20717024681911,1.1052000325599,1.31854864447475,0.188278981728998,0.0446328225916862
"SII",803.589087670902,479.140217391304,1.21513560569363,1.1111544736145,1.32884722627386,0.194855680189007,0.0452414801967652
"SII",810.878857647142,479.140217391304,1.22329017613007,1.11726452608852,1.3393773990617,0.201544094408286,0.0458507164372114
"SII",818.234756876656,479.140217391304,1.23163670755336,1.12353101142444,1.35014428971541,0.208343941392943,0.046461013528791
"SII",825.657385251917,479.140217391304,1.24017802535807,1.12995478114153,1.36115317201211,0.215254938149079,0.0470728549947298
"SII",833.14734810733,479.140217391304,1.24891703235943,1.13653671715243,1.37240947008338,0.22227680168279,0.0476867252158109
"SII",840.705256268602,479.140217391304,1.25785671028937,1.1432777321448,1.38391876193701,0.229409249000187,0.0483031089663469
"SII",848.331726102553,479.140217391304,1.26700012133853,1.15017877002805,1.39568678304911,0.236651997107368,0.0489224909374043
"SII",856.027379567383,479.140217391304,1.27635040974529,1.15724080644528,1.40771943003033,0.244004763010433,0.0495453552487925
"SII",863.792844263396,479.140217391304,1.28591080343295,1.16446484934976,1.42002276437018,0.251467263715489,0.0501721849514612
"SII",871.628753484181,479.140217391304,1.29568461569586,1.17185193964544,1.43260301626405,0.259039216228633,0.0508034615220624
"SII",879.535746268258,479.140217391304,1.30567524693609,1.17940315189018,1.44546658852779,0.266720337555971,0.0514396643515471
"SII",887.514467451195,479.140217391304,1.31588618645126,1.1871195950607,1.45862006060536,0.274510344703604,0.0520812702297584
"SII",895.565567718194,479.140217391304,1.32632101427517,1.19500241337727,1.47207019267546,0.282408954677634,0.0527287528280625
"SII",903.689703657157,479.140217391304,1.33698340307216,1.20305278718647,1.48582392986332,0.290415884484163,0.0533825821821289
"SII",911.887537812237,479.140217391304,1.34787712008664,1.21127193389956,1.49988840656463,0.298530851129291,0.054043224177013
"SII",920.159738737859,479.140217391304,1.35900602914908,1.21966110898419,1.51427095088879,0.306753571619124,0.0547111400367294
"SII",928.506981053254,479.140217391304,1.37037409273969,1.22822160700646,1.52897908922901,0.315083762959765,0.0553867858205132
"SII",936.929945497469,479.140217391304,1.38198537411134,1.23695476272056,1.5440205509675,0.323521142157309,0.056070611927958
"SII",945.429318984887,479.140217391304,1.39384403947314,1.24586195220262,1.55940327332417,0.332065426217865,0.0567630626151951
"SII",954.005794661241,479.140217391304,1.405954360236,1.25494459402554,1.57513540635755,0.340716332147532,0.0574645755242244
"SII",962.66007196015,479.140217391304,1.41832071532197,1.26420415047124,1.59122531812726,0.349473576952413,0.058175581227447
"SII",971.392856660151,479.140217391304,1.43094759353865,1.27364212877666,1.60768160002747,0.35833687763861,0.0588965027893613
"SII",980.204860942264,479.140217391304,1.4438395960206,1.28326008240989,1.624513072301,0.367305951212223,0.0596277553472774
"SII",989.096803448068,479.140217391304,1.4570014387391,1.29305961237267,1.64172878974428,0.376380514679358,0.0603697457127905
"SII",998.069409338312,479.140217391304,1.47043795508227,1.3030423685255,1.6593380476133,0.385560285046116,0.0611228719956095
"SII",1007.12341035205,479.140217391304,1.48415409850718,1.31321005093166,1.67735038774105,0.394844979318598,0.0618875232511964
"SII",1016.25954486631,479.140217391304,1.49815494526581,1.32356441121653,1.69577560487702,0.404234314502904,0.062664079153501
"SII",1025.47855795632,479.140217391304,1.51244569720678,1.33410725393871,1.71462375325964,0.413728007605139,0.0634529096939108
"SII",1034.78120145629,479.140217391304,1.52703168465475,1.34484043796945,1.73390515343241,0.42332577563141,0.0642543749073504
"SII",1044.16823402068,479.140217391304,1.54191836936953,1.35576587787728,1.7536303993147,0.433027335587808,0.0650688246262821
"SII",1053.6404211861,479.140217391304,1.55711134758698,1.36688554531482,1.77381036553848,0.442832404480444,0.0658965982631749
"SII",1063.19853543374,479.140217391304,1.57261635314376,1.37820147040487,1.7944562150617,0.452740699315415,0.0667380246218061
"SII",1072.84335625237,479.140217391304,1.58843926068823,1.38971574312347,1.81557940706987,0.462751937098826,0.0675934217375881
"SII",1082.57567020188,479.140217391304,1.60458608897958,1.40143051467736,1.83719170517671,0.47286583483678,0.0684630967469119
"SII",1092.39627097748,479.140217391304,1.62106300427774,1.41334799887416,1.85930518593527,0.483082109535376,0.0693473457853307
"SII",1102.30595947438,479.140217391304,1.63787632382628,1.42547047348332,1.88193224767071,0.493400478200716,0.0702464539142253
"SII",1112.30554385313,479.140217391304,1.65503251943084,1.43780028158664,1.90508561964594,0.503820657838907,0.0711606950754348
"SII",1122.39583960552,479.140217391304,1.67253822113559,1.45033983291719,1.92877837157158,0.514342365456044,0.0720903320731778
"SII",1132.57766962106,479.140217391304,1.69040022100042,1.46309160518585,1.95302392347149,0.524965318058236,0.0730356165824526
"SII",1142.85186425416,479.140217391304,1.70862547698136,1.47605814539501,1.97783605591534,0.535689232651581,0.0739967891829691
"SII",1153.21926139176,479.140217391304,1.72722111691726,1.48924207113932,2.00322892062979,0.54651382624218,0.074974079417557
"SII",1163.68070652174,479.140217391304,1.74619444262531,1.50264607189344,2.0292170514999,0.557438815836138,0.0759677058738871
