"SEQN","FI"
2,0.111111111111111
7,0.0555555555555556
13,0.388888888888889
14,0.0555555555555556
16,0.166666666666667
24,0.166666666666667
29,0.5
40,0.25
46,0.416666666666667
55,0.0833333333333333
59,0.0833333333333333
64,0.194444444444444
83,0.111111111111111
86,0.0555555555555556
93,0.111111111111111
94,0.0555555555555556
101,0.0277777777777778
115,0.0571428571428571
118,0.194444444444444
122,0.138888888888889
123,0.176470588235294
129,0.257142857142857
130,0.277777777777778
131,0.0277777777777778
136,0.388888888888889
150,0.0555555555555556
151,0.257142857142857
160,0.151515151515152
162,0.0833333333333333
163,0.0857142857142857
164,0
173,0.142857142857143
177,0.25
178,0.305555555555556
187,0.138888888888889
190,0.0555555555555556
191,0.416666666666667
197,0.25
206,0.111111111111111
211,0.194444444444444
221,0.0833333333333333
225,0.25
232,0.0277777777777778
234,0.0833333333333333
237,0.138888888888889
239,0.0833333333333333
250,0.0277777777777778
257,0.138888888888889
259,0.166666666666667
266,0.277777777777778
267,0.0555555555555556
272,0.111111111111111
273,0.0277777777777778
274,0.388888888888889
275,0.0833333333333333
287,0.111111111111111
289,0.0555555555555556
293,0.361111111111111
296,0.0277777777777778
302,0.114285714285714
314,0
321,0.277777777777778
328,0.111111111111111
330,0.0277777777777778
332,0.0833333333333333
334,0.0833333333333333
339,0.0277777777777778
340,0.111111111111111
350,0.0555555555555556
351,0.25
352,0.138888888888889
368,0
372,0.361111111111111
374,0
386,0.25
389,0.361111111111111
392,0.111111111111111
393,0.142857142857143
402,0.277777777777778
403,0.138888888888889
410,0.194444444444444
416,0.0833333333333333
419,0.0555555555555556
421,0.25
424,0.0606060606060606
434,0.0555555555555556
437,0.181818181818182
443,0.0571428571428571
452,0.0555555555555556
453,0.0555555555555556
458,0.361111111111111
465,0.111111111111111
469,0.25
475,0.416666666666667
477,0.393939393939394
481,0.25
493,0
505,0.305555555555556
508,0.166666666666667
509,0.138888888888889
517,0
527,0.0303030303030303
531,0.222222222222222
551,0.388888888888889
560,0.366666666666667
561,0.393939393939394
568,0.111111111111111
570,0.0333333333333333
613,0.0833333333333333
614,0.277777777777778
620,0.2
622,0.0833333333333333
626,0.166666666666667
627,0.0833333333333333
628,0.0833333333333333
642,0.166666666666667
645,0.166666666666667
652,0.133333333333333
654,0.555555555555556
655,0.361111111111111
666,0.0833333333333333
671,0.166666666666667
678,0.194444444444444
683,0.266666666666667
685,0.194444444444444
690,0.0555555555555556
692,0.0277777777777778
695,0.25
698,0.361111111111111
705,0.428571428571429
728,0.0277777777777778
729,0.166666666666667
731,0.111111111111111
734,0.0277777777777778
741,0.111111111111111
761,0.0833333333333333
782,0.194444444444444
787,0.388888888888889
788,0.111111111111111
789,0.138888888888889
792,0.111111111111111
800,0.222222222222222
804,0.0277777777777778
807,0.138888888888889
812,0.111111111111111
813,0.111111111111111
823,0.277777777777778
828,0.138888888888889
835,0.0555555555555556
852,0.25
855,0.0555555555555556
858,0.361111111111111
861,0.285714285714286
862,0.138888888888889
865,0.0555555555555556
871,0.222222222222222
875,0.138888888888889
876,0.25
878,0.138888888888889
879,0.0833333333333333
883,0.111111111111111
885,0.25
887,0.0833333333333333
889,0.138888888888889
897,0.166666666666667
907,0.111111111111111
908,0.0277777777777778
917,0.194444444444444
920,0.0833333333333333
925,0.25
928,0.111111111111111
929,0.0555555555555556
943,0.166666666666667
944,0.0833333333333333
949,0.194444444444444
954,0.0277777777777778
956,0.361111111111111
960,0.0833333333333333
961,0.0555555555555556
962,0.138888888888889
963,0.444444444444444
964,0.0555555555555556
965,0.333333333333333
968,0.222222222222222
972,0.111111111111111
981,0.305555555555556
986,0.222222222222222
987,0.277777777777778
990,0.0833333333333333
996,0.222222222222222
998,0.0277777777777778
999,0.472222222222222
1000,0.166666666666667
1001,0.111111111111111
1003,0.333333333333333
1010,0.472222222222222
1021,0.111111111111111
1025,0.0333333333333333
1026,0.25
1029,0.25
1030,0.25
1031,0.25
1032,0.0285714285714286
1035,0.0555555555555556
1038,0.0555555555555556
1043,0.0277777777777778
1044,0.0833333333333333
1045,0
1046,0.138888888888889
1058,0.25
1065,0.0833333333333333
1085,0.138888888888889
1092,0.233333333333333
1106,0.0555555555555556
1110,0.0555555555555556
1119,0.0555555555555556
1120,0.138888888888889
1128,0.111111111111111
1130,0.138888888888889
1137,0.138888888888889
1139,0.0333333333333333
1141,0.0277777777777778
1144,0.285714285714286
1161,0.194444444444444
1170,0.222222222222222
1171,0.0833333333333333
1173,0.371428571428571
1177,0.0571428571428571
1179,0.166666666666667
1189,0.0277777777777778
1192,0.194444444444444
1195,0
1196,0.03125
1203,0.194444444444444
1207,0.0555555555555556
1210,0.361111111111111
1226,0.0833333333333333
1227,0.111111111111111
1229,0.277777777777778
1244,0.333333333333333
1251,0.138888888888889
1255,0.194444444444444
1260,0.25
1262,0.212121212121212
1268,0.194444444444444
1273,0.194444444444444
1276,0.305555555555556
1278,0.3
1279,0.424242424242424
1283,0.0555555555555556
1285,0.333333333333333
1295,0.0833333333333333
1296,0.571428571428571
1299,0.138888888888889
1305,0.111111111111111
1306,0.138888888888889
1315,0.0303030303030303
1316,0.285714285714286
1328,0.0833333333333333
1332,0.305555555555556
1333,0.166666666666667
1339,0.151515151515152
1342,0.25
1343,0.194444444444444
1351,0.166666666666667
1352,0.0857142857142857
1357,0.166666666666667
1358,0.194444444444444
1362,0.138888888888889
1364,0.138888888888889
1365,0.277777777777778
1374,0.138888888888889
1379,0.222222222222222
1382,0.25
1384,0.444444444444444
1386,0.0285714285714286
1393,0.111111111111111
1394,0.416666666666667
1398,0.361111111111111
1400,0.111111111111111
1411,0.222222222222222
1423,0.0555555555555556
1424,0.111111111111111
1430,0.0555555555555556
1431,0.111111111111111
1436,0.194444444444444
1442,0.485714285714286
1445,0
1449,0.0277777777777778
1453,0.0555555555555556
1464,0.0857142857142857
1465,0.166666666666667
1469,0.111111111111111
1473,0.388888888888889
1488,0.361111111111111
1489,0.305555555555556
1498,0.0277777777777778
1505,0.25
1506,0.0555555555555556
1511,0.5
1517,0.194444444444444
1525,0.0555555555555556
1532,0.222222222222222
1534,0.138888888888889
1541,0.138888888888889
1546,0.138888888888889
1547,0.171428571428571
1552,0.166666666666667
1555,0.0833333333333333
1558,0.111111111111111
1561,0.166666666666667
1566,0.166666666666667
1571,0.194444444444444
1574,0.25
1578,0.555555555555556
1583,0.194444444444444
1589,0.0555555555555556
1590,0.138888888888889
1592,0.111111111111111
1593,0.166666666666667
1598,0.111111111111111
1600,0.166666666666667
1605,0.0833333333333333
1609,0.466666666666667
1614,0.305555555555556
1616,0.0833333333333333
1623,0.166666666666667
1625,0.277777777777778
1628,0.444444444444444
1629,0.138888888888889
1634,0.111111111111111
1638,0.0833333333333333
1641,0.222222222222222
1644,0.138888888888889
1647,0.0555555555555556
1650,0.0833333333333333
1652,0.0555555555555556
1659,0.0277777777777778
1663,0.111111111111111
1672,0.305555555555556
1682,0.166666666666667
1684,0.0833333333333333
1686,0.194444444444444
1691,0.472222222222222
1695,0.111111111111111
1696,0.0555555555555556
1700,0.0277777777777778
1701,0.194444444444444
1705,0.111111111111111
1711,0.0555555555555556
1715,0
1721,0.0277777777777778
1723,0.0277777777777778
1727,0.138888888888889
1728,0.388888888888889
1729,0.194444444444444
1730,0.416666666666667
1737,0.0555555555555556
1741,0.0555555555555556
1743,0.138888888888889
1750,0.166666666666667
1754,0.0555555555555556
1765,0.0833333333333333
1774,0.25
1777,0.428571428571429
1779,0.0277777777777778
1782,0.305555555555556
1792,0.138888888888889
1793,0.0909090909090909
1798,0
1799,0.0833333333333333
1805,0.111111111111111
1807,0.138888888888889
1809,0.0555555555555556
1817,0.166666666666667
1822,0.333333333333333
1824,0.0833333333333333
1825,0.166666666666667
1830,0.25
1839,0.0277777777777778
1846,0.138888888888889
1851,0.0833333333333333
1855,0.416666666666667
1861,0.416666666666667
1865,0.111111111111111
1866,0.0833333333333333
1873,0.194444444444444
1885,0.277777777777778
1891,0.0555555555555556
1892,0.138888888888889
1897,0.111111111111111
1898,0.194444444444444
1899,0.111111111111111
1901,0.222222222222222
1903,0.25
1905,0.25
1906,0.0833333333333333
1912,0.444444444444444
1913,0.0277777777777778
1916,0.0833333333333333
1918,0.277777777777778
1919,0.205882352941176
1920,0.111111111111111
1921,0.0555555555555556
1929,0.305555555555556
1931,0.166666666666667
1933,0.194444444444444
1945,0.0555555555555556
1948,0.138888888888889
1952,0
1956,0.527777777777778
1963,0.0833333333333333
1967,0.0277777777777778
1978,0.0555555555555556
1987,0.0833333333333333
1990,0.111111111111111
1992,0.428571428571429
1995,0.194444444444444
1999,0.222222222222222
2002,0.0555555555555556
2006,0.222222222222222
2008,0.166666666666667
2014,0.0277777777777778
2015,0.0285714285714286
2018,0.0277777777777778
2019,0.0833333333333333
2020,0.111111111111111
2022,0.444444444444444
2025,0.194444444444444
2031,0.0277777777777778
2037,0.166666666666667
2039,0.222222222222222
2045,0.0555555555555556
2053,0.388888888888889
2057,0.111111111111111
2058,0.194444444444444
2061,0.138888888888889
2068,0.111111111111111
2071,0.0277777777777778
2073,0.138888888888889
2075,0.266666666666667
2084,0.194444444444444
2085,0.342857142857143
2094,0.5
2097,0.0833333333333333
2102,0.138888888888889
2103,0.305555555555556
2105,0.111111111111111
2108,0.0666666666666667
2110,0.305555555555556
2115,0.0555555555555556
2124,0.0555555555555556
2126,0.166666666666667
2132,0.0882352941176471
2137,0.305555555555556
2139,0.333333333333333
2140,0.222222222222222
2144,0.111111111111111
2146,0.527777777777778
2162,0.166666666666667
2168,0.0882352941176471
2179,0.166666666666667
2184,0.111111111111111
2185,0.147058823529412
2189,0.111111111111111
2190,0.555555555555556
2195,0.121212121212121
2199,0.111111111111111
2200,0.277777777777778
2207,0.25
2210,0.111111111111111
2212,0.0277777777777778
2225,0.222222222222222
2226,0.0277777777777778
2231,0.166666666666667
2247,0.138888888888889
2248,0.166666666666667
2265,0.333333333333333
2275,0.333333333333333
2277,0.0277777777777778
2297,0.0277777777777778
2307,0.166666666666667
2312,0.111111111111111
2318,0.166666666666667
2326,0.194444444444444
2331,0.138888888888889
2336,0.222222222222222
2337,0.194444444444444
2342,0.25
2344,0.194444444444444
2345,0.0833333333333333
2346,0.361111111111111
2347,0.0277777777777778
2349,0.0833333333333333
2351,0.257142857142857
2353,0.444444444444444
2356,0.416666666666667
2358,0.305555555555556
2360,0.388888888888889
2361,0.416666666666667
2363,0.277777777777778
2366,0.0833333333333333
2373,0.222222222222222
2376,0.0571428571428571
2391,0.416666666666667
2392,0.166666666666667
2395,0.0833333333333333
2396,0.277777777777778
2398,0.472222222222222
2400,0.111111111111111
2416,0.363636363636364
2418,0.416666666666667
2423,0.0833333333333333
2426,0.472222222222222
2427,0
2429,0.111111111111111
2432,0.138888888888889
2441,0.0555555555555556
2451,0.0555555555555556
2458,0.0555555555555556
2471,0.166666666666667
2473,0.222222222222222
2480,0.5
2483,0.111111111111111
2488,0.171428571428571
2491,0.222222222222222
2500,0.333333333333333
2505,0.138888888888889
2517,0.4
2524,0.0833333333333333
2528,0.285714285714286
2529,0.0303030303030303
2531,0.361111111111111
2546,0.5
2548,0.472222222222222
2551,0.166666666666667
2556,0.194444444444444
2557,0.371428571428571
2560,0.138888888888889
2569,0.0833333333333333
2571,0.444444444444444
2583,0.333333333333333
2596,0.5
2598,0.514285714285714
2599,0.222222222222222
2601,0.0833333333333333
2605,0.171428571428571
2609,0.166666666666667
2615,0.138888888888889
2617,0.0606060606060606
2620,0.305555555555556
2625,0.0833333333333333
2634,0.305555555555556
2643,0.333333333333333
2645,0.0555555555555556
2653,0.111111111111111
2658,0.0833333333333333
2673,0.166666666666667
2678,0.444444444444444
2682,0.333333333333333
2684,0.194444444444444
2694,0
2696,0.305555555555556
2700,0.166666666666667
2701,0.222222222222222
2702,0.111111111111111
2709,0.111111111111111
2711,0.314285714285714
2713,0.166666666666667
2714,0.2
2721,0.361111111111111
2723,0.222222222222222
2732,0.333333333333333
2754,0.0833333333333333
2757,0.194444444444444
2761,0.222222222222222
2762,0.416666666666667
2769,0.25
2777,0.0277777777777778
2790,0.0555555555555556
2791,0.194444444444444
2795,0.333333333333333
2798,0.388888888888889
2799,0.0833333333333333
2816,0.138888888888889
2817,0.111111111111111
2819,0.0277777777777778
2822,0.0277777777777778
2825,0.0833333333333333
2830,0.138888888888889
2831,0.5
2834,0.416666666666667
2844,0.222222222222222
2850,0.166666666666667
2855,0.361111111111111
2862,0.277777777777778
2864,0.166666666666667
2880,0.138888888888889
2884,0.25
2895,0.333333333333333
2897,0.235294117647059
2899,0.222222222222222
2906,0.277777777777778
2912,0.194444444444444
2915,0.194444444444444
2917,0.0833333333333333
2924,0.0555555555555556
2925,0.25
2927,0.5
2929,0.277777777777778
2932,0.138888888888889
2934,0.138888888888889
2936,0.0555555555555556
2938,0.0833333333333333
2940,0.305555555555556
2942,0.138888888888889
2947,0.111111111111111
2948,0.333333333333333
2962,0.166666666666667
2968,0.388888888888889
2973,0.0277777777777778
2977,0.194444444444444
2978,0.305555555555556
2979,0.222222222222222
2984,0.25
2987,0.111111111111111
2992,0
3008,0.133333333333333
3013,0.138888888888889
3018,0.0555555555555556
3033,0.222222222222222
3035,0.111111111111111
3037,0.0833333333333333
3039,0.0857142857142857
3043,0.0857142857142857
3045,0.25
3054,0.222222222222222
3059,0.5
3075,0.305555555555556
3080,0
3085,0.181818181818182
3089,0.111111111111111
3093,0.0857142857142857
3095,0.194444444444444
3098,0.0555555555555556
3112,0
3116,0.138888888888889
3118,0.194444444444444
3122,0.222222222222222
3124,0.333333333333333
3128,0.222222222222222
3134,0.25
3135,0.166666666666667
3141,0.25
3142,0.361111111111111
3173,0.138888888888889
3174,0.0277777777777778
3182,0.305555555555556
3184,0
3190,0.0833333333333333
3192,0.0277777777777778
3193,0.0833333333333333
3199,0.277777777777778
3202,0.433333333333333
3205,0.111111111111111
3210,0.0277777777777778
3212,0.0277777777777778
3215,0.138888888888889
3219,0.111111111111111
3221,0.0277777777777778
3223,0.1
3230,0.0555555555555556
3234,0.0277777777777778
3246,0.111111111111111
3252,0.0277777777777778
3254,0.0833333333333333
3258,0.352941176470588
3265,0.5
3266,0.25
3273,0.111111111111111
3274,0.361111111111111
3275,0.0833333333333333
3276,0.0555555555555556
3278,0.25
3281,0.0277777777777778
3291,0.166666666666667
3292,0.416666666666667
3293,0.342857142857143
3296,0.0277777777777778
3305,0.333333333333333
3333,0.166666666666667
3342,0.444444444444444
3344,0.138888888888889
3345,0.222222222222222
3348,0.138888888888889
3350,0.138888888888889
3356,0.111111111111111
3357,0.0833333333333333
3358,0.0555555555555556
3359,0.666666666666667
3362,0.0277777777777778
3367,0.166666666666667
3370,0.111111111111111
3372,0.0555555555555556
3374,0.194444444444444
3382,0.277777777777778
3386,0.0833333333333333
3403,0.222222222222222
3408,0.111111111111111
3410,0.0555555555555556
3412,0.277777777777778
3423,0.305555555555556
3436,0.194444444444444
3450,0.457142857142857
3455,0.138888888888889
3462,0.166666666666667
3466,0.166666666666667
3469,0.0833333333333333
3478,0
3482,0
3489,0.0294117647058824
3492,0.111111111111111
3504,0.222222222222222
3506,0.111111111111111
3514,0.485714285714286
3519,0.416666666666667
3523,0.228571428571429
3535,0.194444444444444
3536,0.0555555555555556
3538,0.194444444444444
3545,0.111111111111111
3547,0.303030303030303
3548,0.277777777777778
3552,0.222222222222222
3559,0.142857142857143
3566,0.138888888888889
3570,0.111111111111111
3573,0.0277777777777778
3575,0.166666666666667
3583,0.166666666666667
3584,0.138888888888889
3597,0.0833333333333333
3614,0.0277777777777778
3617,0.416666666666667
3618,0.527777777777778
3624,0.628571428571429
3628,0.111111111111111
3635,0.138888888888889
3646,0.0833333333333333
3649,0.0555555555555556
3652,0.0555555555555556
3664,0.111111111111111
3668,0.25
3678,0.0833333333333333
3681,0.0277777777777778
3686,0.0833333333333333
3687,0.277777777777778
3689,0.111111111111111
3690,0.222222222222222
3695,0.222222222222222
3702,0.111111111111111
3711,0
3718,0.0555555555555556
3727,0.138888888888889
3730,0.194444444444444
3737,0.138888888888889
3743,0.472222222222222
3745,0.333333333333333
3748,0
3750,0.277777777777778
3753,0.166666666666667
3756,0.194444444444444
3757,0.0555555555555556
3769,0.111111111111111
3774,0.0833333333333333
3780,0.25
3785,0
3786,0.138888888888889
3792,0.111111111111111
3797,0.111111111111111
3798,0.222222222222222
3799,0.0555555555555556
3802,0.166666666666667
3804,0.0571428571428571
3809,0.620689655172414
3814,0.416666666666667
3816,0.25
3829,0.194444444444444
3840,0.0277777777777778
3845,0.133333333333333
3848,0.266666666666667
3849,0.4
3870,0.166666666666667
3880,0.0555555555555556
3884,0.305555555555556
3886,0.542857142857143
3888,0.222222222222222
3889,0.0277777777777778
3890,0.0833333333333333
3892,0
3893,0.111111111111111
3894,0.222222222222222
3897,0.205882352941176
3909,0.194444444444444
3914,0.0555555555555556
3915,0.0555555555555556
3920,0.303030303030303
3923,0.257142857142857
3924,0.166666666666667
3925,0.555555555555556
3930,0.416666666666667
3935,0.0833333333333333
3937,0.0555555555555556
3945,0.305555555555556
3946,0.138888888888889
3949,0.138888888888889
3955,0.277777777777778
3956,0.0555555555555556
3960,0.472222222222222
3967,0.111111111111111
3981,0.25
3983,0.0555555555555556
3985,0.166666666666667
3989,0.0555555555555556
3990,0.166666666666667
3991,0.25
3999,0.111111111111111
4000,0.0277777777777778
4010,0.111111111111111
4011,0.25
4016,0.277777777777778
4020,0.194444444444444
4032,0.388888888888889
4033,0.388888888888889
4037,0.194444444444444
4038,0.0833333333333333
4045,0.138888888888889
4049,0.194444444444444
4051,0.0833333333333333
4053,0.0555555555555556
4058,0.0555555555555556
4075,0.277777777777778
4078,0.138888888888889
4082,0.1
4094,0.0277777777777778
4096,0.0833333333333333
4101,0.166666666666667
4106,0.277777777777778
4108,0.194444444444444
4113,0.277777777777778
4119,0.242424242424242
4120,0.111111111111111
4122,0.0833333333333333
4130,0.194444444444444
4143,0.0555555555555556
4159,0.416666666666667
4170,0.0833333333333333
4181,0.166666666666667
4187,0.416666666666667
4192,0.194444444444444
4194,0.0833333333333333
4197,0.194444444444444
4199,0.166666666666667
4212,0.0571428571428571
4229,0.2
4250,0.444444444444444
4255,0.0277777777777778
4260,0.111111111111111
4261,0.361111111111111
4262,0.194444444444444
4263,0.111111111111111
4273,0.361111111111111
4277,0.194444444444444
4280,0.111111111111111
4298,0.138888888888889
4303,0.166666666666667
4312,0.0833333333333333
4316,0.0833333333333333
4318,0.25
4326,0.0555555555555556
4332,0.305555555555556
4333,0.138888888888889
4336,0.194444444444444
4337,0
4338,0.0277777777777778
4343,0.0277777777777778
4351,0.0277777777777778
4373,0.194444444444444
4385,0.333333333333333
4386,0.166666666666667
4388,0.277777777777778
4389,0.222222222222222
4390,0.333333333333333
4393,0.257142857142857
4396,0.25
4398,0.111111111111111
4399,0.222222222222222
4405,0.166666666666667
4419,0.305555555555556
4430,0.0606060606060606
4431,0.333333333333333
4438,0.305555555555556
4444,0.0833333333333333
4445,0.138888888888889
4446,0.0555555555555556
4452,0.428571428571429
4459,0.0833333333333333
4461,0.305555555555556
4463,0.0555555555555556
4472,0.166666666666667
4497,0.555555555555556
4502,0.0277777777777778
4508,0.0833333333333333
4523,0.305555555555556
4525,0.194444444444444
4530,0.138888888888889
4531,0.0571428571428571
4557,0.0555555555555556
4559,0.222222222222222
4561,0.111111111111111
4563,0.0833333333333333
4564,0.0833333333333333
4569,0.527777777777778
4570,0.0833333333333333
4571,0.305555555555556
4574,0.194444444444444
4579,0.388888888888889
4581,0.363636363636364
4584,0.111111111111111
4596,0.194444444444444
4605,0.305555555555556
4614,0.138888888888889
4615,0.0909090909090909
4621,0.0833333333333333
4624,0.138888888888889
4636,0.0882352941176471
4644,0.111111111111111
4665,0.222222222222222
4666,0.0833333333333333
4669,0.194444444444444
4679,0
4685,0.361111111111111
4688,0.222222222222222
4690,0.166666666666667
4706,0.166666666666667
4707,0.222222222222222
4709,0.0277777777777778
4713,0.0555555555555556
4719,0.0833333333333333
4721,0.285714285714286
4727,0.416666666666667
4728,0.0833333333333333
4732,0.111111111111111
4734,0.333333333333333
4736,0.0555555555555556
4753,0.0277777777777778
4754,0.0833333333333333
4755,0.0833333333333333
4757,0.194444444444444
4758,0.277777777777778
4764,0.222222222222222
4769,0.566666666666667
4775,0.0555555555555556
4778,0.114285714285714
4781,0.0555555555555556
4783,0.111111111111111
4792,0.138888888888889
4797,0.0277777777777778
4800,0.166666666666667
4803,0.333333333333333
4812,0.166666666666667
4823,0.0555555555555556
4827,0.388888888888889
4828,0.0833333333333333
4830,0.142857142857143
4831,0.194444444444444
4833,0.0909090909090909
4834,0.111111111111111
4838,0.305555555555556
4840,0.333333333333333
4842,0.0833333333333333
4853,0.0277777777777778
4863,0.111111111111111
4867,0.361111111111111
4868,0.0833333333333333
4869,0.166666666666667
4872,0.0833333333333333
4875,0
4877,0.25
4880,0.138888888888889
4896,0.277777777777778
4903,0.138888888888889
4905,0.0555555555555556
4918,0.166666666666667
4931,0
4934,0.0285714285714286
4935,0.361111111111111
4940,0.305555555555556
4941,0.138888888888889
4945,0.111111111111111
4948,0.1
4952,0.0285714285714286
4964,0.111111111111111
4966,0.0277777777777778
4974,0.5
4982,0.111111111111111
4983,0.0833333333333333
4985,0.111111111111111
4988,0.0277777777777778
4990,0.194444444444444
4995,0.138888888888889
4998,0
5000,0.0277777777777778
5002,0.277777777777778
5009,0.111111111111111
5016,0.111111111111111
5018,0.5
5021,0.1
5027,0.277777777777778
5043,0.0555555555555556
5050,0.0277777777777778
5051,0.277777777777778
5052,0.0555555555555556
5055,0.138888888888889
5060,0.166666666666667
5064,0.314285714285714
5076,0.441176470588235
5083,0.166666666666667
5085,0
5086,0.428571428571429
5092,0.0555555555555556
5093,0.0555555555555556
5102,0.2
5113,0.0277777777777778
5124,0.277777777777778
5127,0.166666666666667
5136,0.166666666666667
5139,0.222222222222222
5143,0.111111111111111
5144,0.111111111111111
5155,0.333333333333333
5161,0.566666666666667
5164,0.5
5175,0.111111111111111
5181,0.25
5184,0.111111111111111
5186,0.294117647058824
5187,0
5188,0.0833333333333333
5191,0.111111111111111
5195,0.194444444444444
5198,0.0277777777777778
5203,0.0555555555555556
5213,0.0277777777777778
5220,0.166666666666667
5222,0.138888888888889
5225,0.457142857142857
5226,0.138888888888889
5229,0.25
5230,0
5235,0.166666666666667
5236,0.0833333333333333
5238,0.2
5240,0.194444444444444
5248,0.361111111111111
5255,0.0833333333333333
5265,0.0833333333333333
5274,0.457142857142857
5275,0.0555555555555556
5278,0.111111111111111
5284,0
5285,0.566666666666667
5294,0.0555555555555556
5295,0.0555555555555556
5301,0.0555555555555556
5302,0.0555555555555556
5306,0.0833333333333333
5309,0.0555555555555556
5310,0.111111111111111
5315,0.0833333333333333
5320,0.277777777777778
5321,0.0277777777777778
5322,0.25
5323,0.333333333333333
5329,0.138888888888889
5332,0.277777777777778
5333,0.0555555555555556
5336,0.222222222222222
5338,0.222222222222222
5341,0.388888888888889
5347,0.0833333333333333
5363,0.0833333333333333
5371,0.222222222222222
5383,0.194444444444444
5396,0.371428571428571
5401,0.0833333333333333
5408,0.121212121212121
5411,0.0277777777777778
5421,0.0833333333333333
5426,0.25
5432,0.138888888888889
5434,0.305555555555556
5438,0.181818181818182
5445,0.0277777777777778
5452,0.194444444444444
5457,0.138888888888889
5459,0.111111111111111
5461,0.194444444444444
5463,0.138888888888889
5472,0.166666666666667
5476,0.0833333333333333
5479,0.166666666666667
5482,0.361111111111111
5489,0.111111111111111
5496,0.428571428571429
5498,0.0277777777777778
5503,0.111111111111111
5519,0.0833333333333333
5520,0.0833333333333333
5533,0.342857142857143
5542,0.111111111111111
5549,0.0555555555555556
5562,0.111111111111111
5568,0.166666666666667
5572,0.277777777777778
5577,0.0555555555555556
5578,0.121212121212121
5579,0.222222222222222
5587,0.138888888888889
5590,0.0277777777777778
5591,0.0555555555555556
5592,0.277777777777778
5595,0.305555555555556
5605,0.111111111111111
5608,0.0277777777777778
5610,0.138888888888889
5612,0.333333333333333
5613,0.305555555555556
5623,0.138888888888889
5625,0.388888888888889
5635,0.111111111111111
5651,0.194444444444444
5652,0.138888888888889
5654,0.194444444444444
5672,0.2
5673,0.0555555555555556
5674,0.166666666666667
5676,0.5
5681,0.314285714285714
5683,0.166666666666667
5689,0.4
5700,0.8
5706,0.111111111111111
5710,0.366666666666667
5715,0.0833333333333333
5721,0.133333333333333
5725,0.0833333333333333
5727,0.166666666666667
5734,0.305555555555556
5747,0.111111111111111
5749,0.138888888888889
5752,0.333333333333333
5753,0
5755,0.111111111111111
5759,0.166666666666667
5761,0
5765,0.0833333333333333
5777,0.111111111111111
5787,0.138888888888889
5789,0.111111111111111
5792,0
5803,0.166666666666667
5806,0.0277777777777778
5809,0.0277777777777778
5816,0.166666666666667
5826,0.138888888888889
5830,0.194444444444444
5833,0.0833333333333333
5842,0.0833333333333333
5843,0.166666666666667
5852,0.111111111111111
5856,0.277777777777778
5860,0.0833333333333333
5861,0.303030303030303
5862,0.0277777777777778
5874,0.111111111111111
5878,0.333333333333333
5881,0.25
5882,0.277777777777778
5884,0.194444444444444
5889,0.1
5891,0.361111111111111
5894,0.444444444444444
5901,0.0833333333333333
5914,0.305555555555556
5916,0.333333333333333
5919,0.111111111111111
5920,0.166666666666667
5924,0.0833333333333333
5935,0.138888888888889
5936,0.0555555555555556
5939,0.194444444444444
5941,0.638888888888889
5942,0.0277777777777778
5946,0.277777777777778
5947,0.222222222222222
5949,0.0555555555555556
5961,0.0833333333333333
5962,0.25
5964,0.138888888888889
5968,0.333333333333333
5970,0.222222222222222
5982,0.138888888888889
5984,0.5
5996,0.277777777777778
6000,0.333333333333333
6008,0.111111111111111
6015,0.111111111111111
6019,0.222222222222222
6025,0.277777777777778
6027,0.0833333333333333
6030,0
6051,0.114285714285714
6063,0.0277777777777778
6066,0.0277777777777778
6072,0.0833333333333333
6077,0
6079,0.205882352941176
6081,0.0555555555555556
6082,0.222222222222222
6085,0.138888888888889
6086,0.0555555555555556
6089,0.111111111111111
6090,0.0555555555555556
6093,0.0555555555555556
6094,0.222222222222222
6096,0.0555555555555556
6097,0.333333333333333
6104,0.25
6107,0.222222222222222
6109,0.25
6115,0.194444444444444
6116,0.166666666666667
6117,0.0555555555555556
6121,0.0857142857142857
6122,0.0555555555555556
6123,0.166666666666667
6124,0.277777777777778
6125,0.111111111111111
6127,0.0833333333333333
6130,0
6131,0.416666666666667
6138,0.194444444444444
6140,0.194444444444444
6147,0.111111111111111
6148,0.138888888888889
6159,0.0833333333333333
6160,0.0833333333333333
6161,0.0277777777777778
6162,0.25
6167,0.0555555555555556
6173,0.361111111111111
6179,0.333333333333333
6183,0.166666666666667
6184,0.111111111111111
6189,0.257142857142857
6196,0.0833333333333333
6198,0.222222222222222
6199,0.416666666666667
6201,0.0833333333333333
6203,0.166666666666667
6212,0.305555555555556
6213,0.25
6222,0.0833333333333333
6226,0.114285714285714
6232,0.194444444444444
6236,0.0555555555555556
6237,0.222222222222222
6240,0.0285714285714286
6247,0.194444444444444
6249,0.138888888888889
6256,0.111111111111111
6260,0.222222222222222
6266,0.0833333333333333
6270,0
6272,0.166666666666667
6283,0.25
6287,0.611111111111111
6289,0.0555555555555556
6294,0.0303030303030303
6299,0.555555555555556
6300,0.416666666666667
6303,0.194444444444444
6304,0.222222222222222
6309,0.25
6318,0.0285714285714286
6327,0.166666666666667
6335,0.305555555555556
6339,0.142857142857143
6341,0.111111111111111
6344,0.0833333333333333
6347,0.0555555555555556
6348,0.0555555555555556
6352,0.444444444444444
6355,0.138888888888889
6360,0.111111111111111
6368,0.454545454545455
6373,0.0555555555555556
6374,0.0833333333333333
6376,0.171428571428571
6379,0.138888888888889
6383,0.277777777777778
6390,0.472222222222222
6395,0.138888888888889
6396,0.305555555555556
6404,0.114285714285714
6414,0.333333333333333
6419,0.138888888888889
6428,0.0277777777777778
6437,0
6445,0.222222222222222
6448,0.333333333333333
6456,0
6461,0.138888888888889
6462,0.0277777777777778
6463,0.111111111111111
6472,0.166666666666667
6473,0.305555555555556
6480,0.0833333333333333
6485,0.111111111111111
6486,0.361111111111111
6493,0.111111111111111
6494,0.194444444444444
6499,0.25
6512,0
6518,0.0277777777777778
6529,0.444444444444444
6534,0.388888888888889
6545,0.0833333333333333
6553,0.277777777777778
6556,0.25
6557,0.333333333333333
6561,0.25
6565,0.194444444444444
6571,0.0833333333333333
6574,0.0555555555555556
6579,0.222222222222222
6583,0.305555555555556
6585,0.138888888888889
6604,0.166666666666667
6605,0.111111111111111
6608,0.133333333333333
6610,0.194444444444444
6613,0.25
6614,0.222222222222222
6618,0.0555555555555556
6637,0.361111111111111
6642,0.111111111111111
6646,0.138888888888889
6661,0.222222222222222
6666,0.342857142857143
6669,0.542857142857143
6670,0.0277777777777778
6673,0.527777777777778
6682,0.111111111111111
6686,0.138888888888889
6698,0.111111111111111
6701,0.0555555555555556
6703,0.0833333333333333
6706,0.1
6711,0.111111111111111
6714,0.0277777777777778
6715,0.25
6716,0.305555555555556
6720,0.0555555555555556
6721,0.0555555555555556
6732,0.0833333333333333
6734,0.0833333333333333
6735,0.0833333333333333
6736,0.361111111111111
6738,0.0555555555555556
6758,0.0277777777777778
6775,0.361111111111111
6788,0.0555555555555556
6795,0.0555555555555556
6801,0.194444444444444
6808,0.166666666666667
6812,0.138888888888889
6823,0.111111111111111
6838,0.0833333333333333
6841,0.0833333333333333
6845,0.0833333333333333
6847,0.583333333333333
6850,0.111111111111111
6859,0.416666666666667
6861,0.138888888888889
6866,0.0555555555555556
6867,0.305555555555556
6872,0.25
6877,0.533333333333333
6894,0.111111111111111
6896,0.0555555555555556
6904,0.0833333333333333
6905,0.0277777777777778
6906,0.0833333333333333
6910,0.0277777777777778
6912,0.342857142857143
6918,0.0277777777777778
6922,0.0555555555555556
6927,0.277777777777778
6934,0.138888888888889
6938,0.0555555555555556
6940,0.527777777777778
6944,0
6948,0.0277777777777778
6954,0.0833333333333333
6956,0.138888888888889
6957,0.0833333333333333
6962,0.0833333333333333
6963,0.0277777777777778
6967,0.222222222222222
6971,0.166666666666667
6972,0.111111111111111
6974,0.0555555555555556
6976,0.470588235294118
6990,0.111111111111111
6992,0.222222222222222
6998,0.388888888888889
6999,0.277777777777778
7000,0.25
7002,0.416666666666667
7010,0.444444444444444
7018,0.0333333333333333
7020,0.166666666666667
7022,0.138888888888889
7025,0.0833333333333333
7030,0.194444444444444
7042,0.0833333333333333
7047,0.166666666666667
7048,0.166666666666667
7049,0.166666666666667
7060,0.333333333333333
7062,0.527777777777778
7063,0.25
7068,0.0555555555555556
7071,0.0909090909090909
7073,0.0555555555555556
7077,0.444444444444444
7078,0.0555555555555556
7082,0.0833333333333333
7085,0.0833333333333333
7087,0.0555555555555556
7106,0.0277777777777778
7111,0.166666666666667
7114,0.194444444444444
7125,0.138888888888889
7132,0.0555555555555556
7133,0.0833333333333333
7134,0.5
7136,0.0277777777777778
7144,0.0555555555555556
7146,0.0555555555555556
7159,0.266666666666667
7160,0.138888888888889
7161,0.138888888888889
7162,0.138888888888889
7171,0.0555555555555556
7184,0.138888888888889
7186,0.0555555555555556
7187,0.0833333333333333
7195,0.138888888888889
7196,0.111111111111111
7210,0.333333333333333
7211,0.138888888888889
7217,0.305555555555556
7221,0.0833333333333333
7229,0.0277777777777778
7230,0.444444444444444
7231,0
7237,0.314285714285714
7238,0.114285714285714
7241,0.138888888888889
7244,0.472222222222222
7251,0.138888888888889
7258,0.0833333333333333
7265,0.333333333333333
7267,0.333333333333333
7269,0.138888888888889
7275,0.138888888888889
7276,0.138888888888889
7277,0.111111111111111
7278,0.0555555555555556
7282,0.138888888888889
7283,0.0555555555555556
7284,0.166666666666667
7290,0
7295,0.333333333333333
7301,0.166666666666667
7312,0.194444444444444
7315,0.25
7318,0.555555555555556
7322,0.0555555555555556
7337,0.111111111111111
7342,0.166666666666667
7347,0.305555555555556
7352,0.0833333333333333
7355,0.111111111111111
7358,0.166666666666667
7360,0.0833333333333333
7371,0.0277777777777778
7377,0.333333333333333
7378,0.111111111111111
7381,0.0277777777777778
7385,0.551724137931034
7388,0.0833333333333333
7389,0.0333333333333333
7393,0.361111111111111
7398,0.194444444444444
7409,0.361111111111111
7411,0.222222222222222
7413,0.0555555555555556
7419,0.194444444444444
7421,0.222222222222222
7435,0.166666666666667
7442,0.25
7449,0.0833333333333333
7450,0.0833333333333333
7456,0.416666666666667
7466,0.305555555555556
7471,0.277777777777778
7478,0.194444444444444
7487,0.342857142857143
7489,0.25
7491,0.0277777777777778
7497,0.111111111111111
7499,0.333333333333333
7502,0.0555555555555556
7520,0.277777777777778
7521,0.194444444444444
7522,0.0277777777777778
7525,0.138888888888889
7531,0.222222222222222
7532,0.583333333333333
7537,0.333333333333333
7546,0.111111111111111
7548,0.0555555555555556
7550,0.0857142857142857
7552,0.555555555555556
7553,0.0833333333333333
7554,0.166666666666667
7557,0.0277777777777778
7562,0.0833333333333333
7566,0
7567,0.25
7571,0.222222222222222
7576,0.222222222222222
7577,0.228571428571429
7578,0.25
7581,0.305555555555556
7582,0.138888888888889
7587,0.138888888888889
7593,0.0277777777777778
7596,0.0277777777777778
7598,0.222222222222222
7601,0.111111111111111
7609,0.194444444444444
7620,0.138888888888889
7626,0.138888888888889
7634,0
7635,0.111111111111111
7646,0.166666666666667
7650,0.566666666666667
7657,0.111111111111111
7659,0.25
7660,0.0555555555555556
7695,0.416666666666667
7696,0.361111111111111
7701,0.166666666666667
7704,0.222222222222222
7713,0.0833333333333333
7716,0.166666666666667
7718,0.138888888888889
7734,0.0833333333333333
7741,0.0606060606060606
7747,0.25
7751,0.166666666666667
7758,0.138888888888889
7761,0.305555555555556
7762,0.0666666666666667
7764,0.111111111111111
7767,0.138888888888889
7782,0.305555555555556
7792,0.333333333333333
7796,0.0833333333333333
7797,0.111111111111111
7802,0
7804,0.472222222222222
7809,0.222222222222222
7816,0.138888888888889
7821,0.0833333333333333
7823,0.472222222222222
7825,0.361111111111111
7831,0.111111111111111
7836,0.388888888888889
7837,0.228571428571429
7841,0.111111111111111
7843,0.277777777777778
7848,0.166666666666667
7861,0.333333333333333
7874,0.1
7876,0
7877,0.138888888888889
7886,0.222222222222222
7898,0.222222222222222
7900,0.194444444444444
7918,0.444444444444444
7922,0.138888888888889
7925,0.472222222222222
7926,0.111111111111111
7927,0.166666666666667
7932,0.444444444444444
7936,0.555555555555556
7939,0.0555555555555556
7940,0.111111111111111
7941,0.111111111111111
7942,0.0833333333333333
7946,0.0555555555555556
7947,0.333333333333333
7953,0.166666666666667
7975,0.166666666666667
7979,0.424242424242424
7982,0.194444444444444
7984,0.111111111111111
7985,0.111111111111111
7987,0.212121212121212
7991,0.305555555555556
7992,0.277777777777778
7993,0.194444444444444
7994,0.194444444444444
8001,0.0571428571428571
8003,0.25
8006,0.111111111111111
8012,0.138888888888889
8016,0.571428571428571
8017,0.472222222222222
8020,0.138888888888889
8028,0.114285714285714
8033,0.0277777777777778
8036,0.212121212121212
8039,0.166666666666667
8040,0.194444444444444
8050,0.0555555555555556
8053,0.166666666666667
8055,0.285714285714286
8056,0.0833333333333333
8062,0.0277777777777778
8068,0.166666666666667
8078,0.111111111111111
8079,0.138888888888889
8081,0.0833333333333333
8093,0.138888888888889
8095,0.138888888888889
8096,0.388888888888889
8099,0.0833333333333333
8100,0.114285714285714
8108,0.0555555555555556
8113,0.361111111111111
8118,0.138888888888889
8119,0.111111111111111
8120,0
8125,0.111111111111111
8139,0.212121212121212
8145,0.1
8155,0.333333333333333
8157,0.0833333333333333
8168,0.388888888888889
8169,0.111111111111111
8174,0.0555555555555556
8177,0.111111111111111
8181,0.166666666666667
8185,0.0277777777777778
8186,0.0555555555555556
8188,0.138888888888889
8189,0.25
8194,0
8199,0.0833333333333333
8202,0.138888888888889
8209,0.0277777777777778
8219,0.0833333333333333
8227,0.0606060606060606
8230,0.257142857142857
8232,0.0277777777777778
8235,0.111111111111111
8241,0.138888888888889
8243,0.333333333333333
8248,0.0833333333333333
8261,0.0833333333333333
8268,0.305555555555556
8271,0.0277777777777778
8277,0.222222222222222
8285,0.25
8289,0.277777777777778
8293,0.0833333333333333
8299,0.111111111111111
8314,0.194444444444444
8321,0.333333333333333
8337,0.314285714285714
8353,0.0277777777777778
8365,0.222222222222222
8376,0.0555555555555556
8382,0.0833333333333333
8388,0.111111111111111
8390,0.142857142857143
8392,0.0555555555555556
8396,0.0555555555555556
8397,0.166666666666667
8399,0.472222222222222
8401,0.222222222222222
8403,0.222222222222222
8405,0.138888888888889
8406,0
8408,0.138888888888889
8412,0.222222222222222
8418,0.0555555555555556
8424,0.222222222222222
8425,0.138888888888889
8440,0.111111111111111
8441,0.111111111111111
8454,0.194444444444444
8460,0.25
8466,0.194444444444444
8468,0.25
8470,0.166666666666667
8475,0.0277777777777778
8485,0.166666666666667
8487,0.0555555555555556
8489,0.257142857142857
8492,0.277777777777778
8496,0.166666666666667
8497,0.305555555555556
8498,0
8501,0.138888888888889
8508,0.25
8509,0.166666666666667
8511,0.25
8512,0.25
8513,0.166666666666667
8514,0.138888888888889
8518,0.138888888888889
8525,0.194444444444444
8532,0.305555555555556
8535,0.0833333333333333
8536,0.138888888888889
8539,0.222222222222222
8541,0
8548,0.25
8559,0.166666666666667
8572,0.388888888888889
8573,0.388888888888889
8580,0.0277777777777778
8597,0.0666666666666667
8601,0
8604,0.133333333333333
8606,0.0833333333333333
8607,0.0833333333333333
8610,0.194444444444444
8618,0.111111111111111
8620,0.111111111111111
8628,0.472222222222222
8633,0.0277777777777778
8638,0
8645,0.361111111111111
8661,0.142857142857143
8674,0.0555555555555556
8688,0.285714285714286
8693,0.0833333333333333
8697,0.222222222222222
8698,0.25
8701,0.277777777777778
8710,0.0277777777777778
8715,0.194444444444444
8717,0.194444444444444
8719,0.194444444444444
8720,0.0833333333333333
8721,0.277777777777778
8727,0.166666666666667
8729,0.166666666666667
8730,0.5
8731,0.416666666666667
8734,0.285714285714286
8737,0.277777777777778
8743,0.0277777777777778
8748,0.0833333333333333
8759,0.0555555555555556
8765,0.111111111111111
8768,0
8769,0.0277777777777778
8772,0.0555555555555556
8776,0.0833333333333333
8777,0.166666666666667
8780,0.138888888888889
8784,0.25
8786,0.194444444444444
8798,0.194444444444444
8802,0
8807,0.0833333333333333
8814,0.117647058823529
8815,0.0277777777777778
8817,0.0833333333333333
8819,0.277777777777778
8820,0.166666666666667
8825,0.0555555555555556
8829,0.111111111111111
8848,0.0277777777777778
8852,0.0555555555555556
8854,0.25
8856,0.166666666666667
8861,0.222222222222222
8864,0.138888888888889
8869,0.0277777777777778
8881,0.388888888888889
8888,0.0555555555555556
8908,0.25
8910,0.0555555555555556
8917,0.0555555555555556
8918,0.0571428571428571
8921,0.194444444444444
8931,0.228571428571429
8932,0.0277777777777778
8936,0.0555555555555556
8938,0.0555555555555556
8939,0.388888888888889
8942,0.0833333333333333
8943,0.194444444444444
8944,0.194444444444444
8947,0.5
8950,0.0833333333333333
8953,0.222222222222222
8956,0.166666666666667
8959,0.222222222222222
8960,0.333333333333333
8962,0.111111111111111
8966,0.542857142857143
8968,0.194444444444444
8969,0.111111111111111
8971,0.527777777777778
8992,0.277777777777778
8996,0.222222222222222
9000,0.138888888888889
9006,0.0555555555555556
9011,0.194444444444444
9037,0.457142857142857
9040,0.305555555555556
9042,0.0606060606060606
9047,0.266666666666667
9048,0.0555555555555556
9050,0.166666666666667
9056,0.194444444444444
9064,0.0555555555555556
9077,0.138888888888889
9087,0.222222222222222
9090,0.25
9091,0.151515151515152
9096,0.138888888888889
9097,0
9099,0.166666666666667
9104,0.388888888888889
9106,0.194444444444444
9113,0.361111111111111
9117,0.0833333333333333
9125,0.0833333333333333
9126,0.0277777777777778
9128,0.166666666666667
9129,0
9149,0.388888888888889
9152,0.111111111111111
9154,0.138888888888889
9172,0.555555555555556
9173,0.194444444444444
9177,0.277777777777778
9181,0.111111111111111
9187,0.138888888888889
9190,0.0555555555555556
9194,0.138888888888889
9199,0.5
9201,0.0277777777777778
9206,0.0833333333333333
9207,0.111111111111111
9210,0.166666666666667
9219,0.0555555555555556
9232,0.111111111111111
9234,0.333333333333333
9240,0.222222222222222
9243,0.361111111111111
9244,0.0833333333333333
9246,0.222222222222222
9247,0.25
9248,0.138888888888889
9252,0.111111111111111
9254,0.472222222222222
9256,0.0303030303030303
9260,0.0555555555555556
9267,0.294117647058824
9268,0.277777777777778
9277,0.0277777777777778
9279,0
9286,0.416666666666667
9302,0.222222222222222
9303,0.0833333333333333
9316,0.111111111111111
9326,0.138888888888889
9329,0
9331,0.222222222222222
9332,0.0833333333333333
9339,0.0833333333333333
9341,0
9344,0.333333333333333
9347,0.25
9358,0.533333333333333
9367,0.0555555555555556
9369,0.361111111111111
9370,0.4
9378,0.0555555555555556
9380,0.0555555555555556
9381,0.0277777777777778
9399,0.111111111111111
9401,0.121212121212121
9410,0.111111111111111
9414,0.342857142857143
9416,0.517241379310345
9423,0.416666666666667
9424,0.194444444444444
9425,0.0555555555555556
9426,0.305555555555556
9429,0.142857142857143
9445,0.361111111111111
9446,0.194444444444444
9452,0.111111111111111
9459,0.194444444444444
9463,0.114285714285714
9467,0.277777777777778
9477,0.138888888888889
9478,0.138888888888889
9479,0.0277777777777778
9483,0.305555555555556
9484,0.0555555555555556
9489,0.0277777777777778
9494,0.0833333333333333
9496,0.277777777777778
9502,0.0277777777777778
9511,0.305555555555556
9512,0.121212121212121
9518,0.0833333333333333
9519,0.138888888888889
9526,0.194444444444444
9530,0.25
9532,0.0277777777777778
9535,0.0555555555555556
9544,0.277777777777778
9548,0.0833333333333333
9550,0.222222222222222
9566,0.166666666666667
9568,0.0277777777777778
9581,0.416666666666667
9597,0.138888888888889
9599,0.138888888888889
9602,0.166666666666667
9625,0.228571428571429
9626,0.515151515151515
9628,0.533333333333333
9633,0.361111111111111
9636,0.305555555555556
9640,0.133333333333333
9648,0.222222222222222
9650,0.138888888888889
9656,0.111111111111111
9657,0.333333333333333
9660,0
9668,0.111111111111111
9696,0.222222222222222
9703,0.0833333333333333
9715,0.138888888888889
9719,0.305555555555556
9720,0.111111111111111
9728,0.0833333333333333
9730,0.138888888888889
9731,0.111111111111111
9735,0.111111111111111
9740,0.0555555555555556
9741,0
9748,0.2
9749,0.361111111111111
9756,0.333333333333333
9762,0.111111111111111
9771,0.277777777777778
9774,0.222222222222222
9790,0.166666666666667
9793,0.305555555555556
9796,0.638888888888889
9802,0.0833333333333333
9805,0.0277777777777778
9809,0.428571428571429
9811,0.0277777777777778
9813,0.0833333333333333
9816,0.111111111111111
9817,0.111111111111111
9818,0.138888888888889
9819,0.166666666666667
9821,0.0833333333333333
9822,0.166666666666667
9826,0.166666666666667
9828,0.0555555555555556
9829,0.305555555555556
9833,0
9837,0.0277777777777778
9840,0.361111111111111
9842,0.388888888888889
9849,0.0571428571428571
9860,0.0277777777777778
9861,0.194444444444444
9862,0.0833333333333333
9872,0.0833333333333333
9878,0.138888888888889
9879,0.194444444444444
9883,0.0833333333333333
9890,0.111111111111111
9892,0.527777777777778
9894,0.138888888888889
9903,0
9906,0.166666666666667
9908,0.333333333333333
9912,0.138888888888889
9915,0
9920,0.0277777777777778
9921,0
9925,0.361111111111111
9931,0.361111111111111
9932,0.0555555555555556
9935,0
9937,0.0555555555555556
9938,0.194444444444444
9940,0.138888888888889
9944,0.0277777777777778
9960,0.305555555555556
9965,0.166666666666667
9968,0.28125
9969,0
9973,0.0909090909090909
9979,0.181818181818182
9980,0.515151515151515
9988,0.121212121212121
10007,0.454545454545455
10013,0.121212121212121
10014,0.393939393939394
10029,0.545454545454545
10033,0
10037,0.5
10040,0.333333333333333
10050,0.0909090909090909
10051,0.15625
10057,0.121212121212121
10070,0.0606060606060606
10073,0.0303030303030303
10090,0.121212121212121
10096,0.121212121212121
10098,0.233333333333333
10101,0.121212121212121
10102,0.151515151515152
10104,0.424242424242424
10106,0.3
10107,0
10114,0.413793103448276
10131,0.515151515151515
10133,0.0606060606060606
10140,0.125
10142,0.40625
10146,0.151515151515152
10154,0.0303030303030303
10156,0.151515151515152
10162,0.0303030303030303
10165,0.0606060606060606
10167,0.333333333333333
10168,0.03125
10172,0
10205,0.212121212121212
10207,0.32258064516129
10219,0.0333333333333333
10225,0.242424242424242
10227,0.166666666666667
10243,0.0606060606060606
10249,0.46875
10250,0.0303030303030303
10254,0.0606060606060606
10255,0.0909090909090909
10260,0.0303030303030303
10269,0.0606060606060606
10273,0.0606060606060606
10277,0.151515151515152
10304,0.121212121212121
10306,0.0606060606060606
10311,0.181818181818182
10317,0.0303030303030303
10319,0.0303030303030303
10320,0.0909090909090909
10321,0.121212121212121
10323,0.181818181818182
10324,0.151515151515152
10326,0.333333333333333
10330,0.151515151515152
10332,0.242424242424242
10335,0.0606060606060606
10336,0
10338,0.151515151515152
10348,0.393939393939394
10352,0.0606060606060606
10357,0.0606060606060606
10363,0.0303030303030303
10364,0.0909090909090909
10367,0.0625
10373,0.0303030303030303
10374,0.34375
10375,0.151515151515152
10377,0.387096774193548
10381,0.484848484848485
10382,0.0303030303030303
10388,0.0909090909090909
10390,0.121212121212121
10391,0.484848484848485
10393,0.363636363636364
10396,0.181818181818182
10398,0.181818181818182
10411,0.151515151515152
10415,0.575757575757576
10422,0.0303030303030303
10426,0.0909090909090909
10429,0.0303030303030303
10433,0.272727272727273
10434,0.0606060606060606
10436,0.0303030303030303
10437,0.363636363636364
10442,0.53125
10443,0
10447,0.151515151515152
10448,0.46875
10449,0.0909090909090909
10453,0.151515151515152
10454,0.333333333333333
10462,0.0606060606060606
10489,0.272727272727273
10494,0.303030303030303
10517,0.333333333333333
10518,0.454545454545455
10519,0.121212121212121
10522,0.212121212121212
10524,0.0606060606060606
10529,0.151515151515152
10537,0.333333333333333
10539,0.393939393939394
10545,0.151515151515152
10556,0
10576,0.121212121212121
10577,0.242424242424242
10586,0.121212121212121
10587,0.151515151515152
10592,0.0606060606060606
10597,0.5
10601,0.0909090909090909
10606,0.1875
10620,0.0909090909090909
10621,0.333333333333333
10625,0.333333333333333
10630,0.206896551724138
10632,0.09375
10633,0.0909090909090909
10638,0.151515151515152
10656,0.0303030303030303
10663,0.40625
10669,0.0625
10670,0.0909090909090909
10678,0.0909090909090909
10679,0.0606060606060606
10680,0.121212121212121
10682,0.333333333333333
10683,0.636363636363636
10697,0.0606060606060606
10699,0.151515151515152
10700,0.0909090909090909
10704,0.212121212121212
10719,0
10720,0.181818181818182
10725,0.121212121212121
10727,0.212121212121212
10732,0.151515151515152
10735,0.25
10738,0.272727272727273
10739,0.0303030303030303
10752,0.212121212121212
10762,0.0303030303030303
10763,0.242424242424242
10768,0.0909090909090909
10773,0.151515151515152
10775,0.333333333333333
10777,0.0909090909090909
10781,0.212121212121212
10782,0.0303030303030303
10797,0.242424242424242
10802,0.121212121212121
10805,0.0303030303030303
10806,0.0606060606060606
10810,0
10821,0.0303030303030303
10844,0.272727272727273
10846,0.0303030303030303
10848,0.0303030303030303
10859,0.121212121212121
10871,0.0909090909090909
10874,0.212121212121212
10879,0.181818181818182
10886,0.272727272727273
10901,0.0625
10903,0.242424242424242
10907,0.303030303030303
10913,0.0303030303030303
10915,0.0909090909090909
10917,0.121212121212121
10926,0.181818181818182
10928,0.181818181818182
10929,0.181818181818182
10936,0.424242424242424
10946,0.0303030303030303
10962,0.212121212121212
10966,0
10975,0.0606060606060606
10988,0.0606060606060606
10999,0.242424242424242
11004,0.0625
11005,0
11019,0.0606060606060606
11021,0.121212121212121
11024,0.0625
11028,0.0909090909090909
11032,0
11033,0.272727272727273
11052,0.242424242424242
11063,0.393939393939394
11070,0.333333333333333
11078,0.272727272727273
11079,0.0606060606060606
11090,0.0909090909090909
11092,0.303030303030303
11097,0.0909090909090909
11098,0.181818181818182
11118,0.272727272727273
11130,0.181818181818182
11134,0.151515151515152
11135,0.272727272727273
11138,0.0909090909090909
11142,0.303030303030303
11148,0.151515151515152
11150,0.0303030303030303
11160,0.121212121212121
11165,0.121212121212121
11177,0.363636363636364
11178,0.272727272727273
11188,0
11189,0.333333333333333
11216,0.0909090909090909
11217,0.242424242424242
11224,0.212121212121212
11231,0.303030303030303
11232,0.151515151515152
11236,0.133333333333333
11251,0.0909090909090909
11260,0.0303030303030303
11262,0
11275,0.121212121212121
11277,0.0606060606060606
11278,0.121212121212121
11285,0.121212121212121
11292,0.393939393939394
11293,0.28125
11294,0.393939393939394
11295,0.333333333333333
11297,0.121212121212121
11302,0.393939393939394
11303,0.181818181818182
11311,0.242424242424242
11326,0.0606060606060606
11345,0.242424242424242
11346,0.121212121212121
11351,0.272727272727273
11356,0.212121212121212
11359,0.0606060606060606
11361,0.0303030303030303
11382,0.303030303030303
11383,0.0606060606060606
11384,0.272727272727273
11385,0.121212121212121
11386,0.121212121212121
11388,0.0303030303030303
11389,0.0606060606060606
11395,0.0606060606060606
11400,0.0606060606060606
11402,0.333333333333333
11403,0.151515151515152
11404,0.0909090909090909
11409,0.242424242424242
11412,0.0909090909090909
11420,0.0909090909090909
11422,0.121212121212121
11423,0.0909090909090909
11426,0.181818181818182
11429,0.242424242424242
11430,0.181818181818182
11432,0.454545454545455
11434,0.212121212121212
11437,0.121212121212121
11443,0.212121212121212
11459,0.121212121212121
11476,0.0303030303030303
11485,0.15625
11490,0.121212121212121
11496,0.181818181818182
11502,0.181818181818182
11507,0.151515151515152
11511,0.0909090909090909
11514,0.0666666666666667
11525,0.181818181818182
11527,0.0606060606060606
11537,0.303030303030303
11543,0.303030303030303
11544,0.28125
11549,0.575757575757576
11551,0.121212121212121
11552,0.121212121212121
11557,0.181818181818182
11562,0.333333333333333
11565,0.272727272727273
11572,0.333333333333333
11578,0.0606060606060606
11579,0.181818181818182
11586,0.272727272727273
11591,0.0303030303030303
11592,0.0909090909090909
11600,0.393939393939394
11602,0.0606060606060606
11607,0.212121212121212
11608,0.125
11610,0.0645161290322581
11614,0.151515151515152
11625,0.181818181818182
11628,0.0606060606060606
11634,0.0303030303030303
11639,0
11640,0.0909090909090909
11641,0.0909090909090909
11657,0.1
11662,0.0909090909090909
11663,0.0303030303030303
11664,0.4
11672,0.303030303030303
11676,0.121212121212121
11685,0.181818181818182
11694,0
11696,0.363636363636364
11702,0.272727272727273
11711,0.151515151515152
11725,0
11733,0.0606060606060606
11742,0.0606060606060606
11747,0.484848484848485
11750,0.0606060606060606
11751,0.0606060606060606
11756,0.303030303030303
11760,0.121212121212121
11769,0.121212121212121
11775,0.0606060606060606
11785,0.21875
11786,0.363636363636364
11789,0.181818181818182
11797,0.032258064516129
11801,0.484848484848485
11812,0.212121212121212
11817,0.151515151515152
11820,0.515151515151515
11826,0.333333333333333
11828,0.272727272727273
11833,0.181818181818182
11835,0.0606060606060606
11838,0.212121212121212
11840,0.0606060606060606
11841,0.333333333333333
11842,0.4
11863,0.0909090909090909
11867,0.0909090909090909
11869,0.181818181818182
11876,0.242424242424242
11889,0.0606060606060606
11893,0.0606060606060606
11894,0.181818181818182
11904,0.0909090909090909
11906,0.0303030303030303
11918,0.303030303030303
11919,0.181818181818182
11926,0.212121212121212
11930,0.0303030303030303
11931,0.212121212121212
11933,0.375
11939,0.0909090909090909
11948,0.242424242424242
11950,0.121212121212121
11953,0.233333333333333
11954,0.0303030303030303
11959,0.333333333333333
11960,0.181818181818182
11961,0.40625
11968,0.212121212121212
11972,0.393939393939394
11975,0.272727272727273
11979,0.151515151515152
11982,0.0909090909090909
11995,0.151515151515152
12002,0.303030303030303
12007,0.0909090909090909
12017,0.225806451612903
12021,0.0303030303030303
12022,0.0909090909090909
12023,0.181818181818182
12026,0.0909090909090909
12028,0.181818181818182
12037,0.0303030303030303
12046,0.25
12047,0.303030303030303
12061,0.212121212121212
12064,0.0909090909090909
12067,0.303030303030303
12070,0.303030303030303
12071,0.575757575757576
12079,0.212121212121212
12085,0.151515151515152
12092,0.0303030303030303
12097,0.0909090909090909
12100,0.272727272727273
12115,0.333333333333333
12118,0.121212121212121
12124,0.0606060606060606
12126,0.09375
12129,0.121212121212121
12131,0.212121212121212
12138,0.242424242424242
12146,0.121212121212121
12153,0.212121212121212
12154,0
12157,0
12164,0.0909090909090909
12166,0.121212121212121
12172,0
12175,0.484848484848485
12177,0.0606060606060606
12181,0.454545454545455
12187,0
12188,0.303030303030303
12195,0.181818181818182
12205,0.0606060606060606
12208,0.161290322580645
12210,0.151515151515152
12213,0.0333333333333333
12217,0.424242424242424
12230,0.333333333333333
12236,0.303030303030303
12240,0.151515151515152
12246,0.272727272727273
12254,0.206896551724138
12256,0.151515151515152
12260,0.363636363636364
12264,0.333333333333333
12265,0.303030303030303
12268,0.121212121212121
12272,0.0606060606060606
12276,0.181818181818182
12277,0.272727272727273
12282,0.212121212121212
12284,0.0303030303030303
12288,0.363636363636364
12294,0.212121212121212
12297,0.333333333333333
12313,0.181818181818182
12322,0.515151515151515
12326,0.0606060606060606
12329,0.121212121212121
12331,0.181818181818182
12334,0.0303030303030303
12348,0.1
12352,0.151515151515152
12369,0.0303030303030303
12371,0.181818181818182
12372,0.0606060606060606
12376,0.0625
12379,0.0606060606060606
12381,0.09375
12385,0
12391,0.151515151515152
12404,0.454545454545455
12413,0.40625
12416,0.103448275862069
12418,0.363636363636364
12421,0.0606060606060606
12426,0.272727272727273
12428,0
12429,0.121212121212121
12442,0.0606060606060606
12443,0.0606060606060606
12451,0.151515151515152
12458,0.0606060606060606
12467,0.121212121212121
12480,0.0606060606060606
12481,0.0303030303030303
12484,0.0303030303030303
12485,0.181818181818182
12492,0.1875
12503,0.363636363636364
12510,0.242424242424242
12511,0.181818181818182
12512,0.151515151515152
12513,0.59375
12515,0.181818181818182
12532,0.151515151515152
12539,0.137931034482759
12546,0.363636363636364
12553,0.0606060606060606
12556,0
12560,0.0606060606060606
12566,0.0666666666666667
12570,0
12572,0.121212121212121
12578,0.0909090909090909
12585,0.0606060606060606
12596,0.121212121212121
12610,0.0909090909090909
12617,0.333333333333333
12618,0.0303030303030303
12622,0.212121212121212
12624,0.0909090909090909
12632,0.212121212121212
12641,0.181818181818182
12651,0.121212121212121
12652,0.151515151515152
12655,0.0909090909090909
12657,0.151515151515152
12659,0.0303030303030303
12665,0.151515151515152
12667,0.0909090909090909
12668,0.424242424242424
12674,0.0303030303030303
12676,0.0909090909090909
12680,0.212121212121212
12681,0.551724137931034
12684,0.242424242424242
12687,0.0606060606060606
12688,0.354838709677419
12692,0.0625
12696,0.0909090909090909
12697,0.333333333333333
12702,0.333333333333333
12703,0.363636363636364
12708,0.34375
12714,0.0303030303030303
12716,0.121212121212121
12722,0.0909090909090909
12723,0.272727272727273
12733,0.151515151515152
12735,0.0606060606060606
12742,0.121212121212121
12745,0.181818181818182
12747,0.121212121212121
12750,0.0303030303030303
12753,0
12754,0
12758,0.151515151515152
12759,0.515151515151515
12763,0.212121212121212
12764,0.212121212121212
12767,0.212121212121212
12772,0.0909090909090909
12773,0
12785,0
12790,0.0606060606060606
12796,0
12803,0.363636363636364
12807,0.0606060606060606
12810,0.242424242424242
12817,0.303030303030303
12820,0.241379310344828
12824,0.0303030303030303
12828,0.333333333333333
12834,0.242424242424242
12835,0.0909090909090909
12838,0.0909090909090909
12858,0.121212121212121
12860,0.0606060606060606
12874,0.151515151515152
12880,0.242424242424242
12890,0.363636363636364
12891,0.484848484848485
12896,0.121212121212121
12901,0.121212121212121
12913,0.454545454545455
12916,0.172413793103448
12942,0.0303030303030303
12943,0.0303030303030303
12945,0.121212121212121
12947,0.303030303030303
12953,0.0909090909090909
12960,0.151515151515152
12962,0.0606060606060606
12963,0.0606060606060606
12964,0.0303030303030303
12965,0.0909090909090909
12974,0.0303030303030303
12975,0.0303030303030303
12977,0.0303030303030303
12979,0.363636363636364
12980,0.0909090909090909
12981,0.393939393939394
12983,0.0303030303030303
12993,0.0606060606060606
12994,0.0909090909090909
13000,0.181818181818182
13004,0.181818181818182
13013,0.242424242424242
13015,0.0303030303030303
13017,0.151515151515152
13027,0.272727272727273
13041,0.1875
13044,0.0909090909090909
13048,0.212121212121212
13049,0.424242424242424
13056,0.181818181818182
13066,0.363636363636364
13069,0.272727272727273
13073,0.0606060606060606
13075,0.0303030303030303
13086,0.363636363636364
13092,0.0344827586206897
13096,0.0606060606060606
13097,0.181818181818182
13100,0.0909090909090909
13108,0.212121212121212
13109,0.242424242424242
13125,0.137931034482759
13141,0.0666666666666667
13142,0.181818181818182
13146,0.0909090909090909
13167,0.0909090909090909
13169,0.272727272727273
13171,0.0909090909090909
13178,0.0303030303030303
13202,0.151515151515152
13203,0.0909090909090909
13205,0.212121212121212
13206,0.181818181818182
13207,0.151515151515152
13208,0.242424242424242
13215,0.0909090909090909
13216,0.424242424242424
13225,0.0625
13228,0.0909090909090909
13231,0.0606060606060606
13235,0.0909090909090909
13241,0.0909090909090909
13247,0.333333333333333
13248,0.151515151515152
13254,0.0909090909090909
13260,0.212121212121212
13261,0.181818181818182
13263,0.172413793103448
13269,0.0303030303030303
13270,0
13273,0.212121212121212
13282,0.151515151515152
13284,0.212121212121212
13288,0.0606060606060606
13290,0
13306,0.0303030303030303
13313,0.181818181818182
13321,0.0303030303030303
13326,0.0303030303030303
13328,0.212121212121212
13330,0.0666666666666667
13338,0.545454545454545
13360,0.0303030303030303
13363,0.151515151515152
13365,0
13366,0.363636363636364
13367,0.515151515151515
13370,0.484848484848485
13382,0.0666666666666667
13383,0.0303030303030303
13385,0.272727272727273
13404,0.121212121212121
13406,0.212121212121212
13411,0.0606060606060606
13426,0.212121212121212
13431,0.303030303030303
13463,0.1875
13471,0.242424242424242
13478,0.0909090909090909
13486,0.121212121212121
13488,0.0606060606060606
13489,0.242424242424242
13490,0.272727272727273
13502,0.0909090909090909
13505,0.0606060606060606
13507,0.121212121212121
13510,0.484848484848485
13511,0.212121212121212
13517,0
13518,0.161290322580645
13519,0.393939393939394
13525,0
13526,0.121212121212121
13528,0.0303030303030303
13537,0.272727272727273
13539,0
13545,0.151515151515152
13548,0.0909090909090909
13553,0
13556,0.0909090909090909
13560,0.363636363636364
13562,0.151515151515152
13564,0
13571,0.333333333333333
13582,0.0303030303030303
13583,0.121212121212121
13585,0
13587,0.181818181818182
13593,0.212121212121212
13604,0.121212121212121
13609,0.0303030303030303
13618,0.206896551724138
13620,0.393939393939394
13624,0.137931034482759
13626,0.0303030303030303
13629,0.212121212121212
13633,0.0606060606060606
13637,0.0303030303030303
13639,0.517241379310345
13643,0.0909090909090909
13658,0.0606060606060606
13660,0.272727272727273
13665,0.181818181818182
13672,0.0303030303030303
13673,0.272727272727273
13680,0
13682,0.0909090909090909
13684,0.242424242424242
13686,0.393939393939394
13692,0.09375
13702,0.181818181818182
13712,0.181818181818182
13715,0.363636363636364
13716,0.0909090909090909
13724,0.121212121212121
13730,0.272727272727273
13731,0.0303030303030303
13735,0.181818181818182
13739,0.0303030303030303
13740,0.0606060606060606
13746,0.0303030303030303
13749,0.151515151515152
13751,0.454545454545455
13754,0.0303030303030303
13765,0.121212121212121
13770,0.545454545454545
13782,0.181818181818182
13783,0.0909090909090909
13787,0.121212121212121
13795,0.125
13800,0.636363636363636
13804,0.303030303030303
13809,0.0303030303030303
13810,0.103448275862069
13814,0.121212121212121
13815,0.606060606060606
13817,0.181818181818182
13822,0
13826,0.0606060606060606
13831,0.151515151515152
13833,0.272727272727273
13834,0
13835,0.0303030303030303
13838,0.121212121212121
13840,0.0303030303030303
13844,0
13845,0
13849,0.424242424242424
13855,0.181818181818182
13856,0.151515151515152
13858,0.0303030303030303
13865,0.121212121212121
13866,0.0606060606060606
13867,0.333333333333333
13875,0.484848484848485
13876,0.0606060606060606
13881,0
13883,0.212121212121212
13888,0.0909090909090909
13891,0.0303030303030303
13892,0.212121212121212
13898,0
13903,0.121212121212121
13907,0.333333333333333
13910,0.387096774193548
13912,0
13918,0.272727272727273
13922,0.181818181818182
13927,0.0909090909090909
13929,0.242424242424242
13935,0.303030303030303
13936,0.242424242424242
13937,0.0606060606060606
13941,0.0909090909090909
13942,0.272727272727273
13945,0.212121212121212
13951,0.0303030303030303
13955,0.181818181818182
13958,0.424242424242424
13967,0.151515151515152
13980,0.181818181818182
13982,0.0606060606060606
13984,0.484848484848485
13996,0.0303030303030303
14011,0
14022,0.586206896551724
14036,0
14044,0.0909090909090909
14045,0.0303030303030303
14049,0.0909090909090909
14069,0.333333333333333
14071,0.0606060606060606
14073,0.272727272727273
14074,0.272727272727273
14076,0.0909090909090909
14079,0.151515151515152
14080,0.0909090909090909
14088,0.121212121212121
14096,0.212121212121212
14097,0.303030303030303
14104,0.0303030303030303
14105,0.166666666666667
14108,0.0606060606060606
14109,0.333333333333333
14111,0.0606060606060606
14112,0.303030303030303
14115,0.0303030303030303
14120,0.272727272727273
14126,0.121212121212121
14129,0.151515151515152
14137,0.0909090909090909
14138,0.121212121212121
14146,0.272727272727273
14149,0.0606060606060606
14150,0.233333333333333
14152,0.151515151515152
14153,0.515151515151515
14163,0.151515151515152
14166,0.212121212121212
14168,0.0303030303030303
14171,0.121212121212121
14173,0.454545454545455
14184,0.0909090909090909
14217,0.172413793103448
14218,0.454545454545455
14229,0.242424242424242
14230,0.3125
14237,0.0909090909090909
14238,0.0625
14255,0.266666666666667
14256,0.0909090909090909
14259,0.393939393939394
14265,0.272727272727273
14268,0.0303030303030303
14270,0.242424242424242
14272,0.545454545454545
14276,0
14279,0
14282,0
14284,0
14285,0.151515151515152
14288,0.0909090909090909
14291,0.21875
14293,0.241379310344828
14303,0.272727272727273
14307,0.121212121212121
14308,0.121212121212121
14310,0.121212121212121
14311,0.121212121212121
14313,0.272727272727273
14326,0.0333333333333333
14329,0.121212121212121
14331,0.0303030303030303
14334,0.0909090909090909
14347,0.333333333333333
14348,0.0303030303030303
14352,0.181818181818182
14353,0.0909090909090909
14358,0.0606060606060606
14359,0.0606060606060606
14364,0.1875
14379,0.151515151515152
14389,0
14397,0.121212121212121
14399,0.121212121212121
14402,0.303030303030303
14409,0.0303030303030303
14411,0.0303030303030303
14424,0.0909090909090909
14428,0.333333333333333
14429,0.272727272727273
14435,0.242424242424242
14438,0.466666666666667
14445,0.181818181818182
14448,0.0909090909090909
14453,0.242424242424242
14455,0.545454545454545
14456,0.424242424242424
14458,0.121212121212121
14462,0.0909090909090909
14472,0.454545454545455
14474,0.181818181818182
14480,0.272727272727273
14500,0.181818181818182
14503,0.151515151515152
14506,0.121212121212121
14511,0
14512,0.3
14513,0.0303030303030303
14515,0
14520,0.121212121212121
14521,0.303030303030303
14522,0.0303030303030303
14524,0
14533,0.181818181818182
14546,0.151515151515152
14556,0.0909090909090909
14562,0.0909090909090909
14563,0.121212121212121
14570,0
14572,0.272727272727273
14578,0.0606060606060606
14580,0.121212121212121
14587,0.454545454545455
14595,0.181818181818182
14596,0.151515151515152
14598,0.454545454545455
14601,0.151515151515152
14604,0.121212121212121
14622,0.0303030303030303
14633,0.0909090909090909
14636,0.03125
14643,0.757575757575758
14644,0.121212121212121
14645,0.0909090909090909
14646,0.212121212121212
14652,0.0606060606060606
14656,0.393939393939394
14659,0.0909090909090909
14664,0
14673,0.181818181818182
14676,0.0909090909090909
14681,0.0606060606060606
14683,0.4
14685,0.0333333333333333
14692,0.03125
14694,0.121212121212121
14697,0.272727272727273
14701,0.0333333333333333
14715,0.233333333333333
14716,0
14718,0.181818181818182
14727,0.151515151515152
14738,0.166666666666667
14739,0.515151515151515
14745,0.121212121212121
14749,0.333333333333333
14753,0.424242424242424
14760,0.121212121212121
14761,0.0606060606060606
14768,0.0909090909090909
14770,0.0909090909090909
14776,0.0909090909090909
14781,0.181818181818182
14784,0.0606060606060606
14786,0.363636363636364
14799,0.15625
14811,0.0689655172413793
14815,0.121212121212121
14819,0.0909090909090909
14821,0
14822,0.212121212121212
14823,0.363636363636364
14824,0.0606060606060606
14829,0.181818181818182
14835,0.0909090909090909
14837,0.28125
14844,0.121212121212121
14849,0.0606060606060606
14850,0.0303030303030303
14852,0.151515151515152
14856,0.0303030303030303
14858,0.151515151515152
14866,0.121212121212121
14867,0.181818181818182
14868,0.121212121212121
14869,0.181818181818182
14877,0.0606060606060606
14881,0.393939393939394
14887,0.0606060606060606
14901,0.0303030303030303
14903,0.242424242424242
14910,0.151515151515152
14916,0.272727272727273
14917,0.0909090909090909
14918,0.0909090909090909
14921,0.121212121212121
14939,0.121212121212121
14940,0.0606060606060606
14941,0.0909090909090909
14953,0.272727272727273
14958,0.242424242424242
14960,0.303030303030303
14964,0.0909090909090909
14965,0.0909090909090909
14967,0.25
14968,0.0909090909090909
14973,0.272727272727273
14975,0.151515151515152
14980,0.121212121212121
14990,0.419354838709677
14993,0.0606060606060606
14995,0.242424242424242
14999,0.363636363636364
15001,0.363636363636364
15012,0.333333333333333
15014,0.333333333333333
15024,0.0303030303030303
15029,0.181818181818182
15034,0.303030303030303
15044,0.333333333333333
15045,0.151515151515152
15047,0.242424242424242
15048,0.212121212121212
15050,0.212121212121212
15051,0.212121212121212
15060,0.0606060606060606
15061,0.303030303030303
15073,0.151515151515152
15076,0
15077,0.151515151515152
15083,0.242424242424242
15097,0.515151515151515
15100,0.121212121212121
15106,0.303030303030303
15114,0.393939393939394
15116,0.242424242424242
15117,0.303030303030303
15121,0.181818181818182
15129,0.515151515151515
15131,0.0909090909090909
15133,0.0303030303030303
15139,0.181818181818182
15146,0.0909090909090909
15156,0.363636363636364
15160,0.151515151515152
15178,0.0303030303030303
15179,0.212121212121212
15181,0.181818181818182
15183,0.533333333333333
15185,0.454545454545455
15193,0.0606060606060606
15194,0.181818181818182
15195,0.393939393939394
15200,0
15203,0.121212121212121
15211,0
15214,0.21875
15215,0.0303030303030303
15218,0.212121212121212
15225,0.0606060606060606
15228,0.121212121212121
15232,0.333333333333333
15236,0.121212121212121
15238,0.0606060606060606
15241,0.121212121212121
15247,0.212121212121212
15261,0.0303030303030303
15262,0.121212121212121
15264,0.0303030303030303
15266,0.0606060606060606
15272,0.181818181818182
15273,0.0909090909090909
15279,0.181818181818182
15287,0.333333333333333
15292,0.333333333333333
15294,0
15300,0.212121212121212
15303,0.333333333333333
15308,0.333333333333333
15309,0.1
15310,0
15313,0.333333333333333
15315,0.0909090909090909
15322,0.393939393939394
15327,0.272727272727273
15340,0.272727272727273
15348,0.121212121212121
15349,0.0909090909090909
15350,0.181818181818182
15351,0.181818181818182
15356,0.181818181818182
15360,0.0303030303030303
15363,0.151515151515152
15369,0.181818181818182
15370,0.0909090909090909
15376,0.121212121212121
15378,0.212121212121212
15379,0.0303030303030303
15380,0.121212121212121
15382,0.181818181818182
15389,0.272727272727273
15401,0.121212121212121
15403,0.483870967741935
15406,0.363636363636364
15407,0.151515151515152
15415,0.0333333333333333
15430,0.0625
15432,0.181818181818182
15440,0
15444,0.424242424242424
15451,0.303030303030303
15466,0.181818181818182
15479,0.181818181818182
15482,0
15489,0.181818181818182
15493,0.25
15503,0.272727272727273
15504,0
15505,0.2
15516,0.151515151515152
15520,0.272727272727273
15527,0.0606060606060606
15530,0.151515151515152
15545,0.393939393939394
15550,0.212121212121212
15559,0.0303030303030303
15568,0.0303030303030303
15569,0.0333333333333333
15579,0.212121212121212
15583,0
15590,0.0909090909090909
15591,0.151515151515152
15594,0.0303030303030303
15606,0.121212121212121
15614,0.0606060606060606
15616,0.151515151515152
15617,0.393939393939394
15618,0.303030303030303
15627,0
15640,0.363636363636364
15641,0.548387096774194
15642,0.242424242424242
15646,0.363636363636364
15649,0.25
15655,0.272727272727273
15658,0.0303030303030303
15660,0.151515151515152
15664,0.121212121212121
15666,0.151515151515152
15678,0.121212121212121
15679,0.40625
15691,0.121212121212121
15694,0.242424242424242
15702,0.242424242424242
15706,0.53125
15712,0.212121212121212
15723,0.181818181818182
15740,0.181818181818182
15741,0.272727272727273
15760,0.303030303030303
15762,0.181818181818182
15770,0.151515151515152
15771,0.484848484848485
15776,0.212121212121212
15778,0.0606060606060606
15779,0.0606060606060606
15785,0.0909090909090909
15789,0.515151515151515
15797,0.303030303030303
15804,0.0303030303030303
15805,0.2
15808,0.0606060606060606
15813,0.212121212121212
15815,0.0606060606060606
15819,0.151515151515152
15828,0.151515151515152
15832,0.21875
15840,0.0303030303030303
15844,0.424242424242424
15855,0.0303030303030303
15863,0.181818181818182
15865,0.0303030303030303
15873,0.363636363636364
15874,0.181818181818182
15876,0.34375
15877,0.242424242424242
15881,0.0333333333333333
15882,0.212121212121212
15890,0.242424242424242
15892,0.0303030303030303
15894,0.0909090909090909
15895,0.0909090909090909
15902,0.0303030303030303
15904,0.151515151515152
15918,0.151515151515152
15922,0.0909090909090909
15923,0.0606060606060606
15929,0.121212121212121
15931,0.454545454545455
15937,0.181818181818182
15949,0.272727272727273
15952,0.0606060606060606
15954,0.25
15956,0.0303030303030303
15970,0.151515151515152
15972,0.0303030303030303
15973,0.0909090909090909
15978,0.151515151515152
15987,0.0303030303030303
15989,0.121212121212121
15992,0.181818181818182
16000,0.0606060606060606
16005,0.151515151515152
16021,0.484848484848485
16025,0.121212121212121
16026,0.0606060606060606
16029,0.121212121212121
16037,0.666666666666667
16038,0.181818181818182
16041,0.121212121212121
16058,0.151515151515152
16061,0
16062,0.0909090909090909
16069,0.424242424242424
16075,0.212121212121212
16077,0
16083,0.212121212121212
16088,0.0606060606060606
16091,0
16093,0.272727272727273
16098,0.133333333333333
16105,0
16110,0.0606060606060606
16125,0.0606060606060606
16131,0.212121212121212
16137,0.0606060606060606
16138,0.0909090909090909
16144,0.151515151515152
16146,0.121212121212121
16150,0.0606060606060606
16155,0.151515151515152
16156,0.0909090909090909
16157,0.181818181818182
16163,0.121212121212121
16179,0.515151515151515
16182,0.0303030303030303
16186,0.3
16187,0.151515151515152
16190,0.0606060606060606
16193,0.121212121212121
16200,0.121212121212121
16205,0.151515151515152
16215,0.242424242424242
16217,0.121212121212121
16225,0.212121212121212
16226,0.0909090909090909
16228,0.0606060606060606
16229,0.181818181818182
16234,0.0303030303030303
16235,0.272727272727273
16238,0.151515151515152
16239,0.181818181818182
16246,0.181818181818182
16247,0.09375
16249,0.212121212121212
16254,0.333333333333333
16255,0.121212121212121
16256,0.333333333333333
16272,0.181818181818182
16273,0.181818181818182
16283,0.424242424242424
16285,0.181818181818182
16288,0.212121212121212
16290,0
16295,0.303030303030303
16300,0.393939393939394
16301,0.333333333333333
16306,0.333333333333333
16319,0.363636363636364
16324,0.242424242424242
16326,0.212121212121212
16329,0.0909090909090909
16339,0.121212121212121
16340,0.161290322580645
16345,0.0606060606060606
16346,0.363636363636364
16348,0.0344827586206897
16349,0.454545454545455
16352,0.333333333333333
16355,0.0909090909090909
16357,0
16362,0.212121212121212
16363,0.0303030303030303
16376,0.0606060606060606
16386,0.333333333333333
16392,0.393939393939394
16408,0
16409,0.333333333333333
16411,0.0909090909090909
16414,0.548387096774194
16415,0.0606060606060606
16418,0.0606060606060606
16420,0.121212121212121
16423,0.0606060606060606
16427,0.172413793103448
16430,0.0606060606060606
16434,0.424242424242424
16445,0.393939393939394
16447,0.0909090909090909
16458,0.151515151515152
16470,0.1
16474,0.363636363636364
16476,0.0909090909090909
16481,0.121212121212121
16491,0.151515151515152
16496,0.0606060606060606
16497,0.272727272727273
16498,0.0606060606060606
16506,0.0606060606060606
16509,0.0303030303030303
16510,0.151515151515152
16515,0.151515151515152
16529,0.333333333333333
16539,0.121212121212121
16544,0.424242424242424
16551,0.0606060606060606
16560,0.272727272727273
16561,0.121212121212121
16566,0.181818181818182
16570,0.181818181818182
16575,0.181818181818182
16583,0.121212121212121
16587,0.303030303030303
16604,0.121212121212121
16621,0.454545454545455
16625,0.0303030303030303
16637,0.121212121212121
16641,0.0303030303030303
16643,0.225806451612903
16644,0.242424242424242
16656,0.0909090909090909
16659,0
16661,0.333333333333333
16662,0.242424242424242
16664,0.303030303030303
16665,0.0606060606060606
16672,0.363636363636364
16676,0.121212121212121
16678,0.533333333333333
16686,0.181818181818182
16693,0.151515151515152
16695,0.0689655172413793
16726,0.121212121212121
16729,0.181818181818182
16730,0.242424242424242
16731,0.181818181818182
16736,0.212121212121212
16758,0.363636363636364
16761,0
16771,0
16777,0.151515151515152
16785,0.212121212121212
16789,0.212121212121212
16790,0.151515151515152
16805,0.0606060606060606
16808,0.15625
16815,0.181818181818182
16823,0.363636363636364
16827,0.1875
16833,0.545454545454545
16845,0.25
16864,0.333333333333333
16867,0.212121212121212
16875,0.0606060606060606
16878,0.0303030303030303
16881,0.0689655172413793
16889,0.0303030303030303
16897,0.303030303030303
16898,0.121212121212121
16899,0.242424242424242
16902,0.0303030303030303
16905,0.0303030303030303
16916,0.0606060606060606
16918,0.272727272727273
16919,0
16925,0.575757575757576
16926,0
16938,0.151515151515152
16943,0.0909090909090909
16945,0.0909090909090909
16956,0.0303030303030303
16963,0.121212121212121
16968,0.151515151515152
16969,0.0909090909090909
16971,0.151515151515152
16975,0.2
16978,0.0303030303030303
16979,0.0303030303030303
16985,0.290322580645161
16986,0.0909090909090909
16993,0.241379310344828
16994,0.151515151515152
16995,0
17003,0.0606060606060606
17006,0.121212121212121
17010,0.272727272727273
17013,0.151515151515152
17014,0.212121212121212
17019,0.0909090909090909
17028,0.0606060606060606
17029,0.0303030303030303
17034,0.151515151515152
17036,0.181818181818182
17038,0.393939393939394
17042,0.121212121212121
17049,0.454545454545455
17051,0.454545454545455
17061,0.0606060606060606
17072,0.303030303030303
17076,0.0606060606060606
17080,0.103448275862069
17082,0.424242424242424
17089,0.181818181818182
17092,0.515151515151515
17095,0.375
17096,0.363636363636364
17102,0.121212121212121
17104,0.242424242424242
17107,0.151515151515152
17108,0.181818181818182
17116,0.545454545454545
17118,0.272727272727273
17122,0.0909090909090909
17127,0.303030303030303
17129,0.454545454545455
17134,0.393939393939394
17135,0.0606060606060606
17137,0
17145,0.0909090909090909
17148,0.606060606060606
17150,0.0909090909090909
17152,0.0909090909090909
17155,0
17158,0.0909090909090909
17181,0.181818181818182
17197,0.121212121212121
17202,0
17203,0.0606060606060606
17208,0
17209,0.151515151515152
17210,0.212121212121212
17211,0
17214,0.121212121212121
17224,0.242424242424242
17231,0.0909090909090909
17232,0.333333333333333
17236,0.0303030303030303
17242,0.181818181818182
17251,0.393939393939394
17260,0.272727272727273
17268,0.242424242424242
17275,0.0606060606060606
17278,0.172413793103448
17282,0.5
17286,0
17292,0.0606060606060606
17296,0.166666666666667
17297,0.212121212121212
17301,0.333333333333333
17312,0.59375
17315,0.0909090909090909
17320,0.0666666666666667
17321,0.181818181818182
17325,0.46875
17340,0.0606060606060606
17343,0.0606060606060606
17347,0.151515151515152
17349,0.333333333333333
17360,0.151515151515152
17365,0.181818181818182
17369,0.181818181818182
17372,0.272727272727273
17373,0.272727272727273
17409,0.121212121212121
17414,0.0303030303030303
17420,0
17423,0.424242424242424
17425,0.242424242424242
17427,0.212121212121212
17437,0.242424242424242
17439,0.212121212121212
17440,0
17442,0.0909090909090909
17446,0.181818181818182
17453,0.0909090909090909
17457,0.03125
17464,0.363636363636364
17469,0.363636363636364
17479,0.363636363636364
17483,0.4
17488,0.121212121212121
17489,0.151515151515152
17490,0.266666666666667
17491,0.121212121212121
17501,0
17503,0.0303030303030303
17505,0.151515151515152
17506,0.121212121212121
17515,0.151515151515152
17521,0.363636363636364
17527,0.0909090909090909
17542,0.15625
17552,0.0909090909090909
17559,0.21875
17566,0.121212121212121
17567,0
17568,0.363636363636364
17569,0.242424242424242
17578,0.393939393939394
17580,0.0909090909090909
17583,0.121212121212121
17596,0.0909090909090909
17599,0.0909090909090909
17605,0.0606060606060606
17607,0.0606060606060606
17610,0.0909090909090909
17615,0.0909090909090909
17616,0.0606060606060606
17621,0
17622,0.151515151515152
17627,0.0909090909090909
17629,0.0909090909090909
17631,0.46875
17632,0.121212121212121
17633,0.0909090909090909
17635,0.545454545454545
17636,0.121212121212121
17637,0.25
17639,0.0606060606060606
17644,0.151515151515152
17645,0.4
17672,0.303030303030303
17683,0.0606060606060606
17686,0.0606060606060606
17693,0.242424242424242
17694,0.0606060606060606
17695,0.181818181818182
17704,0.151515151515152
17713,0.0303030303030303
17714,0.242424242424242
17719,0.121212121212121
17725,0
17728,0.545454545454545
17732,0.0606060606060606
17733,0.151515151515152
17734,0.424242424242424
17740,0.121212121212121
17752,0.0666666666666667
17757,0.0606060606060606
17758,0.454545454545455
17766,0.0606060606060606
17768,0.0303030303030303
17771,0.333333333333333
17774,0.0909090909090909
17777,0.0606060606060606
17778,0.0909090909090909
17783,0
17786,0.0303030303030303
17795,0.242424242424242
17804,0.151515151515152
17812,0.0303030303030303
17813,0.233333333333333
17819,0.0303030303030303
17828,0.0909090909090909
17829,0
17833,0.212121212121212
17838,0.0606060606060606
17843,0.272727272727273
17855,0.121212121212121
17856,0.0909090909090909
17860,0.121212121212121
17861,0.151515151515152
17865,0.181818181818182
17867,0.242424242424242
17877,0.0606060606060606
17884,0.151515151515152
17890,0.181818181818182
17897,0
17898,0.363636363636364
17901,0.181818181818182
17906,0.0606060606060606
17911,0.121212121212121
17918,0.212121212121212
17922,0.121212121212121
17930,0.303030303030303
17939,0.181818181818182
17942,0.0909090909090909
17944,0.0606060606060606
17949,0.212121212121212
17952,0.0606060606060606
17954,0.181818181818182
17955,0.0909090909090909
17961,0.121212121212121
17962,0.0606060606060606
17978,0.272727272727273
17979,0
17983,0.125
17985,0.0606060606060606
17987,0.181818181818182
17989,0.515151515151515
17993,0.0303030303030303
17998,0.0303030303030303
18006,0.181818181818182
18009,0.121212121212121
18012,0.0606060606060606
18016,0.151515151515152
18019,0.25
18022,0.333333333333333
18028,0.121212121212121
18036,0
18045,0.363636363636364
18048,0.0303030303030303
18051,0.181818181818182
18056,0.121212121212121
18059,0.212121212121212
18064,0.303030303030303
18068,0.181818181818182
18071,0.393939393939394
18079,0.0909090909090909
18081,0
18094,0.15625
18103,0.533333333333333
18109,0.212121212121212
18110,0.151515151515152
18114,0.575757575757576
18115,0.212121212121212
18116,0.242424242424242
18117,0.545454545454545
18122,0.121212121212121
18131,0.0606060606060606
18134,0.0303030303030303
18138,0.0909090909090909
18144,0.121212121212121
18169,0.181818181818182
18173,0.151515151515152
18182,0.181818181818182
18188,0.454545454545455
18189,0.0606060606060606
18200,0.666666666666667
18204,0.181818181818182
18206,0.0606060606060606
18208,0.121212121212121
18209,0.0909090909090909
18213,0.151515151515152
18217,0.0303030303030303
18220,0.181818181818182
18223,0.0909090909090909
18224,0.151515151515152
18225,0.181818181818182
18234,0.121212121212121
18242,0.272727272727273
18254,0
18269,0.454545454545455
18271,0.212121212121212
18288,0.0606060606060606
18289,0.333333333333333
18292,0.121212121212121
18294,0.151515151515152
18299,0.151515151515152
18300,0.181818181818182
18304,0.0909090909090909
18305,0.0666666666666667
18322,0
18325,0.181818181818182
18334,0.0909090909090909
18343,0.137931034482759
18344,0.363636363636364
18346,0.121212121212121
18350,0.0606060606060606
18355,0.0606060606060606
18359,0.0606060606060606
18361,0.515151515151515
18364,0.0909090909090909
18374,0.242424242424242
18380,0.393939393939394
18384,0.0606060606060606
18385,0
18386,0.212121212121212
18401,0.0909090909090909
18402,0.0303030303030303
18408,0.0303030303030303
18412,0.272727272727273
18413,0.242424242424242
18421,0.0303030303030303
18423,0.151515151515152
18439,0.363636363636364
18453,0.121212121212121
18458,0.0606060606060606
18459,0.181818181818182
18466,0.575757575757576
18474,0.121212121212121
18478,0
18489,0.151515151515152
18497,0
18499,0.0344827586206897
18501,0.0909090909090909
18503,0.212121212121212
18508,0.0689655172413793
18514,0.181818181818182
18517,0.121212121212121
18533,0.242424242424242
18547,0.212121212121212
18551,0.212121212121212
18555,0.363636363636364
18556,0.212121212121212
18557,0.242424242424242
18561,0.0909090909090909
18566,0.0909090909090909
18569,0.0303030303030303
18573,0.0606060606060606
18582,0.272727272727273
18588,0.212121212121212
18592,0
18596,0.0606060606060606
18598,0.0909090909090909
18599,0.363636363636364
18605,0
18606,0.121212121212121
18607,0.181818181818182
18613,0.333333333333333
18614,0.121212121212121
18616,0.393939393939394
18617,0.151515151515152
18629,0.0344827586206897
18631,0.606060606060606
18638,0.121212121212121
18663,0.272727272727273
18673,0.151515151515152
18674,0.121212121212121
18676,0.121212121212121
18693,0
18696,0.151515151515152
18704,0.0606060606060606
18709,0.181818181818182
18710,0.0303030303030303
18711,0.303030303030303
18715,0.212121212121212
18716,0.121212121212121
18718,0.0606060606060606
18726,0.393939393939394
18728,0.151515151515152
18729,0.212121212121212
18741,0.181818181818182
18742,0.0666666666666667
18746,0.545454545454545
18752,0.242424242424242
18758,0.121212121212121
18769,0.206896551724138
18772,0.0303030303030303
18779,0.242424242424242
18781,0.424242424242424
18782,0.363636363636364
18784,0.515151515151515
18790,0.193548387096774
18799,0.303030303030303
18801,0.212121212121212
18804,0.212121212121212
18811,0.393939393939394
18823,0.0909090909090909
18827,0.0909090909090909
18828,0.242424242424242
18831,0.212121212121212
18842,0.212121212121212
18848,0.0909090909090909
18852,0.272727272727273
18854,0.121212121212121
18861,0.366666666666667
18873,0.0909090909090909
18877,0.0909090909090909
18879,0.0909090909090909
18882,0.0909090909090909
18884,0.0303030303030303
18885,0.121212121212121
18889,0.181818181818182
18894,0.0909090909090909
18906,0.53125
18919,0.0606060606060606
18928,0.0303030303030303
18929,0
18932,0.151515151515152
18946,0.272727272727273
18950,0.212121212121212
18954,0.454545454545455
18955,0.0909090909090909
18958,0.333333333333333
18962,0.15625
18963,0.0909090909090909
18972,0.0303030303030303
18973,0.0303030303030303
18979,0.121212121212121
18985,0.272727272727273
18988,0.303030303030303
18992,0.0606060606060606
18994,0.0303030303030303
18999,0.0606060606060606
19004,0.242424242424242
19015,0.151515151515152
19022,0.586206896551724
19028,0.242424242424242
19036,0.151515151515152
19040,0.212121212121212
19045,0.151515151515152
19050,0.0606060606060606
19055,0.151515151515152
19056,0.484848484848485
19059,0.166666666666667
19062,0.310344827586207
19068,0.121212121212121
19073,0
19074,0
19086,0.121212121212121
19090,0.413793103448276
19094,0.0606060606060606
19096,0.151515151515152
19097,0.424242424242424
19099,0.272727272727273
19106,0.0303030303030303
19110,0.333333333333333
19114,0.0303030303030303
19115,0.34375
19116,0.151515151515152
19120,0.0606060606060606
19126,0.363636363636364
19132,0.272727272727273
19133,0.333333333333333
19134,0.206896551724138
19142,0.0909090909090909
19147,0.212121212121212
19154,0.0606060606060606
19160,0.333333333333333
19162,0.0606060606060606
19165,0.0909090909090909
19178,0.242424242424242
19180,0.151515151515152
19184,0.515151515151515
19189,0.151515151515152
19195,0.0606060606060606
19199,0.515151515151515
19207,0.181818181818182
19218,0.151515151515152
19220,0.151515151515152
19226,0.121212121212121
19238,0.121212121212121
19241,0.121212121212121
19244,0.333333333333333
19254,0.172413793103448
19256,0.181818181818182
19257,0.121212121212121
19258,0
19261,0.0303030303030303
19264,0.121212121212121
19277,0.40625
19279,0.0606060606060606
19285,0.0606060606060606
19291,0.393939393939394
19292,0.181818181818182
19295,0
19298,0.266666666666667
19299,0
19302,0
19303,0.0606060606060606
19309,0.0606060606060606
19320,0.0606060606060606
19328,0.363636363636364
19337,0.121212121212121
19340,0.151515151515152
19343,0.333333333333333
19345,0.121212121212121
19348,0.151515151515152
19349,0.0303030303030303
19355,0.121212121212121
19357,0.0303030303030303
19358,0.121212121212121
19359,0.272727272727273
19362,0.0909090909090909
19364,0.25
19369,0.0303030303030303
19370,0.0909090909090909
19376,0.0909090909090909
19380,0.0909090909090909
19382,0.181818181818182
19384,0.0909090909090909
19394,0.515151515151515
19398,0.121212121212121
19404,0.424242424242424
19406,0.0606060606060606
19410,0.0606060606060606
19412,0.3125
19413,0.0909090909090909
19417,0
19426,0
19427,0.272727272727273
19429,0.272727272727273
19435,0.515151515151515
19441,0.344827586206897
19445,0.303030303030303
19461,0.0909090909090909
19465,0.0606060606060606
19478,0.0606060606060606
19479,0.1875
19485,0.0909090909090909
19489,0.121212121212121
19491,0.333333333333333
19497,0.3125
19498,0.25
19502,0.121212121212121
19512,0
19521,0.212121212121212
19525,0.166666666666667
19526,0.0606060606060606
19536,0.181818181818182
19538,0.0606060606060606
19545,0.363636363636364
19551,0.424242424242424
19554,0.393939393939394
19559,0.181818181818182
19560,0.0909090909090909
19563,0.181818181818182
19570,0.21875
19577,0.121212121212121
19582,0.0344827586206897
19584,0.515151515151515
19587,0.0909090909090909
19595,0.0606060606060606
19609,0.151515151515152
19613,0.545454545454545
19617,0.151515151515152
19618,0.0303030303030303
19623,0.121212121212121
19631,0.212121212121212
19639,0.0909090909090909
19643,0.0606060606060606
19645,0.242424242424242
19658,0.333333333333333
19660,0.212121212121212
19663,0.137931034482759
19665,0
19669,0.161290322580645
19670,0.5
19674,0.333333333333333
19686,0.0303030303030303
19688,0.212121212121212
19698,0.0303030303030303
19701,0.0606060606060606
19702,0.121212121212121
19707,0.181818181818182
19714,0.393939393939394
19716,0.303030303030303
19717,0.466666666666667
19725,0.0606060606060606
19731,0.0909090909090909
19743,0.0666666666666667
19753,0.121212121212121
19756,0.272727272727273
19757,0.0606060606060606
19761,0.0909090909090909
19767,0.1
19776,0.0606060606060606
19785,0.15625
19788,0.151515151515152
19789,0.272727272727273
19798,0.1
19800,0
19810,0.272727272727273
19813,0
19815,0.242424242424242
19820,0.303030303030303
19823,0.121212121212121
19824,0.212121212121212
19826,0.121212121212121
19829,0.0909090909090909
19836,0.303030303030303
19837,0.242424242424242
19838,0.303030303030303
19843,0.0909090909090909
19847,0.0606060606060606
19848,0.303030303030303
19871,0.0909090909090909
19872,0.0303030303030303
19876,0.242424242424242
19878,0.212121212121212
19880,0.121212121212121
19883,0.303030303030303
19887,0.393939393939394
19890,0.151515151515152
19891,0.333333333333333
19894,0
19896,0.151515151515152
19907,0.393939393939394
19916,0.181818181818182
19920,0.121212121212121
19921,0.0303030303030303
19927,0
19932,0
19943,0.181818181818182
19945,0.181818181818182
19947,0.0606060606060606
19959,0.212121212121212
19972,0.0606060606060606
19975,0.212121212121212
19977,0.151515151515152
19990,0.151515151515152
19993,0.0606060606060606
20001,0.242424242424242
20005,0.266666666666667
20013,0.0909090909090909
20018,0.0303030303030303
20022,0.448275862068966
20025,0.272727272727273
20041,0.0606060606060606
20042,0.272727272727273
20045,0.151515151515152
20047,0.424242424242424
20056,0.172413793103448
20058,0.0909090909090909
20061,0.290322580645161
20064,0.242424242424242
20096,0.151515151515152
20101,0.121212121212121
20102,0.0606060606060606
20108,0.121212121212121
20111,0.25
20113,0.333333333333333
20115,0.0606060606060606
20118,0.121212121212121
20119,0.0303030303030303
20137,0.121212121212121
20138,0.125
20140,0.242424242424242
20143,0.166666666666667
20145,0.0909090909090909
20153,0.0909090909090909
20157,0.0606060606060606
20166,0.0909090909090909
20171,0.0303030303030303
20179,0.0606060606060606
20182,0.0303030303030303
20183,0
20185,0.0909090909090909
20195,0.0303030303030303
20196,0.151515151515152
20200,0.151515151515152
20212,0
20218,0.242424242424242
20219,0.424242424242424
20224,0.212121212121212
20226,0.0666666666666667
20229,0.0689655172413793
20238,0.0606060606060606
20239,0.393939393939394
20242,0.0606060606060606
20250,0.606060606060606
20264,0.0606060606060606
20272,0.575757575757576
20277,0.46875
20286,0.151515151515152
20295,0.121212121212121
20297,0.121212121212121
20299,0.0303030303030303
20303,0.363636363636364
20306,0.151515151515152
20308,0.212121212121212
20311,0.303030303030303
20316,0.272727272727273
20326,0.0606060606060606
20338,0.0909090909090909
20341,0.0303030303030303
20345,0.121212121212121
20347,0.0606060606060606
20350,0
20351,0.0909090909090909
20354,0.258064516129032
20362,0.121212121212121
20386,0
20387,0.212121212121212
20394,0.0909090909090909
20406,0
20407,0.212121212121212
20422,0.0909090909090909
20425,0.424242424242424
20432,0.0909090909090909
20437,0.0909090909090909
20440,0.0909090909090909
20443,0.0909090909090909
20453,0
20470,0.242424242424242
20472,0.0606060606060606
20479,0.484848484848485
20490,0.333333333333333
20496,0.612903225806452
20499,0.333333333333333
20500,0.379310344827586
20502,0.151515151515152
20504,0.0909090909090909
20506,0.242424242424242
20513,0
20520,0.363636363636364
20526,0.151515151515152
20530,0.333333333333333
20531,0.363636363636364
20541,0.545454545454545
20547,0.181818181818182
20549,0.424242424242424
20553,0.0606060606060606
20554,0.363636363636364
20559,0.0606060606060606
20567,0.151515151515152
20570,0.0303030303030303
20582,0.151515151515152
20583,0.424242424242424
20595,0.454545454545455
20596,0.121212121212121
20601,0.272727272727273
20602,0.212121212121212
20603,0.636363636363636
20604,0.121212121212121
20606,0.0303030303030303
20621,0.151515151515152
20623,0.212121212121212
20630,0.0333333333333333
20656,0.0606060606060606
20657,0.333333333333333
20668,0.454545454545455
20670,0.545454545454545
20673,0.121212121212121
20678,0.181818181818182
20682,0.181818181818182
20684,0.0909090909090909
20689,0.151515151515152
20694,0.0606060606060606
20696,0.242424242424242
20697,0
20698,0.0606060606060606
20709,0.363636363636364
20720,0.0303030303030303
20726,0.181818181818182
20727,0.0606060606060606
20737,0.0909090909090909
20739,0.0303030303030303
20745,0.121212121212121
20746,0.0606060606060606
20754,0.121212121212121
20757,0.454545454545455
20761,0.272727272727273
20765,0.0909090909090909
20775,0
20791,0.242424242424242
20793,0.241379310344828
20796,0.212121212121212
20799,0.272727272727273
20807,0.09375
20808,0.0606060606060606
20820,0.0303030303030303
20821,0.151515151515152
20826,0.0303030303030303
20830,0.212121212121212
20834,0
20835,0.0909090909090909
20840,0.181818181818182
20850,0.0303030303030303
20851,0.0909090909090909
20858,0
20868,0.0303030303030303
20870,0.21875
20872,0
20884,0.0909090909090909
20885,0.545454545454545
20889,0.333333333333333
20893,0.0909090909090909
20896,0.151515151515152
20899,0.0333333333333333
20902,0
20904,0.272727272727273
20907,0.181818181818182
20912,0.0606060606060606
20917,0.151515151515152
20918,0.34375
20919,0.363636363636364
20922,0.0606060606060606
20924,0.333333333333333
20933,0.515151515151515
20944,0.0909090909090909
20950,0.0606060606060606
20980,0.272727272727273
20992,0.0909090909090909
20994,0.212121212121212
20995,0.212121212121212
20996,0.4375
20999,0.212121212121212
21009,0
21010,0.111111111111111
21012,0.0285714285714286
21015,0.416666666666667
21019,0.0833333333333333
21020,0.0833333333333333
21033,0.166666666666667
21036,0.0555555555555556
21037,0.344827586206897
21039,0.194444444444444
21050,0.277777777777778
21051,0.0555555555555556
21054,0.111111111111111
21055,0.166666666666667
21058,0.194444444444444
21059,0.0277777777777778
21061,0.0833333333333333
21063,0.305555555555556
21065,0.111111111111111
21068,0.222222222222222
21074,0.448275862068966
21078,0.138888888888889
21080,0.0555555555555556
21083,0.277777777777778
21084,0.0833333333333333
21090,0.305555555555556
21093,0.305555555555556
21096,0.25
21099,0.25
21104,0.388888888888889
21111,0.222222222222222
21112,0.166666666666667
21113,0.34375
21117,0.222222222222222
21118,0.514285714285714
21120,0.111111111111111
21123,0.361111111111111
21124,0.194444444444444
21132,0.2
21134,0.555555555555556
21136,0.0555555555555556
21143,0.444444444444444
21149,0.111111111111111
21156,0.277777777777778
21158,0.361111111111111
21159,0.25
21165,0.363636363636364
21167,0.0555555555555556
21169,0.0555555555555556
21172,0
21173,0.285714285714286
21181,0.111111111111111
21183,0.305555555555556
21185,0.111111111111111
21192,0.0833333333333333
21199,0.305555555555556
21204,0.25
21209,0.138888888888889
21213,0.111111111111111
21216,0.333333333333333
21228,0.305555555555556
21240,0.171428571428571
21252,0.166666666666667
21253,0.428571428571429
21257,0.0555555555555556
21263,0.4
21270,0.444444444444444
21275,0.361111111111111
21276,0.111111111111111
21277,0.333333333333333
21281,0.194444444444444
21283,0.0909090909090909
21292,0.25
21295,0.333333333333333
21298,0.0555555555555556
21300,0.235294117647059
21304,0.138888888888889
21305,0.333333333333333
21306,0.314285714285714
21307,0.194444444444444
21309,0.6
21311,0.138888888888889
21317,0.0555555555555556
21326,0
21331,0.333333333333333
21344,0.0285714285714286
21345,0.222222222222222
21359,0.3125
21371,0.166666666666667
21376,0.0555555555555556
21382,0.0277777777777778
21384,0.222222222222222
21386,0.138888888888889
21391,0.205882352941176
21393,0.0555555555555556
21395,0.5
21396,0.194444444444444
21404,0.4
21407,0.25
21412,0
21419,0.111111111111111
21433,0.138888888888889
21442,0.111111111111111
21455,0.277777777777778
21456,0.305555555555556
21457,0.0555555555555556
21460,0.111111111111111
21468,0.125
21484,0.305555555555556
21499,0.0555555555555556
21500,0.2
21501,0
21502,0.277777777777778
21504,0.166666666666667
21510,0.0277777777777778
21512,0.222222222222222
21518,0.0555555555555556
21528,0.0277777777777778
21530,0.333333333333333
21531,0.171428571428571
21537,0.485714285714286
21541,0.235294117647059
21542,0
21552,0.277777777777778
21554,0.257142857142857
21557,0.388888888888889
21558,0.111111111111111
21561,0.111111111111111
21562,0.277777777777778
21566,0.0833333333333333
21574,0.25
21577,0.303030303030303
21582,0.166666666666667
21586,0.457142857142857
21589,0.0833333333333333
21592,0.0277777777777778
21598,0.0555555555555556
21605,0.0833333333333333
21610,0.571428571428571
21614,0.0277777777777778
21619,0.333333333333333
21620,0.111111111111111
21623,0.555555555555556
21625,0.388888888888889
21630,0.222222222222222
21632,0.138888888888889
21635,0.166666666666667
21643,0.228571428571429
21655,0.40625
21666,0.111111111111111
21667,0.0555555555555556
21672,0.0555555555555556
21678,0.111111111111111
21681,0
21682,0.138888888888889
21691,0.0833333333333333
21699,0.181818181818182
21702,0.416666666666667
21712,0.138888888888889
21715,0.194444444444444
21728,0.0555555555555556
21735,0.0555555555555556
21748,0.28125
21757,0
21762,0.111111111111111
21768,0.285714285714286
21772,0.111111111111111
21773,0.333333333333333
21779,0
21782,0.222222222222222
21785,0.25
21789,0.277777777777778
21790,0.361111111111111
21792,0.333333333333333
21817,0
21831,0.09375
21834,0
21836,0.242424242424242
21859,0.111111111111111
21860,0.138888888888889
21864,0.194444444444444
21865,0.25
21868,0.114285714285714
21874,0.361111111111111
21878,0.222222222222222
21885,0.0833333333333333
21889,0.166666666666667
21894,0.361111111111111
21896,0.0857142857142857
21898,0.166666666666667
21901,0.305555555555556
21905,0.0909090909090909
21907,0.111111111111111
21909,0.303030303030303
21910,0.222222222222222
21913,0.0833333333333333
21915,0.111111111111111
21922,0.0833333333333333
21934,0.194444444444444
21954,0.111111111111111
21956,0.379310344827586
21958,0.133333333333333
21962,0.111111111111111
21972,0.0277777777777778
21974,0.457142857142857
21978,0.305555555555556
21981,0.388888888888889
21982,0.379310344827586
21986,0.457142857142857
21987,0.0571428571428571
21992,0.166666666666667
21993,0.257142857142857
21994,0.266666666666667
21996,0.111111111111111
21999,0.527777777777778
22004,0.166666666666667
22005,0.111111111111111
22007,0.0555555555555556
22009,0.194444444444444
22011,0.0555555555555556
22014,0.344827586206897
22018,0.0555555555555556
22020,0.0833333333333333
22023,0.194444444444444
22024,0.388888888888889
22028,0.111111111111111
22045,0.0277777777777778
22047,0.138888888888889
22048,0.264705882352941
22049,0.388888888888889
22058,0.138888888888889
22062,0.333333333333333
22069,0.264705882352941
22071,0.228571428571429
22085,0.305555555555556
22093,0.0555555555555556
22095,0.138888888888889
22096,0.5
22103,0.111111111111111
22104,0.212121212121212
22107,0.0833333333333333
22109,0.111111111111111
22110,0.166666666666667
22122,0.111111111111111
22134,0.194444444444444
22136,0.166666666666667
22137,0.205882352941176
22139,0.166666666666667
22140,0.166666666666667
22143,0.0833333333333333
22144,0.138888888888889
22146,0.333333333333333
22149,0.166666666666667
22162,0.0833333333333333
22165,0.416666666666667
22177,0.361111111111111
22183,0.0277777777777778
22188,0.111111111111111
22210,0.0833333333333333
22213,0.277777777777778
22215,0.194444444444444
22219,0.194444444444444
22220,0.0555555555555556
22224,0.0909090909090909
22226,0.138888888888889
22231,0.166666666666667
22239,0.111111111111111
22245,0.222222222222222
22248,0.111111111111111
22249,0.277777777777778
22253,0.166666666666667
22254,0.388888888888889
22267,0.0833333333333333
22270,0.0833333333333333
22271,0.361111111111111
22278,0.194444444444444
22279,0.166666666666667
22283,0.0277777777777778
22287,0.222222222222222
22289,0.21875
22292,0
22296,0.222222222222222
22312,0.441176470588235
22317,0.0277777777777778
22321,0.138888888888889
22323,0.194444444444444
22325,0.111111111111111
22328,0.0277777777777778
22329,0.0833333333333333
22333,0.472222222222222
22335,0.0277777777777778
22339,0
22343,0.0833333333333333
22346,0.416666666666667
22349,0.0833333333333333
22350,0.111111111111111
22359,0.194444444444444
22362,0.111111111111111
22363,0.0833333333333333
22369,0.0555555555555556
22374,0.194444444444444
22376,0.0555555555555556
22384,0.194444444444444
22387,0.277777777777778
22396,0.138888888888889
22398,0.470588235294118
22405,0.176470588235294
22406,0.138888888888889
22407,0.111111111111111
22408,0.542857142857143
22409,0.228571428571429
22410,0.0555555555555556
22413,0.303030303030303
22415,0.0588235294117647
22418,0.166666666666667
22427,0.111111111111111
22442,0.111111111111111
22444,0.0277777777777778
22445,0.166666666666667
22448,0.342857142857143
22450,0.142857142857143
22452,0.117647058823529
22454,0.242424242424242
22457,0.444444444444444
22458,0.111111111111111
22465,0.166666666666667
22472,0.0277777777777778
22474,0.25
22475,0.277777777777778
22477,0.0833333333333333
22479,0.222222222222222
22480,0.0555555555555556
22488,0.277777777777778
22492,0.0277777777777778
22507,0.142857142857143
22513,0.138888888888889
22514,0.0833333333333333
22525,0.0833333333333333
22527,0.222222222222222
22528,0.0555555555555556
22529,0.0277777777777778
22530,0.0882352941176471
22542,0.25
22546,0.25
22551,0.138888888888889
22553,0.0277777777777778
22554,0.111111111111111
22557,0.111111111111111
22562,0.166666666666667
22565,0.138888888888889
22567,0.277777777777778
22569,0.166666666666667
22572,0.111111111111111
22573,0.138888888888889
22579,0
22592,0.166666666666667
22597,0.138888888888889
22598,0.575757575757576
22602,0.393939393939394
22603,0.0555555555555556
22604,0.222222222222222
22629,0.387096774193548
22631,0.166666666666667
22633,0.0833333333333333
22637,0.194444444444444
22638,0.194444444444444
22643,0.0555555555555556
22646,0.166666666666667
22652,0.0555555555555556
22660,0.0277777777777778
22662,0.166666666666667
22663,0.0555555555555556
22664,0.138888888888889
22668,0.25
22672,0.0833333333333333
22676,0.111111111111111
22679,0.166666666666667
22682,0.1
22692,0.277777777777778
22693,0.121212121212121
22696,0.0277777777777778
22697,0.0833333333333333
22707,0.0555555555555556
22708,0.25
22719,0.222222222222222
22723,0.138888888888889
22726,0.194444444444444
22727,0
22732,0.0555555555555556
22734,0.333333333333333
22744,0.194444444444444
22762,0.111111111111111
22770,0.314285714285714
22772,0.558823529411765
22773,0.0555555555555556
22775,0.111111111111111
22777,0.138888888888889
22780,0.416666666666667
22781,0.314285714285714
22782,0.0555555555555556
22783,0.111111111111111
22784,0.138888888888889
22796,0.0555555555555556
22797,0.277777777777778
22800,0.138888888888889
22801,0.40625
22802,0.25
22803,0.0277777777777778
22813,0.361111111111111
22817,0.138888888888889
22819,0.121212121212121
22822,0.257142857142857
22826,0.0833333333333333
22828,0.305555555555556
22831,0.166666666666667
22833,0.0555555555555556
22834,0.194444444444444
22837,0.264705882352941
22838,0.333333333333333
22839,0.314285714285714
22841,0.0333333333333333
22843,0.277777777777778
22845,0.529411764705882
22847,0.0277777777777778
22849,0.241379310344828
22850,0.0833333333333333
22854,0.0833333333333333
22859,0.171428571428571
22867,0.2
22868,0.0555555555555556
22872,0.222222222222222
22880,0.0833333333333333
22884,0.0833333333333333
22889,0.233333333333333
22891,0.138888888888889
22893,0.264705882352941
22897,0.5
22904,0.111111111111111
22912,0.0833333333333333
22913,0.323529411764706
22914,0.305555555555556
22917,0.194444444444444
22921,0.361111111111111
22928,0
22930,0.305555555555556
22935,0.138888888888889
22937,0.25
22941,0.272727272727273
22943,0.444444444444444
22945,0.222222222222222
22948,0
22954,0.0833333333333333
22958,0.222222222222222
22961,0.333333333333333
22977,0.194444444444444
22980,0.277777777777778
22994,0
23001,0.111111111111111
23005,0.111111111111111
23006,0.142857142857143
23023,0.0277777777777778
23024,0.542857142857143
23029,0.0555555555555556
23032,0.138888888888889
23039,0.25
23043,0.194444444444444
23052,0.2
23061,0.222222222222222
23062,0
23063,0.2
23064,0.305555555555556
23086,0.25
23091,0.0277777777777778
23096,0.111111111111111
23108,0.111111111111111
23109,0.333333333333333
23112,0.138888888888889
23116,0.138888888888889
23119,0.305555555555556
23126,0.166666666666667
23129,0.194444444444444
23136,0.166666666666667
23138,0.25
23144,0.0555555555555556
23149,0.0277777777777778
23161,0.0555555555555556
23163,0.0555555555555556
23166,0.333333333333333
23168,0.333333333333333
23174,0.111111111111111
23184,0.25
23188,0.138888888888889
23189,0.352941176470588
23193,0.111111111111111
23197,0.0833333333333333
23206,0.138888888888889
23214,0.0277777777777778
23224,0
23225,0.277777777777778
23227,0.222222222222222
23233,0.222222222222222
23235,0.0555555555555556
23245,0.194444444444444
23247,0.222222222222222
23250,0.0303030303030303
23253,0.0555555555555556
23255,0.138888888888889
23257,0.0555555555555556
23264,0
23265,0.194444444444444
23266,0.0833333333333333
23268,0.305555555555556
23274,0
23275,0.0555555555555556
23282,0.222222222222222
23283,0.138888888888889
23298,0.0833333333333333
23303,0.277777777777778
23308,0.133333333333333
23312,0.0909090909090909
23319,0.0833333333333333
23324,0.0833333333333333
23326,0.583333333333333
23327,0.333333333333333
23331,0.0294117647058824
23332,0.444444444444444
23340,0.111111111111111
23351,0.194444444444444
23353,0.138888888888889
23367,0.138888888888889
23368,0.0277777777777778
23372,0.194444444444444
23375,0.277777777777778
23378,0.111111111111111
23386,0.0555555555555556
23389,0.111111111111111
23393,0
23395,0.333333333333333
23405,0.333333333333333
23412,0.0833333333333333
23413,0.222222222222222
23422,0.111111111111111
23426,0.0277777777777778
23427,0.4
23432,0.25
23435,0.416666666666667
23439,0.388888888888889
23446,0.111111111111111
23447,0.142857142857143
23457,0.4
23470,0.0833333333333333
23471,0.138888888888889
23472,0.333333333333333
23473,0.228571428571429
23476,0.388888888888889
23478,0.277777777777778
23487,0.138888888888889
23490,0.25
23491,0.228571428571429
23498,0.111111111111111
23499,0.277777777777778
23500,0.416666666666667
23505,0.242424242424242
23507,0.111111111111111
23511,0.0571428571428571
23517,0.194444444444444
23519,0.194444444444444
23521,0.612903225806452
23524,0.361111111111111
23529,0.333333333333333
23532,0.0571428571428571
23549,0.0555555555555556
23557,0.0277777777777778
23559,0.111111111111111
23579,0.194444444444444
23585,0.138888888888889
23588,0.388888888888889
23593,0
23594,0.411764705882353
23598,0.361111111111111
23605,0.111111111111111
23608,0.0833333333333333
23614,0.138888888888889
23619,0.277777777777778
23636,0.352941176470588
23638,0.111111111111111
23641,0.0277777777777778
23642,0
23644,0.0555555555555556
23650,0.285714285714286
23653,0.305555555555556
23661,0.25
23666,0.0833333333333333
23675,0.194444444444444
23682,0.138888888888889
23683,0.361111111111111
23684,0.0833333333333333
23694,0.222222222222222
23697,0.111111111111111
23698,0.138888888888889
23702,0.323529411764706
23703,0.166666666666667
23705,0.166666666666667
23710,0.111111111111111
23715,0.0833333333333333
23721,0.241379310344828
23722,0.111111111111111
23730,0.228571428571429
23731,0.0833333333333333
23733,0.114285714285714
23740,0.0833333333333333
23744,0.166666666666667
23746,0.0833333333333333
23754,0.388888888888889
23760,0.0277777777777778
23762,0.0277777777777778
23763,0.111111111111111
23764,0.166666666666667
23772,0
23783,0.342857142857143
23789,0.285714285714286
23791,0.0833333333333333
23792,0.222222222222222
23793,0.138888888888889
23795,0.222222222222222
23796,0.361111111111111
23798,0.305555555555556
23802,0.305555555555556
23809,0.0277777777777778
23815,0.0833333333333333
23816,0.7
23820,0.166666666666667
23828,0.194444444444444
23831,0.457142857142857
23839,0.32258064516129
23852,0.0555555555555556
23878,0.0833333333333333
23879,0.4
23882,0.0277777777777778
23883,0.305555555555556
23884,0.138888888888889
23886,0.0303030303030303
23889,0.166666666666667
23900,0.0555555555555556
23904,0.0277777777777778
23908,0.0555555555555556
23914,0.166666666666667
23915,0.0277777777777778
23917,0.228571428571429
23924,0.0833333333333333
23929,0.305555555555556
23932,0.111111111111111
23942,0.0588235294117647
23947,0.361111111111111
23951,0
23958,0.444444444444444
23962,0.142857142857143
23966,0.212121212121212
23967,0.111111111111111
23969,0.222222222222222
23973,0.138888888888889
23978,0.138888888888889
23979,0.111111111111111
23980,0.428571428571429
23985,0.333333333333333
23998,0.25
24002,0.333333333333333
24003,0.194444444444444
24005,0.388888888888889
24017,0.205882352941176
24018,0.111111111111111
24024,0.142857142857143
24027,0.111111111111111
24042,0.0277777777777778
24043,0.0833333333333333
24045,0.0555555555555556
24046,0.0857142857142857
24047,0.0555555555555556
24058,0.25
24059,0.138888888888889
24062,0.222222222222222
24064,0.25
24067,0.222222222222222
24068,0
24075,0.138888888888889
24081,0.354838709677419
24085,0.277777777777778
24088,0.558823529411765
24090,0.25
24107,0.0277777777777778
24119,0.0277777777777778
24123,0.166666666666667
24125,0.472222222222222
24126,0.305555555555556
24133,0.0857142857142857
24137,0.111111111111111
24138,0.0857142857142857
24147,0
24159,0.166666666666667
24165,0.342857142857143
24168,0.111111111111111
24169,0.25
24175,0
24178,0.277777777777778
24180,0.138888888888889
24181,0.138888888888889
24184,0.0555555555555556
24187,0.0571428571428571
24190,0.111111111111111
24191,0.0277777777777778
24192,0.222222222222222
24193,0.138888888888889
24194,0.388888888888889
24199,0.342857142857143
24207,0.166666666666667
24208,0.138888888888889
24219,0.111111111111111
24221,0.222222222222222
24223,0.111111111111111
24230,0.366666666666667
24239,0.388888888888889
24243,0.222222222222222
24245,0.333333333333333
24250,0.0571428571428571
24254,0.166666666666667
24261,0.305555555555556
24262,0.194444444444444
24264,0.0833333333333333
24271,0.333333333333333
24272,0.117647058823529
24274,0.0833333333333333
24277,0.222222222222222
24284,0.424242424242424
24295,0.138888888888889
24313,0.0555555555555556
24316,0.444444444444444
24330,0.166666666666667
24334,0.305555555555556
24340,0.222222222222222
24348,0.0606060606060606
24352,0.0606060606060606
24353,0.2
24362,0.0833333333333333
24365,0.142857142857143
24380,0.361111111111111
24381,0.111111111111111
24398,0.0833333333333333
24400,0.194444444444444
24404,0.0833333333333333
24407,0.0833333333333333
24409,0.25
24412,0.0833333333333333
24420,0.166666666666667
24424,0.0833333333333333
24427,0.0555555555555556
24428,0.3
24438,0.0833333333333333
24448,0.266666666666667
24455,0.142857142857143
24458,0
24462,0.0833333333333333
24463,0.333333333333333
24469,0.0277777777777778
24475,0.25
24476,0.0833333333333333
24478,0.0571428571428571
24486,0.0555555555555556
24498,0
24500,0.555555555555556
24504,0.111111111111111
24507,0.342857142857143
24508,0.0833333333333333
24509,0
24513,0.0833333333333333
24515,0.166666666666667
24528,0.147058823529412
24529,0.166666666666667
24539,0.0277777777777778
24540,0.21875
24545,0.0833333333333333
24560,0.222222222222222
24562,0.138888888888889
24567,0
24571,0.2
24573,0.138888888888889
24574,0.0833333333333333
24575,0.0555555555555556
24583,0.277777777777778
24586,0.4
24588,0.166666666666667
24589,0.388888888888889
24599,0.0555555555555556
24604,0.305555555555556
24608,0.171428571428571
24611,0.166666666666667
24617,0.114285714285714
24620,0.0277777777777778
24622,0.388888888888889
24627,0.205882352941176
24642,0.361111111111111
24643,0
24644,0.0277777777777778
24647,0.194444444444444
24648,0.0833333333333333
24653,0
24656,0.0833333333333333
24662,0.171428571428571
24668,0.294117647058824
24671,0.222222222222222
24673,0.0857142857142857
24680,0.484848484848485
24687,0.0333333333333333
24702,0.277777777777778
24703,0.0555555555555556
24705,0.0857142857142857
24707,0.166666666666667
24708,0.138888888888889
24710,0.138888888888889
24717,0.138888888888889
24721,0.138888888888889
24723,0.285714285714286
24731,0.194444444444444
24739,0.314285714285714
24742,0.0833333333333333
24745,0.0277777777777778
24748,0.228571428571429
24751,0.305555555555556
24752,0.138888888888889
24755,0.333333333333333
24757,0.25
24759,0.194444444444444
24763,0.305555555555556
24768,0.194444444444444
24771,0.194444444444444
24773,0.0555555555555556
24776,0.138888888888889
24784,0.222222222222222
24785,0.0555555555555556
24787,0.314285714285714
24788,0.138888888888889
24791,0.0277777777777778
24795,0.242424242424242
24811,0.527777777777778
24812,0.2
24816,0.638888888888889
24823,0.114285714285714
24837,0.166666666666667
24839,0.0833333333333333
24844,0.0555555555555556
24848,0.5
24854,0.0833333333333333
24860,0.2
24862,0.361111111111111
24867,0.0555555555555556
24871,0.0833333333333333
24872,0.433333333333333
24876,0.222222222222222
24879,0.333333333333333
24886,0.138888888888889
24888,0.0277777777777778
24889,0.277777777777778
24892,0.305555555555556
24899,0.0833333333333333
24900,0.111111111111111
24902,0.194444444444444
24905,0.176470588235294
24906,0.0555555555555556
24911,0.222222222222222
24917,0.0833333333333333
24932,0.411764705882353
24935,0.277777777777778
24937,0.228571428571429
24944,0.388888888888889
24956,0.0555555555555556
24964,0.277777777777778
24968,0.0833333333333333
24971,0.222222222222222
24975,0.0833333333333333
24989,0.111111111111111
24991,0.0555555555555556
24996,0.171428571428571
24998,0.181818181818182
25004,0.0303030303030303
25006,0.0857142857142857
25007,0.375
25032,0.388888888888889
25038,0.0285714285714286
25039,0.472222222222222
25043,0.138888888888889
25050,0.305555555555556
25052,0
25054,0.111111111111111
25064,0
25067,0.257142857142857
25068,0.111111111111111
25071,0.25
25074,0.472222222222222
25076,0
25081,0.542857142857143
25084,0.0833333333333333
25088,0.166666666666667
25095,0.166666666666667
25096,0.0833333333333333
25099,0.166666666666667
25100,0.166666666666667
25102,0.527777777777778
25123,0.114285714285714
25131,0.138888888888889
25135,0.558823529411765
25141,0.0555555555555556
25143,0.111111111111111
25148,0.142857142857143
25154,0.194444444444444
25158,0.333333333333333
25161,0.222222222222222
25167,0.142857142857143
25169,0.166666666666667
25175,0.0555555555555556
25176,0.0833333333333333
25180,0.0833333333333333
25192,0.138888888888889
25195,0
25197,0.0857142857142857
25200,0.0833333333333333
25212,0.0833333333333333
25216,0.166666666666667
25217,0.222222222222222
25222,0.0833333333333333
25223,0.305555555555556
25231,0.416666666666667
25234,0.470588235294118
25241,0.138888888888889
25246,0.138888888888889
25247,0.4
25250,0.0285714285714286
25264,0.342857142857143
25269,0.0833333333333333
25275,0.0833333333333333
25288,0.314285714285714
25290,0.194444444444444
25299,0.277777777777778
25305,0.2
25313,0.194444444444444
25316,0.5
25325,0.114285714285714
25330,0.228571428571429
25342,0.0555555555555556
25348,0.354838709677419
25349,0.222222222222222
25350,0.0833333333333333
25354,0.166666666666667
25360,0.0833333333333333
25365,0.0277777777777778
25371,0.0555555555555556
25376,0.111111111111111
25381,0.0303030303030303
25384,0.111111111111111
25386,0.117647058823529
25397,0.222222222222222
25399,0.194444444444444
25401,0.277777777777778
25405,0.171428571428571
25410,0.514285714285714
25413,0.0277777777777778
25427,0.277777777777778
25431,0.0555555555555556
25440,0.138888888888889
25446,0.305555555555556
25448,0.222222222222222
25451,0.0277777777777778
25452,0.0555555555555556
25456,0.0303030303030303
25457,0.111111111111111
25458,0.0833333333333333
25464,0.0277777777777778
25467,0.277777777777778
25469,0.277777777777778
25475,0.222222222222222
25482,0.0833333333333333
25484,0.25
25485,0.194444444444444
25486,0.138888888888889
25487,0.444444444444444
25488,0.0555555555555556
25489,0.361111111111111
25492,0.0833333333333333
25495,0
25501,0.0833333333333333
25503,0.166666666666667
25504,0.277777777777778
25507,0.0555555555555556
25513,0.138888888888889
25515,0.0833333333333333
25526,0.0277777777777778
25528,0.0277777777777778
25529,0.25
25533,0.277777777777778
25537,0.222222222222222
25539,0.361111111111111
25543,0
25545,0.166666666666667
25552,0
25555,0.242424242424242
25560,0.285714285714286
25561,0.194444444444444
25562,0.2
25567,0
25570,0.527777777777778
25575,0.428571428571429
25579,0.0277777777777778
25584,0.388888888888889
25595,0.305555555555556
25601,0.342857142857143
25604,0.142857142857143
25607,0.194444444444444
25615,0.0833333333333333
25618,0.333333333333333
25629,0.222222222222222
25634,0.484848484848485
25638,0.0833333333333333
25647,0.305555555555556
25650,0.583333333333333
25653,0.138888888888889
25655,0.25
25656,0.0277777777777778
25657,0.277777777777778
25662,0.0277777777777778
25665,0.222222222222222
25667,0
25674,0.444444444444444
25677,0.333333333333333
25679,0.25
25680,0.305555555555556
25687,0.0833333333333333
25688,0.0555555555555556
25690,0.233333333333333
25692,0.542857142857143
25697,0.25
25707,0.0555555555555556
25719,0.0277777777777778
25723,0.194444444444444
25727,0.138888888888889
25734,0.181818181818182
25736,0.111111111111111
25739,0.0277777777777778
25743,0.171428571428571
25751,0.0555555555555556
25762,0.138888888888889
25763,0.314285714285714
25764,0.305555555555556
25765,0.5
25767,0.0555555555555556
25768,0.222222222222222
25769,0.235294117647059
25773,0.472222222222222
25791,0.25
25795,0.111111111111111
25797,0.371428571428571
25805,0.176470588235294
25809,0.194444444444444
25813,0.1875
25815,0.0833333333333333
25822,0.382352941176471
25828,0.0833333333333333
25830,0.314285714285714
25832,0.305555555555556
25838,0.176470588235294
25841,0.416666666666667
25847,0.111111111111111
25850,0.147058823529412
25851,0.222222222222222
25854,0.580645161290323
25856,0.388888888888889
25862,0.323529411764706
25864,0.194444444444444
25873,0.6
25875,0.264705882352941
25878,0.305555555555556
25879,0.0833333333333333
25880,0.314285714285714
25884,0.444444444444444
25888,0.151515151515152
25890,0.222222222222222
25909,0.0833333333333333
25910,0.305555555555556
25915,0.277777777777778
25918,0.371428571428571
25922,0
25926,0.0555555555555556
25936,0
25938,0.222222222222222
25947,0.277777777777778
25953,0.111111111111111
25955,0.0555555555555556
25959,0.166666666666667
25960,0.0833333333333333
25964,0.361111111111111
25967,0.121212121212121
25969,0.0555555555555556
25972,0.111111111111111
25978,0
25984,0.111111111111111
25996,0.194444444444444
26002,0.305555555555556
26005,0.0833333333333333
26009,0.371428571428571
26017,0.342857142857143
26018,0.111111111111111
26032,0.138888888888889
26033,0.235294117647059
26040,0.0303030303030303
26047,0.393939393939394
26049,0.222222222222222
26053,0.138888888888889
26055,0.111111111111111
26059,0.222222222222222
26066,0.361111111111111
26072,0.111111111111111
26080,0.111111111111111
26090,0.0555555555555556
26092,0.25
26093,0.0833333333333333
26105,0.0277777777777778
26114,0.166666666666667
26119,0.138888888888889
26123,0.305555555555556
26129,0.0833333333333333
26130,0.138888888888889
26134,0.138888888888889
26137,0.166666666666667
26149,0.0277777777777778
26155,0.361111111111111
26156,0.138888888888889
26161,0.0555555555555556
26172,0.0277777777777778
26181,0.433333333333333
26184,0.111111111111111
26185,0.285714285714286
26198,0.0277777777777778
26199,0.222222222222222
26203,0.285714285714286
26205,0.285714285714286
26208,0.222222222222222
26210,0.151515151515152
26213,0.0303030303030303
26215,0.314285714285714
26216,0.222222222222222
26217,0.0555555555555556
26218,0.166666666666667
26220,0.0555555555555556
26227,0.285714285714286
26228,0.416666666666667
26231,0.111111111111111
26235,0.194444444444444
26239,0.2
26240,0.5
26255,0.194444444444444
26256,0.0588235294117647
26260,0.138888888888889
26267,0.2
26268,0.277777777777778
26271,0.0555555555555556
26272,0.361111111111111
26275,0.25
26289,0.138888888888889
26293,0.114285714285714
26294,0.222222222222222
26300,0.166666666666667
26304,0.138888888888889
26312,0.111111111111111
26313,0.333333333333333
26314,0.0555555555555556
26316,0.0833333333333333
26317,0.0625
26328,0.0277777777777778
26330,0.222222222222222
26336,0.382352941176471
26340,0.0555555555555556
26341,0.361111111111111
26342,0.0833333333333333
26343,0.527777777777778
26356,0
26359,0.277777777777778
26365,0.0833333333333333
26374,0.166666666666667
26377,0.0833333333333333
26378,0
26379,0.277777777777778
26385,0.416666666666667
26389,0.375
26404,0.0277777777777778
26406,0
26409,0.166666666666667
26418,0.333333333333333
26420,0.222222222222222
26422,0.0833333333333333
26428,0.444444444444444
26430,0.388888888888889
26433,0.111111111111111
26434,0.138888888888889
26435,0.4
26436,0.138888888888889
26438,0.527777777777778
26446,0.194444444444444
26462,0.166666666666667
26463,0.25
26471,0.342857142857143
26477,0.25
26488,0.166666666666667
26489,0.111111111111111
26491,0.0857142857142857
26501,0.138888888888889
26503,0.428571428571429
26504,0.138888888888889
26510,0.194444444444444
26511,0.472222222222222
26523,0.0277777777777778
26529,0.0555555555555556
26530,0.194444444444444
26536,0.0277777777777778
26544,0.277777777777778
26553,0.228571428571429
26563,0.0833333333333333
26565,0.277777777777778
26567,0.333333333333333
26573,0.138888888888889
26584,0.0833333333333333
26589,0.111111111111111
26603,0.111111111111111
26607,0.444444444444444
26612,0.242424242424242
26616,0.111111111111111
26617,0.194444444444444
26632,0.342857142857143
26634,0.366666666666667
26636,0.194444444444444
26637,0.222222222222222
26638,0.416666666666667
26642,0.4
26647,0.388888888888889
26654,0.0833333333333333
26662,0.25
26666,0.305555555555556
26671,0.111111111111111
26672,0.333333333333333
26673,0.25
26675,0.142857142857143
26682,0
26698,0.111111111111111
26699,0.388888888888889
26700,0.305555555555556
26702,0.470588235294118
26711,0.142857142857143
26719,0.277777777777778
26721,0.138888888888889
26726,0.323529411764706
26728,0.333333333333333
26729,0.138888888888889
26738,0.0277777777777778
26744,0.444444444444444
26745,0.138888888888889
26755,0.194444444444444
26768,0.25
26773,0.222222222222222
26775,0.212121212121212
26777,0.0833333333333333
26784,0.0555555555555556
26785,0.166666666666667
26799,0.333333333333333
26802,0.0555555555555556
26803,0.361111111111111
26804,0.285714285714286
26806,0.305555555555556
26811,0.0555555555555556
26812,0.0833333333333333
26815,0.5
26817,0.0277777777777778
26818,0.0555555555555556
26827,0
26832,0.142857142857143
26842,0.411764705882353
26853,0.222222222222222
26855,0.166666666666667
26862,0.0833333333333333
26863,0.0571428571428571
26867,0.138888888888889
26871,0.444444444444444
26872,0.171428571428571
26877,0.166666666666667
26878,0.111111111111111
26879,0.485714285714286
26882,0.25
26883,0.361111111111111
26884,0.0285714285714286
26887,0.0555555555555556
26889,0.0833333333333333
26898,0.361111111111111
26904,0.305555555555556
26908,0.111111111111111
26910,0.53125
26912,0.0833333333333333
26913,0.371428571428571
26916,0.222222222222222
26917,0.277777777777778
26923,0.0277777777777778
26953,0.138888888888889
26954,0.277777777777778
26956,0.194444444444444
26957,0
26964,0.222222222222222
26966,0.0833333333333333
26967,0.0555555555555556
26969,0.194444444444444
26983,0.0606060606060606
26985,0.0555555555555556
26989,0.0277777777777778
26991,0.111111111111111
26993,0.235294117647059
27005,0.228571428571429
27008,0.0833333333333333
27011,0.361111111111111
27014,0.305555555555556
27016,0.166666666666667
27020,0.228571428571429
27024,0.194444444444444
27029,0.0285714285714286
27031,0.138888888888889
27032,0.0833333333333333
27033,0.333333333333333
27037,0.0277777777777778
27041,0.25
27050,0.114285714285714
27051,0.352941176470588
27060,0.111111111111111
27064,0.138888888888889
27066,0.333333333333333
27072,0.111111111111111
27077,0.5
27085,0.413793103448276
27091,0.138888888888889
27092,0.194444444444444
27094,0.121212121212121
27108,0.0277777777777778
27123,0.222222222222222
27129,0.333333333333333
27142,0.233333333333333
27143,0.0277777777777778
27146,0.454545454545455
27153,0.277777777777778
27156,0.0833333333333333
27159,0.411764705882353
27163,0.0833333333333333
27165,0.314285714285714
27166,0.222222222222222
27170,0.388888888888889
27171,0.138888888888889
27177,0.416666666666667
27179,0.194444444444444
27181,0.0833333333333333
27184,0.138888888888889
27188,0.0833333333333333
27190,0.138888888888889
27194,0.0833333333333333
27199,0
27209,0.0833333333333333
27210,0.305555555555556
27213,0.138888888888889
27215,0.277777777777778
27217,0.138888888888889
27219,0
27220,0.25
27221,0.303030303030303
27227,0.0555555555555556
27233,0.194444444444444
27234,0.361111111111111
27235,0.305555555555556
27245,0.0277777777777778
27253,0.242424242424242
27257,0.222222222222222
27259,0.138888888888889
27262,0.0555555555555556
27265,0.25
27267,0.0833333333333333
27270,0
27272,0.166666666666667
27275,0.0277777777777778
27281,0.0833333333333333
27282,0.333333333333333
27286,0.484848484848485
27290,0.171428571428571
27293,0.361111111111111
27294,0.558823529411765
27295,0.0588235294117647
27298,0.0909090909090909
27309,0.138888888888889
27312,0.0333333333333333
27315,0.222222222222222
27323,0.111111111111111
27327,0.222222222222222
27335,0.171428571428571
27339,0.0666666666666667
27342,0.0555555555555556
27346,0.333333333333333
27349,0.305555555555556
27356,0.0833333333333333
27359,0.555555555555556
27363,0
27370,0.138888888888889
27377,0.138888888888889
27386,0.472222222222222
27391,0.0833333333333333
27402,0.166666666666667
27403,0.4
27406,0.0555555555555556
27411,0.142857142857143
27415,0.333333333333333
27418,0.222222222222222
27423,0.25
27429,0.0555555555555556
27433,0.0857142857142857
27435,0.111111111111111
27440,0.222222222222222
27452,0.0277777777777778
27456,0.138888888888889
27457,0.194444444444444
27461,0.194444444444444
27462,0.138888888888889
27472,0.222222222222222
27474,0.125
27480,0.222222222222222
27482,0.111111111111111
27484,0.138888888888889
27486,0.25
27490,0.388888888888889
27504,0.25
27510,0.0555555555555556
27516,0.361111111111111
27518,0
27520,0.25
27521,0.277777777777778
27522,0.166666666666667
27526,0.333333333333333
27527,0.305555555555556
27528,0.171428571428571
27529,0.0833333333333333
27537,0.0666666666666667
27551,0.166666666666667
27552,0.363636363636364
27559,0.2
27568,0.0833333333333333
27570,0.294117647058824
27574,0.147058823529412
27579,0.114285714285714
27580,0.441176470588235
27584,0.235294117647059
27585,0.275862068965517
27587,0.0833333333333333
27593,0.0857142857142857
27596,0.0555555555555556
27597,0.0277777777777778
27598,0.0555555555555556
27600,0.0555555555555556
27601,0.305555555555556
27610,0.277777777777778
27620,0.0277777777777778
27622,0.0555555555555556
27628,0.0555555555555556
27630,0.0833333333333333
27634,0.0555555555555556
27635,0.0277777777777778
27641,0.111111111111111
27642,0.111111111111111
27643,0.583333333333333
27645,0.444444444444444
27651,0.0277777777777778
27652,0.138888888888889
27653,0.171428571428571
27657,0.277777777777778
27659,0.111111111111111
27661,0
27669,0.25
27671,0.305555555555556
27675,0.0833333333333333
27678,0.138888888888889
27679,0.361111111111111
27680,0.333333333333333
27684,0.388888888888889
27687,0.277777777777778
27688,0.333333333333333
27689,0.0303030303030303
27697,0.222222222222222
27700,0.0277777777777778
27703,0.388888888888889
27713,0
27722,0.0833333333333333
27730,0.138888888888889
27734,0.294117647058824
27739,0.111111111111111
27742,0.444444444444444
27746,0.235294117647059
27749,0.0277777777777778
27750,0.333333333333333
27753,0.138888888888889
27754,0.0833333333333333
27763,0.25
27766,0.138888888888889
27767,0.0277777777777778
27770,0.305555555555556
27784,0.222222222222222
27789,0.166666666666667
27792,0.0833333333333333
27801,0.166666666666667
27810,0.0833333333333333
27812,0.277777777777778
27828,0.166666666666667
27834,0.257142857142857
27836,0.0555555555555556
27838,0.333333333333333
27839,0.277777777777778
27842,0.111111111111111
27843,0
27848,0.166666666666667
27856,0.277777777777778
27859,0.361111111111111
27862,0.0277777777777778
27872,0.142857142857143
27873,0
27875,0.0555555555555556
27876,0.0833333333333333
27878,0.0303030303030303
27880,0.388888888888889
27881,0.25
27888,0.0833333333333333
27890,0.361111111111111
27897,0.305555555555556
27900,0.388888888888889
27903,0.25
27909,0.138888888888889
27910,0.305555555555556
27920,0.114285714285714
27930,0.194444444444444
27933,0.0277777777777778
27937,0.0277777777777778
27942,0.111111111111111
27957,0.166666666666667
27960,0.0277777777777778
27961,0.138888888888889
27963,0.305555555555556
27972,0.0833333333333333
27980,0.314285714285714
27985,0.0555555555555556
27995,0.333333333333333
28010,0.333333333333333
28011,0.111111111111111
28014,0.138888888888889
28019,0.176470588235294
28027,0.138888888888889
28028,0.111111111111111
28031,0.0833333333333333
28033,0.111111111111111
28043,0.171428571428571
28044,0.166666666666667
28049,0.290322580645161
28063,0.277777777777778
28074,0.111111111111111
28078,0.2
28083,0.416666666666667
28092,0.0882352941176471
28093,0.363636363636364
28098,0.28125
28102,0.212121212121212
28108,0.111111111111111
28110,0.0277777777777778
28114,0.416666666666667
28115,0.111111111111111
28116,0.305555555555556
28120,0.0277777777777778
28127,0.0833333333333333
28132,0.0882352941176471
28138,0.277777777777778
28144,0.194444444444444
28154,0.0277777777777778
28163,0.111111111111111
28169,0.138888888888889
28171,0.0277777777777778
28177,0.111111111111111
28181,0.138888888888889
28191,0.361111111111111
28201,0.222222222222222
28207,0.0833333333333333
28210,0.194444444444444
28211,0.277777777777778
28215,0.111111111111111
28228,0.0277777777777778
28247,0.222222222222222
28248,0.277777777777778
28250,0.588235294117647
28253,0.361111111111111
28257,0.34375
28269,0.111111111111111
28271,0.0277777777777778
28279,0.257142857142857
28280,0.166666666666667
28281,0.0833333333333333
28283,0.25
28285,0.138888888888889
28288,0.416666666666667
28289,0.0833333333333333
28291,0.416666666666667
28293,0.333333333333333
28297,0.0555555555555556
28300,0.333333333333333
28317,0.28125
28319,0.0833333333333333
28327,0.333333333333333
28332,0.121212121212121
28336,0.194444444444444
28340,0.0833333333333333
28348,0.0833333333333333
28349,0.0277777777777778
28350,0.0277777777777778
28355,0.166666666666667
28366,0.171428571428571
28377,0.166666666666667
28378,0.363636363636364
28385,0.194444444444444
28387,0.2
28390,0.388888888888889
28394,0.142857142857143
28396,0.222222222222222
28398,0.0833333333333333
28400,0.138888888888889
28403,0.166666666666667
28411,0.166666666666667
28414,0.166666666666667
28415,0.194444444444444
28416,0.444444444444444
28419,0.133333333333333
28422,0.25
28427,0.333333333333333
28429,0.212121212121212
28430,0.388888888888889
28432,0.142857142857143
28435,0.25
28443,0.194444444444444
28455,0.0909090909090909
28458,0.342857142857143
28459,0.111111111111111
28467,0.0277777777777778
28471,0.222222222222222
28473,0.138888888888889
28477,0.0833333333333333
28482,0.0277777777777778
28485,0.222222222222222
28488,0.212121212121212
28494,0.388888888888889
28499,0
28500,0.138888888888889
28512,0.342857142857143
28528,0.1875
28538,0.444444444444444
28541,0.333333333333333
28542,0.484848484848485
28544,0.444444444444444
28545,0.257142857142857
28552,0.0857142857142857
28554,0.0882352941176471
28562,0.305555555555556
28566,0.0833333333333333
28567,0.111111111111111
28573,0.257142857142857
28575,0.222222222222222
28576,0.470588235294118
28579,0.2
28582,0.294117647058824
28585,0.138888888888889
28586,0.25
28590,0.305555555555556
28601,0.222222222222222
28603,0.0833333333333333
28608,0.166666666666667
28610,0.138888888888889
28612,0.277777777777778
28614,0.305555555555556
28618,0.4
28621,0.0833333333333333
28631,0
28636,0.277777777777778
28640,0.2
28642,0.111111111111111
28644,0.2
28654,0.342857142857143
28655,0.138888888888889
28656,0.542857142857143
28662,0.0555555555555556
28664,0.138888888888889
28666,0.117647058823529
28669,0.25
28671,0.138888888888889
28682,0.138888888888889
28693,0.222222222222222
28696,0.0555555555555556
28701,0
28709,0.166666666666667
28715,0.0555555555555556
28723,0.0555555555555556
28729,0.111111111111111
28740,0.194444444444444
28742,0.138888888888889
28743,0.166666666666667
28744,0.0555555555555556
28746,0.166666666666667
28750,0.222222222222222
28757,0.25
28762,0.0833333333333333
28768,0.171428571428571
28769,0.228571428571429
28771,0.0555555555555556
28772,0.0833333333333333
28781,0.138888888888889
28782,0.138888888888889
28783,0.416666666666667
28787,0.138888888888889
28792,0.194444444444444
28793,0.228571428571429
28794,0.142857142857143
28797,0.222222222222222
28798,0.393939393939394
28800,0.0857142857142857
28802,0.333333333333333
28804,0.285714285714286
28812,0
28815,0.111111111111111
28816,0.111111111111111
28828,0.111111111111111
28829,0.4
28835,0.0571428571428571
28836,0.222222222222222
28839,0.457142857142857
28842,0.0555555555555556
28844,0
28848,0.0277777777777778
28849,0.166666666666667
28877,0.361111111111111
28881,0.257142857142857
28884,0.166666666666667
28886,0.361111111111111
28894,0.363636363636364
28903,0.333333333333333
28907,0.257142857142857
28908,0.0555555555555556
28913,0.111111111111111
28914,0
28916,0.166666666666667
28917,0.25
28927,0.25
28931,0.0555555555555556
28935,0.166666666666667
28937,0.0833333333333333
28948,0.388888888888889
28951,0.444444444444444
28952,0.166666666666667
28962,0.333333333333333
28966,0.342857142857143
28970,0.485714285714286
28974,0.0555555555555556
28978,0.166666666666667
28981,0.0833333333333333
28986,0.0277777777777778
28990,0.194444444444444
28995,0
28998,0.482758620689655
29002,0.3125
29008,0.0833333333333333
29012,0.138888888888889
29019,0.25
29020,0.0857142857142857
29024,0
29028,0
29032,0.294117647058824
29048,0.0571428571428571
29051,0.0833333333333333
29060,0.0303030303030303
29071,0.0303030303030303
29073,0.166666666666667
29079,0.257142857142857
29081,0.0555555555555556
29083,0.0277777777777778
29086,0.361111111111111
29088,0.342857142857143
29090,0.138888888888889
29092,0.0277777777777778
29096,0.472222222222222
29098,0.166666666666667
29104,0.138888888888889
29109,0.194444444444444
29115,0.333333333333333
29118,0.194444444444444
29121,0.111111111111111
29134,0.277777777777778
29144,0.0882352941176471
29150,0.166666666666667
29156,0.0833333333333333
29164,0.129032258064516
29167,0.25
29175,0.138888888888889
29185,0.0277777777777778
29191,0.0555555555555556
29192,0.138888888888889
29193,0.111111111111111
29195,0.138888888888889
29200,0.142857142857143
29207,0.514285714285714
29214,0.305555555555556
29216,0.277777777777778
29218,0.2
29223,0.166666666666667
29227,0.166666666666667
29232,0.0555555555555556
29238,0.194444444444444
29243,0.194444444444444
29244,0.444444444444444
29249,0.294117647058824
29252,0.0833333333333333
29254,0.2
29256,0.0555555555555556
29261,0.194444444444444
29268,0.151515151515152
29271,0.342857142857143
29276,0.0833333333333333
29286,0.25
29299,0.0277777777777778
29303,0.0588235294117647
29307,0.277777777777778
29309,0.257142857142857
29318,0.0555555555555556
29321,0.40625
29326,0.285714285714286
29338,0.0555555555555556
29341,0.444444444444444
29342,0
29352,0.277777777777778
29359,0.194444444444444
29363,0.0833333333333333
29367,0.111111111111111
29370,0.305555555555556
29371,0.0833333333333333
29378,0.0833333333333333
29379,0.111111111111111
29382,0.138888888888889
29388,0.114285714285714
29390,0.485714285714286
29411,0.416666666666667
29412,0.138888888888889
29413,0.0555555555555556
29420,0.0555555555555556
29428,0.0277777777777778
29448,0.228571428571429
29455,0.194444444444444
29456,0.305555555555556
29463,0.305555555555556
29464,0.416666666666667
29470,0.0909090909090909
29475,0.0277777777777778
29477,0.0277777777777778
29480,0.194444444444444
29485,0.0833333333333333
29490,0
29495,0.166666666666667
29497,0.305555555555556
29504,0.0277777777777778
29506,0.176470588235294
29507,0.0833333333333333
29518,0.527777777777778
29520,0.166666666666667
29521,0.194444444444444
29522,0.305555555555556
29524,0.166666666666667
29528,0.4375
29530,0.0555555555555556
29533,0.0303030303030303
29536,0.222222222222222
29537,0.138888888888889
29540,0
29543,0.0555555555555556
29544,0.111111111111111
29548,0.0555555555555556
29551,0.277777777777778
29552,0.0833333333333333
29554,0.0555555555555556
29556,0.0277777777777778
29564,0.0277777777777778
29567,0.0571428571428571
29570,0.0277777777777778
29574,0.620689655172414
29577,0.25
29578,0.305555555555556
29584,0.277777777777778
29586,0.138888888888889
29593,0.0833333333333333
29602,0.25
29605,0
29615,0
29619,0.138888888888889
29621,0.166666666666667
29624,0.277777777777778
29626,0.194444444444444
29627,0.25
29632,0.361111111111111
29638,0.305555555555556
29639,0.0277777777777778
29642,0
29643,0.0833333333333333
29650,0.166666666666667
29668,0.0833333333333333
29669,0.111111111111111
29670,0.277777777777778
29676,0.0833333333333333
29677,0.142857142857143
29698,0.305555555555556
29703,0.0277777777777778
29708,0.111111111111111
29714,0.527777777777778
29716,0.0555555555555556
29717,0.444444444444444
29719,0.114285714285714
29724,0.393939393939394
29725,0.111111111111111
29731,0.305555555555556
29733,0.451612903225806
29734,0.111111111111111
29740,0.0833333333333333
29741,0.194444444444444
29742,0.527777777777778
29747,0.228571428571429
29754,0.277777777777778
29758,0.0303030303030303
29759,0.0833333333333333
29762,0.25
29770,0.25
29775,0.257142857142857
29776,0.382352941176471
29777,0.444444444444444
29778,0.111111111111111
29780,0.25
29785,0.333333333333333
29794,0.0555555555555556
29798,0.111111111111111
29800,0.305555555555556
29803,0.5
29805,0.138888888888889
29808,0.333333333333333
29809,0.0277777777777778
29812,0.305555555555556
29817,0
29823,0.0277777777777778
29828,0.111111111111111
29838,0.361111111111111
29842,0.0833333333333333
29862,0.0277777777777778
29864,0.0833333333333333
29878,0.333333333333333
29893,0
29896,0.0277777777777778
29903,0.0555555555555556
29907,0.0555555555555556
29910,0.0277777777777778
29913,0.138888888888889
29916,0.25
29917,0.333333333333333
29920,0.0833333333333333
29922,0.138888888888889
29924,0.166666666666667
29926,0.111111111111111
29932,0.111111111111111
29934,0.138888888888889
29938,0.277777777777778
29940,0.342857142857143
29943,0.428571428571429
29945,0.194444444444444
29951,0.166666666666667
29952,0.194444444444444
29959,0.111111111111111
29960,0.0285714285714286
29961,0.0555555555555556
29967,0.25
29969,0.647058823529412
29976,0.305555555555556
29978,0.166666666666667
29981,0.0833333333333333
29983,0
29992,0.111111111111111
29995,0.138888888888889
29999,0.171428571428571
30000,0.0277777777777778
30002,0.0285714285714286
30003,0.25
30006,0.138888888888889
30012,0.166666666666667
30013,0.0277777777777778
30018,0.111111111111111
30031,0.222222222222222
30033,0.111111111111111
30036,0
30040,0.25
30044,0.0882352941176471
30049,0.0833333333333333
30051,0.138888888888889
30052,0.303030303030303
30054,0.117647058823529
30060,0.2
30061,0.222222222222222
30072,0.361111111111111
30078,0.194444444444444
30079,0.111111111111111
30081,0.142857142857143
30082,0.111111111111111
30086,0.111111111111111
30087,0.222222222222222
30090,0.222222222222222
30097,0.138888888888889
30101,0.194444444444444
30108,0.138888888888889
30118,0.0333333333333333
30122,0.0555555555555556
30125,0.25
30135,0.0833333333333333
30136,0.138888888888889
30141,0.194444444444444
30148,0.0277777777777778
30156,0.388888888888889
30165,0.361111111111111
30167,0.0555555555555556
30170,0.194444444444444
30179,0.0833333333333333
30183,0
30186,0.4
30188,0.0555555555555556
30189,0.472222222222222
30190,0.25
30194,0.171428571428571
30195,0.111111111111111
30199,0
30203,0.0555555555555556
30212,0.166666666666667
30215,0.222222222222222
30216,0.0833333333333333
30224,0.333333333333333
30228,0.305555555555556
30230,0.194444444444444
30234,0.0555555555555556
30236,0.228571428571429
30249,0.138888888888889
30251,0.138888888888889
30253,0.166666666666667
30256,0.0277777777777778
30263,0.0833333333333333
30264,0.305555555555556
30270,0.542857142857143
30275,0.2
30280,0.147058823529412
30281,0.0606060606060606
30285,0.166666666666667
30286,0.305555555555556
30287,0.25
30289,0.371428571428571
30291,0.0555555555555556
30294,0.0666666666666667
30295,0.333333333333333
30297,0.111111111111111
30302,0
30308,0.111111111111111
30310,0.222222222222222
30322,0.470588235294118
30328,0.111111111111111
30329,0.0833333333333333
30332,0.0833333333333333
30339,0.0555555555555556
30340,0.0277777777777778
30348,0.0555555555555556
30349,0.111111111111111
30351,0
30354,0.0555555555555556
30358,0.138888888888889
30370,0.222222222222222
30374,0.111111111111111
30380,0.222222222222222
30388,0.0833333333333333
30393,0.0555555555555556
30395,0.121212121212121
30396,0.333333333333333
30417,0.277777777777778
30418,0.138888888888889
30419,0.305555555555556
30423,0.305555555555556
30441,0.242424242424242
30445,0.0555555555555556
30449,0.305555555555556
30455,0.0555555555555556
30461,0.0833333333333333
30466,0.138888888888889
30467,0.228571428571429
30468,0.222222222222222
30469,0.138888888888889
30470,0.194444444444444
30483,0.222222222222222
30495,0.0555555555555556
30518,0.361111111111111
30520,0.111111111111111
30524,0.333333333333333
30525,0.111111111111111
30528,0.0833333333333333
30531,0.0833333333333333
30555,0.0277777777777778
30571,0
30584,0.222222222222222
30588,0.0833333333333333
30589,0.194444444444444
30596,0.166666666666667
30597,0.0555555555555556
30598,0.393939393939394
30605,0.4
30606,0.194444444444444
30610,0.352941176470588
30615,0.166666666666667
30616,0.0277777777777778
30619,0.305555555555556
30625,0.305555555555556
30627,0.0277777777777778
30641,0.111111111111111
30646,0.111111111111111
30647,0.138888888888889
30660,0.111111111111111
30670,0.0277777777777778
30680,0.0833333333333333
30682,0.0555555555555556
30684,0.361111111111111
30688,0.166666666666667
30698,0.111111111111111
30711,0.111111111111111
30712,0.0277777777777778
30717,0.0555555555555556
30719,0.147058823529412
30722,0.194444444444444
30723,0.194444444444444
30727,0.0555555555555556
30730,0.0833333333333333
30732,0.382352941176471
30743,0.342857142857143
30744,0.454545454545455
30751,0.0833333333333333
30756,0.138888888888889
30758,0.277777777777778
30759,0.5
30763,0.1
30764,0.470588235294118
30766,0.228571428571429
30771,0.0833333333333333
30779,0.0277777777777778
30783,0.0555555555555556
30786,0.416666666666667
30791,0.166666666666667
30796,0.0833333333333333
30799,0.416666666666667
30800,0.0277777777777778
30807,0.2
30811,0.25
30823,0.303030303030303
30829,0.138888888888889
30836,0.111111111111111
30838,0.138888888888889
30844,0.0833333333333333
30858,0.472222222222222
30859,0.333333333333333
30866,0.138888888888889
30883,0.171428571428571
30890,0.388888888888889
30893,0.2
30894,0.305555555555556
30897,0.388888888888889
30898,0.472222222222222
30907,0.25
30909,0.257142857142857
30913,0.166666666666667
30915,0
30927,0.0555555555555556
30929,0.25
30930,0
30942,0.166666666666667
30945,0.0555555555555556
30957,0.305555555555556
30959,0.0555555555555556
30969,0.222222222222222
30976,0.333333333333333
30986,0.424242424242424
30995,0.194444444444444
30996,0.222222222222222
30998,0.121212121212121
31013,0.138888888888889
31016,0.0555555555555556
31019,0.545454545454545
31021,0.166666666666667
31026,0.111111111111111
31033,0.0571428571428571
31038,0.0277777777777778
31039,0
31046,0.114285714285714
31054,0.25
31056,0.388888888888889
31057,0.444444444444444
31060,0.472222222222222
31061,0.194444444444444
31071,0.277777777777778
31072,0.272727272727273
31075,0.222222222222222
31079,0.0833333333333333
31081,0.0277777777777778
31083,0.333333333333333
31090,0.441176470588235
31098,0.111111111111111
31108,0.138888888888889
31114,0.0833333333333333
31116,0.0285714285714286
31121,0.0857142857142857
31123,0.138888888888889
31125,0.277777777777778
31132,0.166666666666667
31134,0.0833333333333333
31149,0.171428571428571
31150,0.0833333333333333
31151,0.277777777777778
31154,0.138888888888889
31158,0.2
31162,0.361111111111111
31164,0.0277777777777778
31175,0.25
31179,0.0555555555555556
31190,0.0882352941176471
31192,0.194444444444444
31193,0.138888888888889
31195,0.0555555555555556
31213,0.138888888888889
31220,0.0555555555555556
31221,0
31223,0.0833333333333333
31227,0.111111111111111
31232,0.0833333333333333
31233,0.472222222222222
31242,0.0277777777777778
31257,0.361111111111111
31262,0
31263,0.166666666666667
31266,0.444444444444444
31273,0.0555555555555556
31274,0.0833333333333333
31277,0.166666666666667
31278,0.111111111111111
31279,0.0555555555555556
31280,0.0277777777777778
31284,0.176470588235294
31285,0.0833333333333333
31291,0.0833333333333333
31294,0.166666666666667
31297,0.416666666666667
31301,0.305555555555556
31304,0.0833333333333333
31307,0.285714285714286
31308,0.0857142857142857
31309,0.0833333333333333
31323,0.470588235294118
31332,0.0555555555555556
31334,0.333333333333333
31337,0.0555555555555556
31339,0.117647058823529
31343,0.25
31344,0.111111111111111
31345,0.0555555555555556
31348,0.0277777777777778
31358,0.416666666666667
31367,0.257142857142857
31379,0.514285714285714
31380,0.111111111111111
31382,0.0833333333333333
31388,0.25
31393,0.361111111111111
31396,0
31399,0.0833333333333333
31400,0.352941176470588
31407,0.361111111111111
31425,0.111111111111111
31434,0.264705882352941
31437,0.0277777777777778
31441,0.0555555555555556
31442,0.0833333333333333
31447,0.171428571428571
31452,0.388888888888889
31454,0.277777777777778
31457,0.138888888888889
31464,0.111111111111111
31468,0.111111111111111
31469,0.138888888888889
31472,0.264705882352941
31483,0.0277777777777778
31486,0.0277777777777778
31496,0.0277777777777778
31497,0.111111111111111
31498,0
31506,0.138888888888889
31508,0.0555555555555556
31512,0.0555555555555556
31513,0.0277777777777778
31517,0.361111111111111
31519,0.0833333333333333
31520,0.305555555555556
31524,0
31527,0.0277777777777778
31531,0.166666666666667
31546,0.194444444444444
31548,0.166666666666667
31551,0.138888888888889
31558,0.361111111111111
31559,0.416666666666667
31563,0.472222222222222
31567,0.0833333333333333
31569,0.194444444444444
31570,0
31573,0.5
31577,0.0277777777777778
31587,0.0833333333333333
31591,0.0277777777777778
31592,0.25
31593,0.0833333333333333
31601,0.111111111111111
31603,0.0285714285714286
31606,0.0909090909090909
31610,0.25
31620,0.0277777777777778
31625,0.111111111111111
31633,0.361111111111111
31634,0.176470588235294
31636,0.277777777777778
31657,0.0555555555555556
31663,0.0555555555555556
31668,0.194444444444444
31691,0
31707,0.171428571428571
31720,0.361111111111111
31721,0.0833333333333333
31729,0.222222222222222
31732,0.166666666666667
31733,0.388888888888889
31734,0.194444444444444
31736,0.411764705882353
31741,0.222222222222222
31744,0.277777777777778
31746,0.194444444444444
31748,0.138888888888889
31752,0.0277777777777778
31762,0.235294117647059
31764,0
31765,0.111111111111111
31779,0
31781,0.222222222222222
31785,0.277777777777778
31787,0.416666666666667
31789,0
31795,0.138888888888889
31796,0.277777777777778
31800,0.0277777777777778
31802,0.194444444444444
31804,0.0588235294117647
31807,0.166666666666667
31808,0.444444444444444
31814,0.305555555555556
31820,0.194444444444444
31830,0.305555555555556
31843,0.111111111111111
31846,0.181818181818182
31857,0.138888888888889
31877,0.222222222222222
31878,0.0277777777777778
31893,0.111111111111111
31894,0.333333333333333
31895,0.0555555555555556
31897,0.166666666666667
31898,0.0277777777777778
31903,0.138888888888889
31914,0.0277777777777778
31923,0.194444444444444
31926,0.166666666666667
31937,0.25
31943,0.0333333333333333
31944,0.138888888888889
31945,0.0555555555555556
31946,0.314285714285714
31947,0.166666666666667
31960,0
31962,0.111111111111111
31964,0.305555555555556
31966,0.424242424242424
31967,0
31972,0.114285714285714
31975,0.111111111111111
31979,0.138888888888889
31992,0.305555555555556
31993,0.111111111111111
32003,0.138888888888889
32008,0.0555555555555556
32011,0.111111111111111
32013,0.0277777777777778
32014,0.194444444444444
32015,0.1
32017,0.0555555555555556
32022,0.222222222222222
32030,0.0833333333333333
32035,0.166666666666667
32038,0.138888888888889
32039,0.117647058823529
32042,0.138888888888889
32044,0.0833333333333333
32061,0.0277777777777778
32062,0.194444444444444
32066,0.222222222222222
32068,0.194444444444444
32075,0.2
32079,0.0555555555555556
32082,0.0857142857142857
32084,0.2
32093,0.0277777777777778
32099,0.222222222222222
32107,0.0277777777777778
32110,0.2
32113,0.0277777777777778
32118,0.0833333333333333
32120,0.388888888888889
32129,0.0588235294117647
32140,0.0555555555555556
32154,0.0277777777777778
32167,0.228571428571429
32168,0.0277777777777778
32175,0
32179,0.166666666666667
32181,0.285714285714286
32193,0.138888888888889
32200,0.25
32201,0.0285714285714286
32202,0.305555555555556
32211,0
32216,0.0833333333333333
32229,0.444444444444444
32230,0.0555555555555556
32239,0.0833333333333333
32245,0.0833333333333333
32254,0
32268,0.0833333333333333
32270,0.228571428571429
32271,0.194444444444444
32272,0.333333333333333
32279,0.117647058823529
32283,0.0555555555555556
32294,0.333333333333333
32295,0.0277777777777778
32298,0.0555555555555556
32300,0.0277777777777778
32312,0.333333333333333
32316,0.0857142857142857
32321,0.111111111111111
32328,0.277777777777778
32342,0.0555555555555556
32343,0.0555555555555556
32350,0.361111111111111
32355,0.111111111111111
32358,0.0277777777777778
32360,0.0277777777777778
32377,0.416666666666667
32383,0.305555555555556
32388,0
32403,0.25
32406,0.0571428571428571
32414,0.277777777777778
32416,0.176470588235294
32428,0.0833333333333333
32436,0.0277777777777778
32439,0.111111111111111
32440,0.111111111111111
32442,0.111111111111111
32443,0.222222222222222
32444,0.371428571428571
32447,0.138888888888889
32452,0.166666666666667
32455,0.333333333333333
32459,0.111111111111111
32481,0.0833333333333333
32488,0.0277777777777778
32489,0.222222222222222
32497,0.361111111111111
32504,0.0833333333333333
32517,0.0277777777777778
32526,0.138888888888889
32530,0.2
32531,0.0555555555555556
32540,0.5
32548,0.166666666666667
32550,0.0555555555555556
32581,0.25
32586,0.166666666666667
32588,0.0555555555555556
32591,0
32592,0.111111111111111
32601,0.25
32602,0.21875
32615,0.548387096774194
32618,0.40625
32619,0.111111111111111
32624,0.305555555555556
32629,0.0555555555555556
32630,0.0555555555555556
32632,0.111111111111111
32641,0.0277777777777778
32644,0.25
32666,0.222222222222222
32677,0.138888888888889
32681,0.194444444444444
32684,0.228571428571429
32687,0.441176470588235
32688,0.0833333333333333
32690,0.0833333333333333
32696,0.333333333333333
32697,0.0588235294117647
32703,0.305555555555556
32708,0.138888888888889
32710,0.1
32711,0.25
32716,0.222222222222222
32727,0.194444444444444
32729,0.111111111111111
32732,0.0277777777777778
32742,0
32743,0.205882352941176
32749,0.0277777777777778
32756,0.171428571428571
32761,0.166666666666667
32770,0.46875
32775,0.138888888888889
32804,0.117647058823529
32808,0.444444444444444
32817,0.0833333333333333
32821,0.25
32832,0.194444444444444
32842,0.0277777777777778
32855,0.2
32858,0.166666666666667
32859,0.166666666666667
32877,0.4375
32880,0.194444444444444
32891,0.111111111111111
32897,0.0555555555555556
32908,0.138888888888889
32918,0.457142857142857
32924,0.382352941176471
32926,0.333333333333333
32932,0.171428571428571
32938,0.194444444444444
32941,0.285714285714286
32943,0.166666666666667
32952,0.305555555555556
32954,0.194444444444444
32959,0.0277777777777778
32969,0.0555555555555556
32972,0.361111111111111
32979,0
32984,0.305555555555556
32989,0.361111111111111
32991,0.0277777777777778
33001,0.21875
33002,0.0833333333333333
33005,0.277777777777778
33006,0.138888888888889
33047,0.0555555555555556
33061,0.0277777777777778
33069,0.147058823529412
33071,0.138888888888889
33076,0.138888888888889
33077,0.222222222222222
33086,0.314285714285714
33093,0.138888888888889
33096,0.388888888888889
33099,0.0277777777777778
33107,0.0833333333333333
33108,0.454545454545455
33114,0.166666666666667
33123,0.111111111111111
33144,0.0277777777777778
33153,0.222222222222222
33162,0.166666666666667
33168,0.222222222222222
33182,0.416666666666667
33184,0.114285714285714
33197,0.111111111111111
33200,0.171428571428571
33201,0.361111111111111
33207,0.222222222222222
33213,0
33214,0.0857142857142857
33235,0.0555555555555556
33236,0.166666666666667
33246,0.166666666666667
33247,0.0833333333333333
33260,0.285714285714286
33261,0.0555555555555556
33263,0.0833333333333333
33265,0.111111111111111
33271,0.0571428571428571
33274,0.166666666666667
33277,0.333333333333333
33285,0.25
33291,0.285714285714286
33294,0.583333333333333
33307,0.138888888888889
33316,0.138888888888889
33320,0.117647058823529
33321,0.138888888888889
33324,0.0833333333333333
33328,0.0277777777777778
33331,0.444444444444444
33335,0
33337,0.444444444444444
33338,0.138888888888889
33346,0.222222222222222
33356,0.166666666666667
33362,0
33363,0.111111111111111
33365,0
33377,0.0555555555555556
33383,0.0857142857142857
33385,0.0833333333333333
33387,0.0277777777777778
33400,0.0555555555555556
33406,0.0833333333333333
33416,0.117647058823529
33419,0.222222222222222
33420,0.171428571428571
33428,0.114285714285714
33450,0.0277777777777778
33452,0.0277777777777778
33454,0.277777777777778
33457,0.0571428571428571
33467,0.194444444444444
33474,0.166666666666667
33478,0.0833333333333333
33483,0.138888888888889
33496,0.166666666666667
33500,0.138888888888889
33517,0.2
33520,0.0555555555555556
33527,0.0277777777777778
33530,0
33531,0.2
33534,0.194444444444444
33543,0.285714285714286
33551,0.388888888888889
33552,0.0277777777777778
33561,0.222222222222222
33563,0
33565,0.138888888888889
33566,0.361111111111111
33567,0.138888888888889
33569,0.333333333333333
33576,0.111111111111111
33577,0.138888888888889
33585,0.472222222222222
33591,0.0277777777777778
33592,0.138888888888889
33594,0.194444444444444
33597,0.142857142857143
33604,0.428571428571429
33605,0.138888888888889
33614,0.166666666666667
33621,0.0833333333333333
33625,0.138888888888889
33634,0.277777777777778
33642,0.0833333333333333
33649,0.264705882352941
33660,0.111111111111111
33663,0.25
33666,0.264705882352941
33667,0.166666666666667
33673,0.2
33675,0.444444444444444
33684,0.194444444444444
33687,0.111111111111111
33688,0.361111111111111
33691,0.2
33694,0.0555555555555556
33696,0.371428571428571
33698,0.147058823529412
33709,0
33713,0.333333333333333
33725,0.451612903225806
33726,0.171428571428571
33727,0.333333333333333
33729,0.0833333333333333
33736,0.0833333333333333
33751,0.0833333333333333
33761,0.0277777777777778
33768,0.0555555555555556
33771,0
33775,0.111111111111111
33784,0.0277777777777778
33792,0.222222222222222
33793,0.277777777777778
33796,0.111111111111111
33798,0.138888888888889
33806,0.0277777777777778
33808,0.0277777777777778
33812,0.586206896551724
33819,0.235294117647059
33825,0.222222222222222
33838,0
33853,0.111111111111111
33854,0.416666666666667
33861,0.138888888888889
33864,0.0833333333333333
33871,0.333333333333333
33892,0.0555555555555556
33894,0.138888888888889
33895,0.166666666666667
33904,0.222222222222222
33913,0.25
33915,0.257142857142857
33916,0.228571428571429
33917,0.0555555555555556
33921,0.352941176470588
33922,0.416666666666667
33925,0.228571428571429
33928,0
33929,0
33930,0.138888888888889
33934,0.0277777777777778
33938,0.0555555555555556
33941,0.25
33945,0.235294117647059
33947,0.138888888888889
33949,0.0277777777777778
33950,0.444444444444444
33959,0.472222222222222
33960,0.138888888888889
33961,0.222222222222222
33965,0.0277777777777778
33971,0.277777777777778
33972,0.25
33979,0.194444444444444
33982,0.25
33984,0.222222222222222
33990,0.228571428571429
34006,0.305555555555556
34012,0.285714285714286
34015,0.138888888888889
34016,0.0882352941176471
34029,0.138888888888889
34040,0.314285714285714
34042,0.0833333333333333
34047,0.0833333333333333
34050,0.352941176470588
34058,0.166666666666667
34060,0.388888888888889
34062,0.323529411764706
34064,0.205882352941176
34069,0.111111111111111
34079,0.138888888888889
34083,0
34084,0.25
34086,0.194444444444444
34087,0.416666666666667
34090,0.0833333333333333
34091,0.222222222222222
34092,0.0833333333333333
34096,0.2
34107,0.0555555555555556
34114,0.138888888888889
34122,0.166666666666667
34127,0.0909090909090909
34128,0
34133,0
34135,0.0833333333333333
34138,0.166666666666667
34145,0.0555555555555556
34148,0.138888888888889
34150,0.0277777777777778
34152,0.0555555555555556
34165,0.0833333333333333
34167,0.314285714285714
34173,0.205882352941176
34184,0.444444444444444
34186,0.25
34202,0.272727272727273
34203,0.171428571428571
34209,0.0833333333333333
34212,0.0555555555555556
34213,0.0833333333333333
34220,0.0555555555555556
34223,0.0555555555555556
34228,0
34233,0.333333333333333
34234,0.138888888888889
34245,0.0277777777777778
34248,0.138888888888889
34249,0.205882352941176
34254,0.117647058823529
34266,0.305555555555556
34281,0.194444444444444
34284,0.0277777777777778
34288,0.181818181818182
34289,0.111111111111111
34293,0.0277777777777778
34296,0.111111111111111
34300,0.361111111111111
34306,0.222222222222222
34319,0.258064516129032
34327,0.371428571428571
34329,0.277777777777778
34344,0.0833333333333333
34353,0.166666666666667
34361,0.138888888888889
34375,0.194444444444444
34379,0.620689655172414
34380,0.333333333333333
34393,0.0833333333333333
34396,0.222222222222222
34405,0.0277777777777778
34408,0.333333333333333
34418,0.166666666666667
34419,0.138888888888889
34423,0.416666666666667
34427,0.228571428571429
34435,0.194444444444444
34461,0.0857142857142857
34462,0.5
34470,0
34477,0.0833333333333333
34483,0.0277777777777778
34504,0.138888888888889
34507,0.222222222222222
34514,0.138888888888889
34528,0.53125
34531,0.647058823529412
34534,0
34535,0.0277777777777778
34538,0.0277777777777778
34543,0.138888888888889
34547,0.25
34551,0.416666666666667
34557,0.0277777777777778
34561,0.25
34569,0.0833333333333333
34572,0.25
34573,0.166666666666667
34574,0.388888888888889
34575,0.222222222222222
34578,0.0277777777777778
34581,0.138888888888889
34582,0.6
34584,0.0555555555555556
34586,0
34590,0.138888888888889
34594,0.5
34596,0.387096774193548
34605,0.166666666666667
34607,0.166666666666667
34613,0.333333333333333
34615,0.277777777777778
34620,0.166666666666667
34625,0.138888888888889
34627,0.0555555555555556
34633,0.138888888888889
34642,0.138888888888889
34647,0.0555555555555556
34649,0.0833333333333333
34656,0.171428571428571
34663,0.277777777777778
34673,0.424242424242424
34674,0.194444444444444
34675,0.166666666666667
34700,0.0833333333333333
34703,0.0833333333333333
34704,0.4
34707,0.0833333333333333
34710,0
34711,0.114285714285714
34713,0.166666666666667
34715,0.228571428571429
34716,0.0555555555555556
34718,0.25
34726,0.111111111111111
34734,0.0555555555555556
34743,0.0555555555555556
34745,0.0833333333333333
34756,0.0277777777777778
34761,0.0833333333333333
34762,0.0571428571428571
34769,0.166666666666667
34771,0.194444444444444
34774,0.222222222222222
34776,0.0588235294117647
34777,0.138888888888889
34779,0.212121212121212
34782,0.2
34788,0.2
34807,0.114285714285714
34808,0.0833333333333333
34812,0.222222222222222
34813,0.0555555555555556
34827,0.416666666666667
34843,0.138888888888889
34849,0.2
34850,0.222222222222222
34851,0.194444444444444
34855,0.416666666666667
34856,0.0555555555555556
34857,0.25
34864,0.0833333333333333
34873,0.138888888888889
34874,0.111111111111111
34875,0.111111111111111
34877,0.0833333333333333
34887,0.194444444444444
34899,0.138888888888889
34901,0.0833333333333333
34905,0.0277777777777778
34910,0.0571428571428571
34911,0.0857142857142857
34913,0.25
34928,0.228571428571429
34934,0.171428571428571
34960,0.305555555555556
34962,0
34965,0.111111111111111
34974,0.166666666666667
34975,0.111111111111111
34988,0.0606060606060606
34994,0.25
34995,0.142857142857143
34996,0.0555555555555556
34997,0.138888888888889
35004,0.111111111111111
35013,0
35017,0.25
35018,0.138888888888889
35041,0.0833333333333333
35053,0.166666666666667
35061,0.111111111111111
35067,0.138888888888889
35071,0.194444444444444
35077,0.333333333333333
35079,0.305555555555556
35080,0.0277777777777778
35087,0.0833333333333333
35092,0.171428571428571
35094,0.0303030303030303
35099,0.138888888888889
35100,0.1
35116,0.228571428571429
35117,0.166666666666667
35120,0.371428571428571
35121,0.166666666666667
35122,0.111111111111111
35132,0.314285714285714
35133,0.0277777777777778
35142,0
35143,0.138888888888889
35144,0.0555555555555556
35146,0.111111111111111
35151,0.305555555555556
35161,0.138888888888889
35165,0.342857142857143
35175,0.111111111111111
35178,0.111111111111111
35181,0.352941176470588
35185,0.361111111111111
35190,0.0833333333333333
35198,0.0833333333333333
35203,0
35206,0.794117647058823
35208,0.111111111111111
35214,0.333333333333333
35215,0.416666666666667
35216,0.5
35221,0.388888888888889
35232,0.305555555555556
35235,0.472222222222222
35237,0.0294117647058824
35238,0.138888888888889
35249,0.305555555555556
35260,0.138888888888889
35273,0.222222222222222
35284,0.114285714285714
35290,0.305555555555556
35298,0.111111111111111
35301,0.111111111111111
35304,0.424242424242424
35306,0.257142857142857
35311,0.0555555555555556
35312,0.121212121212121
35313,0.166666666666667
35315,0.166666666666667
35324,0.361111111111111
35326,0.0277777777777778
35329,0.0555555555555556
35341,0.111111111111111
35349,0.277777777777778
35352,0.290322580645161
35353,0.166666666666667
35362,0.277777777777778
35367,0.0833333333333333
35374,0.257142857142857
35375,0.166666666666667
35384,0.133333333333333
35385,0.0277777777777778
35392,0.138888888888889
35396,0.0833333333333333
35407,0.333333333333333
35408,0.138888888888889
35413,0.0833333333333333
35416,0.138888888888889
35420,0.111111111111111
35424,0
35430,0.166666666666667
35432,0.0555555555555556
35434,0.138888888888889
35437,0.138888888888889
35439,0.305555555555556
35444,0.138888888888889
35455,0.277777777777778
35465,0.0555555555555556
35475,0.111111111111111
35485,0.166666666666667
35493,0.0555555555555556
35495,0.0833333333333333
35501,0.0277777777777778
35502,0.388888888888889
35507,0.361111111111111
35515,0.222222222222222
35517,0.147058823529412
35522,0.277777777777778
35528,0.194444444444444
35529,0
35535,0.205882352941176
35537,0.111111111111111
35543,0
35547,0.0833333333333333
35549,0.138888888888889
35551,0.333333333333333
35558,0.233333333333333
35559,0.305555555555556
35564,0.138888888888889
35569,0.171428571428571
35573,0
35578,0.111111111111111
35579,0
35586,0.333333333333333
35588,0.222222222222222
35592,0.166666666666667
35602,0.0833333333333333
35608,0.194444444444444
35609,0.138888888888889
35614,0.361111111111111
35616,0.181818181818182
35617,0.0833333333333333
35619,0.25
35620,0.138888888888889
35624,0.25
35625,0.111111111111111
35626,0.527777777777778
35633,0.0555555555555556
35645,0.542857142857143
35652,0.111111111111111
35654,0.0833333333333333
35659,0.0277777777777778
35665,0.0909090909090909
35667,0.555555555555556
35668,0.0285714285714286
35673,0.166666666666667
35675,0.111111111111111
35679,0.0277777777777778
35685,0.25
35686,0.555555555555556
35687,0.222222222222222
35688,0.194444444444444
35689,0.111111111111111
35696,0.0277777777777778
35708,0.0833333333333333
35718,0.529411764705882
35724,0.222222222222222
35737,0.222222222222222
35745,0.0555555555555556
35751,0.0277777777777778
35756,0.142857142857143
35764,0.166666666666667
35766,0.0555555555555556
35781,0.111111111111111
35783,0.111111111111111
35784,0.314285714285714
35788,0.138888888888889
35790,0.0277777777777778
35798,0.333333333333333
35802,0.114285714285714
35808,0.0277777777777778
35809,0.166666666666667
35810,0.0833333333333333
35818,0.371428571428571
35826,0.111111111111111
35827,0.0277777777777778
35832,0.138888888888889
35858,0.0277777777777778
35863,0.0833333333333333
35867,0
35874,0.0277777777777778
35880,0.0555555555555556
35882,0.333333333333333
35883,0.138888888888889
35884,0.25
35887,0.0833333333333333
35891,0.361111111111111
35902,0.0833333333333333
35907,0.323529411764706
35908,0.111111111111111
35918,0.138888888888889
35922,0.272727272727273
35927,0
35928,0
35936,0.166666666666667
35937,0.222222222222222
35941,0.138888888888889
35947,0.222222222222222
35957,0.194444444444444
35958,0.0555555555555556
35961,0.0833333333333333
35963,0.0833333333333333
35972,0.416666666666667
35976,0.138888888888889
35977,0.0833333333333333
35980,0.0277777777777778
35982,0.111111111111111
35983,0.138888888888889
35999,0.0857142857142857
36020,0.0571428571428571
36024,0
36036,0.111111111111111
36038,0.166666666666667
36048,0.111111111111111
36052,0.0555555555555556
36057,0.285714285714286
36058,0.205882352941176
36065,0.0555555555555556
36066,0.0588235294117647
36074,0.0555555555555556
36075,0.25
36077,0.138888888888889
36081,0.257142857142857
36085,0.25
36087,0
36100,0.166666666666667
36102,0.0277777777777778
36108,0.3125
36112,0.222222222222222
36118,0.411764705882353
36119,0.257142857142857
36129,0.138888888888889
36140,0.25
36147,0.285714285714286
36155,0.361111111111111
36159,0.303030303030303
36169,0
36174,0.111111111111111
36184,0.111111111111111
36187,0.225806451612903
36190,0.0833333333333333
36193,0.138888888888889
36197,0.0277777777777778
36201,0.0277777777777778
36205,0.333333333333333
36207,0.361111111111111
36209,0.138888888888889
36211,0.25
36213,0.0555555555555556
36218,0
36220,0.176470588235294
36223,0.111111111111111
36227,0.0555555555555556
36237,0.363636363636364
36247,0.0555555555555556
36250,0.305555555555556
36251,0.361111111111111
36257,0.0555555555555556
36265,0.138888888888889
36266,0.285714285714286
36275,0.111111111111111
36277,0.0833333333333333
36279,0.111111111111111
36280,0.0555555555555556
36281,0.0555555555555556
36283,0.333333333333333
36284,0.0833333333333333
36286,0.0833333333333333
36291,0.0833333333333333
36296,0.323529411764706
36298,0.0833333333333333
36311,0.0882352941176471
36319,0.0285714285714286
36323,0.0555555555555556
36328,0.111111111111111
36331,0.305555555555556
36333,0.117647058823529
36339,0.111111111111111
36340,0.111111111111111
36346,0.166666666666667
36351,0.111111111111111
36354,0.472222222222222
36356,0.138888888888889
36373,0.333333333333333
36379,0.0555555555555556
36390,0.25
36394,0.111111111111111
36398,0.111111111111111
36401,0.138888888888889
36405,0
36407,0.111111111111111
36409,0.194444444444444
36414,0.257142857142857
36415,0.305555555555556
36427,0.0833333333333333
36432,0.411764705882353
36437,0.0555555555555556
36440,0
36442,0.212121212121212
36446,0.0909090909090909
36451,0.0277777777777778
36462,0.0277777777777778
36464,0.305555555555556
36469,0.277777777777778
36472,0.166666666666667
36478,0.2
36482,0.0833333333333333
36483,0.0555555555555556
36484,0.114285714285714
36487,0.0833333333333333
36494,0.485714285714286
36499,0
36502,0.0277777777777778
36503,0.166666666666667
36506,0.166666666666667
36518,0.111111111111111
36519,0.166666666666667
36528,0.0833333333333333
36539,0.138888888888889
36548,0.166666666666667
36555,0.21875
36559,0.305555555555556
36569,0.323529411764706
36570,0
36582,0.444444444444444
36586,0.166666666666667
36590,0.0555555555555556
36606,0.277777777777778
36614,0.514285714285714
36617,0.361111111111111
36629,0.09375
36631,0.228571428571429
36634,0
36638,0.222222222222222
36642,0.222222222222222
36645,0.111111111111111
36646,0.305555555555556
36647,0.277777777777778
36649,0.0555555555555556
36663,0.166666666666667
36670,0.361111111111111
36681,0.529411764705882
36686,0.277777777777778
36690,0.472222222222222
36691,0.171428571428571
36697,0.0277777777777778
36699,0
36703,0.0833333333333333
36713,0.0555555555555556
36719,0.4
36725,0.138888888888889
36728,0.342857142857143
36729,0.277777777777778
36731,0.222222222222222
36732,0.194444444444444
36736,0.0277777777777778
36739,0.0555555555555556
36746,0.0555555555555556
36747,0.0277777777777778
36749,0.166666666666667
36753,0.277777777777778
36754,0.0555555555555556
36760,0.166666666666667
36765,0.111111111111111
36767,0.194444444444444
36773,0.111111111111111
36776,0.228571428571429
36779,0.0833333333333333
36788,0.371428571428571
36791,0.25
36795,0.363636363636364
36798,0
36806,0.0277777777777778
36809,0.114285714285714
36823,0.0555555555555556
36827,0.472222222222222
36830,0.194444444444444
36831,0.472222222222222
36832,0.222222222222222
36838,0.111111111111111
36843,0.305555555555556
36845,0.181818181818182
36847,0.0833333333333333
36849,0.194444444444444
36853,0.277777777777778
36857,0.0277777777777778
36873,0.194444444444444
36875,0.472222222222222
36876,0.166666666666667
36885,0.0606060606060606
36896,0.138888888888889
36908,0.0555555555555556
36918,0.2
36923,0.59375
36931,0.0555555555555556
36932,0.222222222222222
36941,0.0277777777777778
36947,0.305555555555556
36950,0.657142857142857
36952,0.222222222222222
36957,0.151515151515152
36959,0.0555555555555556
36963,0
36971,0.314285714285714
36974,0.333333333333333
36975,0.0571428571428571
36977,0.0833333333333333
36978,0.138888888888889
36980,0.194444444444444
36981,0.194444444444444
36986,0.0555555555555556
36998,0.0833333333333333
37012,0.111111111111111
37014,0.222222222222222
37025,0.111111111111111
37027,0.138888888888889
37030,0.305555555555556
37031,0.444444444444444
37033,0.138888888888889
37036,0.0833333333333333
37040,0.166666666666667
37047,0.222222222222222
37048,0.555555555555556
37049,0.0833333333333333
37050,0.388888888888889
37057,0.032258064516129
37066,0.305555555555556
37069,0.0277777777777778
37071,0.0277777777777778
37074,0.111111111111111
37075,0.257142857142857
37088,0.277777777777778
37091,0.25
37093,0.305555555555556
37105,0
37106,0.0277777777777778
37115,0.25
37116,0.0833333333333333
37127,0.138888888888889
37128,0.0555555555555556
37129,0.361111111111111
37130,0.25
37133,0.194444444444444
37134,0.472222222222222
37138,0.166666666666667
37147,0.0277777777777778
37148,0.235294117647059
37151,0.138888888888889
37154,0.388888888888889
37164,0.0277777777777778
37174,0.0555555555555556
37179,0.138888888888889
37188,0.194444444444444
37196,0.0833333333333333
37208,0.0833333333333333
37210,0.5
37218,0.166666666666667
37225,0.194444444444444
37236,0.194444444444444
37241,0.194444444444444
37243,0.0555555555555556
37248,0.305555555555556
37252,0.0555555555555556
37256,0.527777777777778
37267,0.222222222222222
37270,0.114285714285714
37275,0.0833333333333333
37278,0.0833333333333333
37301,0.0277777777777778
37303,0.444444444444444
37304,0.0833333333333333
37311,0.222222222222222
37312,0.111111111111111
37324,0.457142857142857
37327,0.0833333333333333
37329,0.111111111111111
37330,0.0833333333333333
37338,0.166666666666667
37350,0.0277777777777778
37352,0.0277777777777778
37361,0.138888888888889
37362,0.533333333333333
37366,0.166666666666667
37367,0.0277777777777778
37369,0.0555555555555556
37373,0.583333333333333
37378,0.0833333333333333
37382,0.138888888888889
37386,0.371428571428571
37388,0.138888888888889
37389,0.361111111111111
37394,0.138888888888889
37402,0.0294117647058824
37407,0.0555555555555556
37412,0.194444444444444
37413,0.0857142857142857
37419,0.222222222222222
37429,0.194444444444444
37432,0.194444444444444
37436,0.527777777777778
37440,0.4
37442,0.138888888888889
37444,0.0882352941176471
37455,0.382352941176471
37456,0.138888888888889
37457,0.0555555555555556
37458,0.0833333333333333
37460,0.111111111111111
37465,0.138888888888889
37478,0.0277777777777778
37480,0.0555555555555556
37484,0.0285714285714286
37492,0.657142857142857
37494,0.222222222222222
37497,0.111111111111111
37498,0.25
37510,0.0277777777777778
37515,0.5
37518,0.194444444444444
37520,0.0555555555555556
37521,0.0555555555555556
37522,0.194444444444444
37523,0.444444444444444
37524,0.303030303030303
37527,0.0555555555555556
37540,0.0909090909090909
37542,0.166666666666667
37544,0.277777777777778
37551,0.194444444444444
37556,0.371428571428571
37558,0.0833333333333333
37560,0.0555555555555556
37562,0.361111111111111
37570,0.166666666666667
37580,0.194444444444444
37588,0.166666666666667
37593,0.0555555555555556
37604,0.285714285714286
37606,0.0555555555555556
37615,0.277777777777778
37616,0.0555555555555556
37617,0.371428571428571
37627,0.363636363636364
37628,0.222222222222222
37629,0.25
37646,0.166666666666667
37648,0.111111111111111
37649,0.111111111111111
37650,0.0555555555555556
37652,0.228571428571429
37653,0.25
37657,0.0833333333333333
37665,0.0833333333333333
37667,0.277777777777778
37668,0.111111111111111
37670,0.166666666666667
37682,0.305555555555556
37685,0.0833333333333333
37690,0.333333333333333
37697,0.0277777777777778
37700,0.194444444444444
37702,0.194444444444444
37708,0.388888888888889
37712,0.277777777777778
37714,0.0555555555555556
37717,0.472222222222222
37722,0.222222222222222
37725,0.0833333333333333
37727,0.0833333333333333
37741,0.111111111111111
37743,0.0833333333333333
37749,0.2
37751,0.0555555555555556
37754,0.111111111111111
37755,0
37760,0.121212121212121
37762,0.166666666666667
37765,0.194444444444444
37769,0.305555555555556
37775,0.147058823529412
37780,0.25
37792,0.111111111111111
37793,0
37799,0.266666666666667
37801,0.25
37803,0.138888888888889
37806,0.0833333333333333
37810,0.194444444444444
37815,0.375
37819,0
37825,0.0833333333333333
37829,0.0555555555555556
37836,0.0555555555555556
37841,0.277777777777778
37848,0.0555555555555556
37849,0.444444444444444
37857,0.0833333333333333
37860,0.0833333333333333
37870,0.0833333333333333
37871,0.166666666666667
37874,0.323529411764706
37886,0.0833333333333333
37887,0.222222222222222
37892,0.0555555555555556
37897,0.0555555555555556
37901,0.305555555555556
37902,0.485714285714286
37905,0.0833333333333333
37910,0.472222222222222
37914,0.194444444444444
37916,0.222222222222222
37922,0.0882352941176471
37928,0.444444444444444
37929,0.166666666666667
37944,0.0555555555555556
37945,0.0277777777777778
37954,0
37964,0.181818181818182
37967,0.166666666666667
37968,0.0555555555555556
37977,0.0857142857142857
37978,0.0555555555555556
38000,0.272727272727273
38010,0.294117647058824
38015,0.138888888888889
38023,0.194444444444444
38027,0.272727272727273
38028,0.222222222222222
38032,0.0833333333333333
38037,0.0555555555555556
38042,0.111111111111111
38050,0.0555555555555556
38055,0.0833333333333333
38060,0.416666666666667
38063,0.111111111111111
38065,0.342857142857143
38071,0.0555555555555556
38073,0.194444444444444
38098,0.0555555555555556
38100,0.371428571428571
38106,0.388888888888889
38110,0.0833333333333333
38116,0.111111111111111
38119,0.0555555555555556
38124,0.484848484848485
38125,0.25
38131,0.194444444444444
38138,0.166666666666667
38143,0.166666666666667
38145,0.0294117647058824
38147,0.0555555555555556
38148,0.0833333333333333
38152,0.285714285714286
38154,0.333333333333333
38156,0.0555555555555556
38163,0.166666666666667
38166,0.266666666666667
38175,0.111111111111111
38179,0.111111111111111
38182,0.0277777777777778
38192,0.0833333333333333
38194,0.0833333333333333
38197,0.354838709677419
38206,0.0555555555555556
38207,0.0555555555555556
38220,0.138888888888889
38225,0.111111111111111
38230,0.472222222222222
38235,0.0555555555555556
38239,0.257142857142857
38240,0.529411764705882
38243,0.0277777777777778
38250,0.428571428571429
38251,0.0555555555555556
38259,0.0857142857142857
38260,0.138888888888889
38262,0.0833333333333333
38270,0.166666666666667
38279,0.303030303030303
38280,0.111111111111111
38285,0.138888888888889
38290,0.111111111111111
38306,0.222222222222222
38315,0.138888888888889
38317,0.0833333333333333
38318,0.111111111111111
38322,0.363636363636364
38334,0.264705882352941
38337,0.194444444444444
38348,0.310344827586207
38349,0
38352,0.542857142857143
38364,0.393939393939394
38365,0.0555555555555556
38368,0.0833333333333333
38378,0.233333333333333
38384,0.0833333333333333
38388,0.111111111111111
38393,0.222222222222222
38398,0.305555555555556
38409,0.0833333333333333
38410,0.194444444444444
38414,0.138888888888889
38421,0.424242424242424
38426,0.111111111111111
38427,0.138888888888889
38432,0.166666666666667
38433,0.388888888888889
38444,0.388888888888889
38446,0.285714285714286
38450,0.388888888888889
38454,0.114285714285714
38466,0.0833333333333333
38469,0.228571428571429
38482,0.166666666666667
38491,0.222222222222222
38494,0.111111111111111
38500,0.361111111111111
38504,0.0833333333333333
38505,0.25
38508,0.0277777777777778
38509,0.0294117647058824
38528,0.0833333333333333
38539,0.166666666666667
38543,0.441176470588235
38559,0.222222222222222
38562,0.222222222222222
38568,0.166666666666667
38571,0.222222222222222
38572,0.166666666666667
38575,0.194444444444444
38577,0.428571428571429
38580,0.25
38588,0.0555555555555556
38597,0.111111111111111
38598,0.277777777777778
38602,0.222222222222222
38606,0.111111111111111
38607,0.166666666666667
38608,0.2
38611,0.416666666666667
38614,0.111111111111111
38617,0.111111111111111
38624,0.0606060606060606
38633,0.4
38636,0.555555555555556
38637,0.138888888888889
38640,0.333333333333333
38649,0.111111111111111
38651,0.0833333333333333
38653,0.0555555555555556
38658,0.25
38660,0.333333333333333
38669,0.361111111111111
38673,0.264705882352941
38675,0.111111111111111
38678,0.138888888888889
38679,0.166666666666667
38689,0.4
38696,0.277777777777778
38700,0.166666666666667
38702,0.194444444444444
38703,0.0571428571428571
38721,0.428571428571429
38725,0.111111111111111
38728,0.0833333333333333
38732,0.194444444444444
38735,0.0833333333333333
38738,0.0833333333333333
38739,0.0277777777777778
38744,0.0555555555555556
38745,0.0277777777777778
38755,0.444444444444444
38759,0.0277777777777778
38763,0.194444444444444
38764,0.0833333333333333
38773,0.0555555555555556
38777,0.111111111111111
38780,0.0857142857142857
38782,0.111111111111111
38790,0.40625
38796,0.25
38798,0.0555555555555556
38800,0
38801,0.0833333333333333
38819,0.138888888888889
38824,0.138888888888889
38825,0.166666666666667
38826,0.0294117647058824
38838,0.25
38849,0.277777777777778
38850,0.0555555555555556
38853,0.0833333333333333
38854,0.166666666666667
38860,0.0555555555555556
38861,0.166666666666667
38870,0.228571428571429
38880,0.166666666666667
38885,0.0277777777777778
38886,0.0833333333333333
38888,0.194444444444444
38892,0.222222222222222
38897,0.0833333333333333
38900,0.138888888888889
38901,0.0277777777777778
38903,0.228571428571429
38908,0.527777777777778
38910,0.472222222222222
38925,0.361111111111111
38929,0.0555555555555556
38933,0.0277777777777778
38936,0
38937,0.138888888888889
38944,0.0555555555555556
38953,0.166666666666667
38958,0.194444444444444
38969,0.0882352941176471
38970,0.527777777777778
38974,0.257142857142857
38978,0.0833333333333333
38980,0.0555555555555556
38986,0.138888888888889
38987,0.0555555555555556
38991,0.0555555555555556
38996,0.0555555555555556
39000,0.111111111111111
39003,0.0909090909090909
39016,0.0277777777777778
39022,0.0277777777777778
39034,0.382352941176471
39039,0.166666666666667
39040,0.0571428571428571
39046,0.138888888888889
39048,0.277777777777778
39051,0.361111111111111
39054,0.222222222222222
39060,0.0555555555555556
39064,0.222222222222222
39065,0.166666666666667
39068,0.0555555555555556
39077,0.0277777777777778
39079,0.2
39080,0.111111111111111
39084,0.222222222222222
39086,0.314285714285714
39092,0
39093,0.111111111111111
39098,0.333333333333333
39099,0.5
39107,0.111111111111111
39110,0.235294117647059
39116,0.166666666666667
39124,0.0277777777777778
39125,0.235294117647059
39126,0.0833333333333333
39141,0.0606060606060606
39142,0.611111111111111
39147,0.171428571428571
39148,0.2
39154,0.194444444444444
39161,0.142857142857143
39165,0.342857142857143
39170,0.111111111111111
39171,0.138888888888889
39175,0.166666666666667
39177,0.0555555555555556
39180,0
39181,0.222222222222222
39186,0.147058823529412
39190,0.25
39193,0.181818181818182
39199,0.111111111111111
39203,0.142857142857143
39205,0.1
39215,0.277777777777778
39220,0.0555555555555556
39223,0.514285714285714
39226,0.277777777777778
39229,0.194444444444444
39232,0.0277777777777778
39241,0.0967741935483871
39244,0
39245,0.111111111111111
39246,0.222222222222222
39248,0.0277777777777778
39249,0.0277777777777778
39251,0.111111111111111
39265,0.194444444444444
39271,0
39277,0.0833333333333333
39278,0.222222222222222
39281,0.0277777777777778
39288,0.0833333333333333
39289,0.25
39295,0.388888888888889
39307,0.138888888888889
39320,0
39323,0
39324,0.166666666666667
39335,0.393939393939394
39340,0
39343,0.138888888888889
39344,0
39350,0.0277777777777778
39354,0.0277777777777778
39363,0.166666666666667
39367,0.0277777777777778
39371,0.03125
39372,0.352941176470588
39379,0.138888888888889
39382,0.305555555555556
39389,0.277777777777778
39399,0.0555555555555556
39400,0.222222222222222
39405,0.138888888888889
39413,0.194444444444444
39415,0.0555555555555556
39420,0.194444444444444
39422,0.0555555555555556
39424,0.205882352941176
39429,0.194444444444444
39433,0.305555555555556
39434,0.0555555555555556
39448,0.0277777777777778
39454,0.194444444444444
39456,0.0277777777777778
39459,0.194444444444444
39463,0.457142857142857
39470,0.166666666666667
39474,0.138888888888889
39475,0.166666666666667
39476,0.0555555555555556
39478,0.138888888888889
39479,0.138888888888889
39482,0.314285714285714
39490,0.485714285714286
39493,0.171428571428571
39497,0.181818181818182
39502,0.0833333333333333
39505,0.138888888888889
39511,0.194444444444444
39533,0.0277777777777778
39535,0.0588235294117647
39538,0.138888888888889
39543,0.25
39547,0.194444444444444
39553,0.205882352941176
39554,0.0967741935483871
39556,0.166666666666667
39570,0.277777777777778
39577,0.0277777777777778
39584,0.228571428571429
39588,0.171428571428571
39591,0.138888888888889
39592,0.2
39608,0.142857142857143
39621,0.472222222222222
39626,0.0833333333333333
39638,0.277777777777778
39639,0.111111111111111
39646,0
39659,0.444444444444444
39662,0.0277777777777778
39674,0.0833333333333333
39676,0.0833333333333333
39688,0.6
39690,0.0555555555555556
39695,0.0833333333333333
39723,0.0833333333333333
39725,0.228571428571429
39727,0.305555555555556
39728,0.166666666666667
39732,0.25
39751,0.212121212121212
39752,0.111111111111111
39755,0
39758,0.138888888888889
39761,0.142857142857143
39772,0.0555555555555556
39773,0.333333333333333
39783,0.138888888888889
39785,0.142857142857143
39790,0.0833333333333333
39792,0.0833333333333333
39793,0.0833333333333333
39796,0.111111111111111
39797,0.457142857142857
39799,0.0882352941176471
39823,0.0555555555555556
39830,0.580645161290323
39831,0.194444444444444
39834,0.0833333333333333
39838,0
39839,0.166666666666667
39842,0.222222222222222
39853,0.0555555555555556
39860,0.111111111111111
39861,0.361111111111111
39868,0.0277777777777778
39872,0.205882352941176
39873,0.0555555555555556
39876,0.166666666666667
39877,0.0555555555555556
39879,0.0277777777777778
39892,0.0588235294117647
39894,0.25
39906,0.285714285714286
39909,0.0555555555555556
39913,0.194444444444444
39919,0.571428571428571
39920,0.294117647058824
39929,0.277777777777778
39930,0.472222222222222
39931,0.0588235294117647
39932,0.25
39946,0.138888888888889
39949,0.166666666666667
39953,0.0555555555555556
39958,0.0833333333333333
39965,0.142857142857143
39966,0.0277777777777778
39970,0.166666666666667
39972,0.0833333333333333
39976,0.333333333333333
39986,0.0833333333333333
39997,0.277777777777778
40002,0.388888888888889
40004,0.166666666666667
40005,0.0571428571428571
40007,0.111111111111111
40008,0.303030303030303
40010,0.25
40025,0.111111111111111
40044,0.0833333333333333
40064,0.0277777777777778
40065,0.305555555555556
40084,0.388888888888889
40085,0.0833333333333333
40088,0.194444444444444
40104,0.138888888888889
40106,0.0277777777777778
40110,0.382352941176471
40111,0.0555555555555556
40118,0.142857142857143
40122,0.194444444444444
40124,0.138888888888889
40129,0.305555555555556
40131,0.388888888888889
40151,0.0555555555555556
40152,0.0277777777777778
40154,0.388888888888889
40161,0.166666666666667
40165,0.333333333333333
40172,0.0277777777777778
40176,0.138888888888889
40178,0.0833333333333333
40190,0.0555555555555556
40193,0.0277777777777778
40196,0.361111111111111
40203,0.0555555555555556
40210,0.0689655172413793
40211,0.4
40217,0.314285714285714
40223,0
40225,0.111111111111111
40235,0.194444444444444
40237,0.333333333333333
40239,0.457142857142857
40248,0.0588235294117647
40249,0.222222222222222
40258,0.138888888888889
40265,0.0277777777777778
40277,0.111111111111111
40280,0
40282,0.222222222222222
40286,0.194444444444444
40293,0.277777777777778
40298,0.558823529411765
40302,0.0277777777777778
40317,0.416666666666667
40318,0.138888888888889
40335,0.111111111111111
40339,0.0555555555555556
40345,0.0277777777777778
40350,0.25
40351,0.0555555555555556
40353,0.138888888888889
40358,0.0833333333333333
40363,0.0555555555555556
40364,0.0277777777777778
40369,0.0833333333333333
40380,0.25
40382,0.111111111111111
40383,0.166666666666667
40386,0.111111111111111
40387,0.138888888888889
40389,0.222222222222222
40391,0.2
40396,0.0555555555555556
40398,0.194444444444444
40399,0.411764705882353
40400,0.111111111111111
40410,0.527777777777778
40422,0.555555555555556
40425,0.0833333333333333
40435,0.0333333333333333
40447,0.111111111111111
40454,0.0555555555555556
40459,0
40461,0.305555555555556
40462,0.194444444444444
40474,0.361111111111111
40475,0.333333333333333
40485,0.0833333333333333
40515,0.25
40518,0.194444444444444
40520,0.352941176470588
40523,0.342857142857143
40524,0.0833333333333333
40540,0.222222222222222
40544,0
40545,0.0833333333333333
40548,0.111111111111111
40551,0.222222222222222
40557,0.222222222222222
40561,0.166666666666667
40563,0.111111111111111
40570,0.0555555555555556
40573,0.457142857142857
40575,0.333333333333333
40585,0.0555555555555556
40598,0.222222222222222
40599,0.5
40604,0.361111111111111
40606,0
40614,0.138888888888889
40633,0.0277777777777778
40637,0.277777777777778
40643,0.138888888888889
40644,0.235294117647059
40646,0.0294117647058824
40658,0.0555555555555556
40660,0.0555555555555556
40676,0.0555555555555556
40683,0.111111111111111
40684,0.222222222222222
40700,0.194444444444444
40703,0.0555555555555556
40705,0.111111111111111
40711,0.0833333333333333
40717,0.0909090909090909
40718,0.0277777777777778
40736,0.194444444444444
40737,0.0277777777777778
40755,0.166666666666667
40759,0.25
40762,0.03125
40763,0.277777777777778
40765,0.138888888888889
40767,0
40772,0.0833333333333333
40773,0.0833333333333333
40784,0.194444444444444
40790,0.285714285714286
40800,0.111111111111111
40801,0.166666666666667
40804,0
40807,0.0833333333333333
40810,0.111111111111111
40815,0.277777777777778
40824,0.0285714285714286
40829,0.138888888888889
40831,0.194444444444444
40838,0.166666666666667
40842,0.222222222222222
40850,0.0277777777777778
40852,0.0833333333333333
40855,0.0555555555555556
40860,0.166666666666667
40869,0.305555555555556
40871,0.138888888888889
40875,0.444444444444444
40886,0.171428571428571
40887,0.0277777777777778
40888,0.0555555555555556
40899,0.0277777777777778
40900,0.5
40912,0.142857142857143
40921,0
40930,0.0277777777777778
40933,0.111111111111111
40936,0.0555555555555556
40940,0.371428571428571
40948,0.171428571428571
40951,0.0833333333333333
40954,0.0555555555555556
40961,0.0833333333333333
40963,0.2
40965,0.0277777777777778
40971,0.314285714285714
40977,0.0277777777777778
40988,0.138888888888889
40991,0.222222222222222
41005,0.25
41013,0.111111111111111
41014,0.194444444444444
41019,0.0571428571428571
41021,0
41022,0.25
41025,0.361111111111111
41026,0.566666666666667
41028,0.114285714285714
41030,0.305555555555556
41040,0.138888888888889
41043,0.0833333333333333
41049,0.0277777777777778
41053,0.194444444444444
41076,0.583333333333333
41082,0.0833333333333333
41087,0.0555555555555556
41092,0.138888888888889
41100,0.527777777777778
41101,0.416666666666667
41103,0.361111111111111
41105,0.264705882352941
41106,0.138888888888889
41112,0.138888888888889
41117,0.305555555555556
41124,0.166666666666667
41126,0.138888888888889
41127,0.416666666666667
41135,0.0277777777777778
41138,0.194444444444444
41142,0.147058823529412
41143,0.0277777777777778
41149,0.228571428571429
41156,0
41157,0.0277777777777778
41158,0.194444444444444
41165,0.0303030303030303
41167,0.0555555555555556
41175,0.0555555555555556
41181,0.222222222222222
41190,0.111111111111111
41192,0.0277777777777778
41194,0.138888888888889
41204,0.194444444444444
41207,0
41216,0.25
41218,0.257142857142857
41220,0.25
41230,0.25
41232,0.222222222222222
41234,0.444444444444444
41236,0
41238,0
41243,0.166666666666667
41244,0.0833333333333333
41246,0.484848484848485
41252,0.0833333333333333
41255,0.0555555555555556
41267,0.117647058823529
41268,0.194444444444444
41269,0.472222222222222
41272,0.0294117647058824
41279,0
41284,0.444444444444444
41286,0
41312,0.111111111111111
41314,0.166666666666667
41319,0.0277777777777778
41320,0.166666666666667
41321,0.428571428571429
41326,0.0555555555555556
41342,0.166666666666667
41350,0.138888888888889
41356,0.147058823529412
41360,0.114285714285714
41362,0.352941176470588
41368,0.194444444444444
41375,0.388888888888889
41376,0.314285714285714
41382,0.25
41394,0.111111111111111
41398,0.444444444444444
41403,0.138888888888889
41405,0.166666666666667
41409,0.138888888888889
41413,0.166666666666667
41415,0.333333333333333
41416,0.138888888888889
41424,0
41427,0.111111111111111
41430,0.305555555555556
41436,0.114285714285714
41450,0.114285714285714
41451,0.222222222222222
41452,0.0833333333333333
41454,0.514285714285714
41460,0.0555555555555556
41461,0.361111111111111
41462,0
41464,0.235294117647059
41466,0.277777777777778
41468,0.222222222222222
41475,0.333333333333333
41477,0.222222222222222
41479,0
41482,0.0857142857142857
41483,0.333333333333333
41486,0.166666666666667
41490,0.111111111111111
41492,0.0588235294117647
41493,0.166666666666667
41495,0.333333333333333
41496,0.257142857142857
41498,0.166666666666667
41501,0.166666666666667
41504,0.222222222222222
41506,0.294117647058824
41512,0.3125
41513,0.257142857142857
41514,0.194444444444444
41516,0.342857142857143
41518,0.0277777777777778
41519,0.222222222222222
41522,0.111111111111111
41524,0.138888888888889
41525,0
41526,0.138888888888889
41542,0.138888888888889
41549,0.111111111111111
41552,0.194444444444444
41555,0.166666666666667
41558,0.0833333333333333
41562,0.0277777777777778
41565,0.0555555555555556
41567,0
41570,0.314285714285714
41574,0.0555555555555556
41575,0.0555555555555556
41576,0.0833333333333333
41578,0.111111111111111
41579,0.0555555555555556
41583,0.171428571428571
41589,0.171428571428571
41595,0.0277777777777778
41597,0.194444444444444
41599,0.111111111111111
41612,0.138888888888889
41613,0.0882352941176471
41616,0.0833333333333333
41617,0.258064516129032
41624,0.0833333333333333
41627,0.138888888888889
41636,0.0277777777777778
41641,0.0833333333333333
41642,0.0277777777777778
41648,0.305555555555556
41652,0.111111111111111
41654,0.472222222222222
41668,0
41671,0.194444444444444
41672,0.194444444444444
41675,0.361111111111111
41676,0.0555555555555556
41677,0.111111111111111
41680,0.228571428571429
41683,0.25
41690,0.0833333333333333
41691,0.0555555555555556
41693,0.0555555555555556
41694,0.194444444444444
41699,0.0555555555555556
41700,0.0555555555555556
41702,0.0833333333333333
41705,0.166666666666667
41711,0.222222222222222
41715,0.111111111111111
41717,0.194444444444444
41718,0
41725,0.166666666666667
41729,0.138888888888889
41735,0.138888888888889
41739,0.485714285714286
41740,0.305555555555556
41748,0.361111111111111
41751,0.25
41753,0.111111111111111
41755,0.25
41756,0.0909090909090909
41760,0.138888888888889
41761,0.111111111111111
41764,0.0277777777777778
41768,0.0833333333333333
41770,0.111111111111111
41771,0.111111111111111
41772,0.0555555555555556
41775,0.2
41780,0.472222222222222
41782,0.257142857142857
41783,0.25
41791,0.111111111111111
41796,0.527777777777778
41797,0.114285714285714
41808,0.0833333333333333
41814,0.0833333333333333
41820,0.533333333333333
41825,0.0333333333333333
41827,0.333333333333333
41838,0.0277777777777778
41840,0.305555555555556
41841,0.484848484848485
41852,0.111111111111111
41853,0
41858,0.138888888888889
41865,0.25
41868,0.166666666666667
41870,0.638888888888889
41871,0.0277777777777778
41875,0.138888888888889
41879,0.222222222222222
41881,0.0833333333333333
41882,0.0833333333333333
41888,0.138888888888889
41896,0.257142857142857
41897,0.138888888888889
41898,0.0555555555555556
41904,0.277777777777778
41908,0.0833333333333333
41912,0
41915,0.0277777777777778
41918,0.166666666666667
41919,0
41921,0.166666666666667
41923,0.114285714285714
41946,0.0833333333333333
41952,0.212121212121212
41960,0.25
41963,0.4375
41966,0.222222222222222
41969,0.111111111111111
41971,0.25
41973,0.166666666666667
41981,0.138888888888889
41983,0.228571428571429
41984,0.138888888888889
41988,0.0555555555555556
41991,0.222222222222222
41993,0.111111111111111
42000,0.0277777777777778
42002,0.0833333333333333
42003,0.333333333333333
42004,0.0277777777777778
42005,0.344827586206897
42015,0.111111111111111
42018,0.0833333333333333
42026,0.111111111111111
42029,0.194444444444444
42035,0
42037,0.333333333333333
42041,0.138888888888889
42045,0.0277777777777778
42047,0.0555555555555556
42048,0
42050,0.0277777777777778
42056,0.0833333333333333
42065,0.0277777777777778
42074,0.111111111111111
42079,0.388888888888889
42085,0.171428571428571
42094,0.111111111111111
42099,0.138888888888889
42103,0.138888888888889
42104,0
42107,0.0555555555555556
42110,0.0833333333333333
42120,0.0833333333333333
42123,0.111111111111111
42124,0.138888888888889
42125,0.4
42126,0.0277777777777778
42127,0.416666666666667
42133,0.138888888888889
42135,0.277777777777778
42143,0.111111111111111
42144,0.194444444444444
42146,0.0555555555555556
42147,0.333333333333333
42154,0.194444444444444
42157,0.0555555555555556
42161,0.0555555555555556
42164,0.0555555555555556
42165,0.361111111111111
42167,0.5
42170,0.305555555555556
42172,0.166666666666667
42173,0
42180,0.0833333333333333
42181,0.285714285714286
42185,0.0833333333333333
42187,0.0277777777777778
42189,0.0277777777777778
42190,0.285714285714286
42193,0.0277777777777778
42197,0.342857142857143
42200,0.111111111111111
42206,0.0277777777777778
42211,0.0833333333333333
42212,0.0277777777777778
42215,0.111111111111111
42217,0.0909090909090909
42220,0.0833333333333333
42232,0.0555555555555556
42234,0.0909090909090909
42237,0.0606060606060606
42239,0
42255,0.0285714285714286
42260,0.444444444444444
42262,0.0555555555555556
42263,0.0555555555555556
42265,0.111111111111111
42269,0.25
42275,0.0555555555555556
42276,0.194444444444444
42280,0.0555555555555556
42284,0.228571428571429
42285,0.0277777777777778
42287,0.0555555555555556
42288,0
42291,0.0277777777777778
42294,0.166666666666667
42296,0.0277777777777778
42297,0.25
42298,0.0277777777777778
42300,0.0277777777777778
42307,0.142857142857143
42309,0.166666666666667
42310,0.194444444444444
42311,0.0555555555555556
42321,0.194444444444444
42329,0.111111111111111
42330,0.457142857142857
42332,0.0833333333333333
42338,0.444444444444444
42340,0.111111111111111
42342,0.277777777777778
42346,0.0833333333333333
42358,0.25
42364,0.171428571428571
42365,0.0277777777777778
42368,0.0555555555555556
42369,0.194444444444444
42379,0
42389,0.0277777777777778
42392,0.352941176470588
42396,0.138888888888889
42399,0
42402,0.0833333333333333
42404,0.416666666666667
42405,0.305555555555556
42406,0.472222222222222
42407,0.166666666666667
42416,0.0277777777777778
42420,0
42421,0.441176470588235
42422,0.25
42424,0.333333333333333
42426,0.166666666666667
42428,0.0555555555555556
42433,0.277777777777778
42437,0.0833333333333333
42438,0.138888888888889
42441,0.0833333333333333
42444,0.222222222222222
42449,0.166666666666667
42452,0.222222222222222
42453,0.0555555555555556
42454,0.166666666666667
42459,0.0277777777777778
42460,0.222222222222222
42464,0.0555555555555556
42471,0.0555555555555556
42473,0.0833333333333333
42479,0.171428571428571
42483,0.0277777777777778
42484,0.361111111111111
42491,0.0857142857142857
42492,0.0833333333333333
42493,0
42502,0.0277777777777778
42504,0.0571428571428571
42517,0.194444444444444
42519,0
42524,0.2
42526,0.0833333333333333
42527,0.0555555555555556
42529,0.25
42531,0.388888888888889
42532,0.0833333333333333
42533,0.111111111111111
42537,0.138888888888889
42539,0.0277777777777778
42541,0.305555555555556
42544,0.277777777777778
42545,0.138888888888889
42546,0.333333333333333
42547,0.277777777777778
42557,0.638888888888889
42558,0.138888888888889
42560,0.228571428571429
42567,0.166666666666667
42578,0.194444444444444
42580,0.194444444444444
42586,0.0277777777777778
42590,0.428571428571429
42591,0.111111111111111
42592,0.0277777777777778
42594,0.0833333333333333
42596,0.0555555555555556
42599,0.111111111111111
42603,0.444444444444444
42605,0.0277777777777778
42613,0.138888888888889
42617,0.0555555555555556
42621,0.388888888888889
42626,0.166666666666667
42627,0.742857142857143
42629,0.472222222222222
42632,0.194444444444444
42636,0.0277777777777778
42639,0.0833333333333333
42640,0.114285714285714
42642,0.0555555555555556
42651,0.0833333333333333
42656,0.138888888888889
42658,0.0555555555555556
42664,0.257142857142857
42665,0.212121212121212
42666,0.485714285714286
42668,0.0555555555555556
42670,0.0857142857142857
42672,0.138888888888889
42674,0.444444444444444
42678,0.0833333333333333
42681,0.194444444444444
42682,0.277777777777778
42683,0.166666666666667
42692,0.0833333333333333
42695,0.0555555555555556
42696,0.361111111111111
42698,0.333333333333333
42699,0.233333333333333
42700,0.0833333333333333
42702,0.166666666666667
42705,0.0833333333333333
42712,0
42714,0.558823529411765
42715,0.0555555555555556
42716,0.0571428571428571
42733,0.305555555555556
42736,0.194444444444444
42738,0.0857142857142857
42740,0.111111111111111
42741,0.0833333333333333
42745,0.428571428571429
42746,0.138888888888889
42748,0.111111111111111
42749,0.333333333333333
42751,0.388888888888889
42752,0.314285714285714
42759,0.575757575757576
42761,0.111111111111111
42764,0.0833333333333333
42766,0
42768,0.171428571428571
42769,0.222222222222222
42771,0.228571428571429
42772,0.0909090909090909
42788,0.0833333333333333
42792,0.138888888888889
42799,0.111111111111111
42801,0
42802,0.0555555555555556
42813,0.111111111111111
42814,0.388888888888889
42817,0.138888888888889
42818,0.0555555555555556
42820,0.0555555555555556
42825,0.138888888888889
42827,0.0833333333333333
42830,0.333333333333333
42833,0.0833333333333333
42835,0.194444444444444
42838,0.0277777777777778
42843,0.0285714285714286
42844,0.194444444444444
42845,0.566666666666667
42850,0.111111111111111
42866,0.138888888888889
42867,0.222222222222222
42869,0.0277777777777778
42873,0.485714285714286
42876,0.25
42898,0.0555555555555556
42900,0.305555555555556
42906,0.0833333333333333
42908,0.25
42918,0.166666666666667
42920,0.333333333333333
42922,0.138888888888889
42927,0.117647058823529
42935,0.0555555555555556
42940,0.0833333333333333
42941,0.0555555555555556
42946,0.333333333333333
42947,0.0555555555555556
42949,0.0833333333333333
42960,0.0555555555555556
42961,0.388888888888889
42975,0.0833333333333333
42978,0.361111111111111
42981,0.111111111111111
42982,0.0555555555555556
42985,0.138888888888889
42987,0.166666666666667
42993,0.111111111111111
43001,0.166666666666667
43004,0.0555555555555556
43005,0.485714285714286
43015,0.277777777777778
43016,0.222222222222222
43017,0.171428571428571
43018,0.194444444444444
43019,0.194444444444444
43020,0.138888888888889
43023,0.111111111111111
43024,0.111111111111111
43025,0.166666666666667
43030,0.194444444444444
43031,0.361111111111111
43036,0.25
43047,0.676470588235294
43049,0.424242424242424
43063,0.222222222222222
43073,0.0833333333333333
43077,0.0857142857142857
43079,0.0555555555555556
43080,0.0833333333333333
43084,0.138888888888889
43085,0
43093,0.0277777777777778
43096,0.0555555555555556
43097,0.515151515151515
43099,0.111111111111111
43111,0
43115,0.388888888888889
43127,0.166666666666667
43131,0.166666666666667
43151,0.0277777777777778
43153,0.111111111111111
43154,0.0606060606060606
43166,0.138888888888889
43168,0.222222222222222
43169,0
43170,0
43180,0.0833333333333333
43185,0.111111111111111
43186,0.138888888888889
43187,0.138888888888889
43190,0
43191,0.0555555555555556
43195,0.194444444444444
43204,0.171428571428571
43210,0.171428571428571
43211,0.5
43214,0.0833333333333333
43229,0.111111111111111
43235,0.166666666666667
43237,0.25
43240,0.225806451612903
43242,0.25
43243,0.0555555555555556
43245,0.441176470588235
43247,0.0555555555555556
43251,0.138888888888889
43254,0.0555555555555556
43259,0.371428571428571
43261,0.333333333333333
43268,0.228571428571429
43269,0.25
43271,0.305555555555556
43275,0.166666666666667
43283,0.0555555555555556
43284,0.0277777777777778
43288,0.333333333333333
43290,0.138888888888889
43293,0.0555555555555556
43294,0.264705882352941
43296,0.0277777777777778
43297,0.138888888888889
43301,0.138888888888889
43302,0.257142857142857
43303,0.0303030303030303
43305,0.5
43310,0.194444444444444
43313,0.222222222222222
43314,0.388888888888889
43317,0.111111111111111
43318,0.0833333333333333
43320,0.305555555555556
43330,0.361111111111111
43342,0.0833333333333333
43343,0.166666666666667
43344,0.166666666666667
43351,0.0555555555555556
43352,0.25
43353,0.305555555555556
43358,0.0833333333333333
43365,0.205882352941176
43366,0.371428571428571
43379,0.0555555555555556
43383,0.111111111111111
43384,0.0909090909090909
43386,0.142857142857143
43391,0.0833333333333333
43399,0.0277777777777778
43407,0.111111111111111
43413,0.166666666666667
43414,0.171428571428571
43415,0.0833333333333333
43418,0.138888888888889
43430,0.0909090909090909
43432,0.0833333333333333
43433,0.0833333333333333
43438,0.638888888888889
43441,0.222222222222222
43444,0.333333333333333
43445,0.0555555555555556
43447,0.111111111111111
43452,0.361111111111111
43458,0.194444444444444
43464,0.138888888888889
43469,0.194444444444444
43474,0.166666666666667
43476,0
43479,0.0277777777777778
43484,0.0555555555555556
43489,0
43492,0.0555555555555556
43493,0.142857142857143
43498,0.194444444444444
43500,0.111111111111111
43503,0.0555555555555556
43520,0.194444444444444
43523,0.194444444444444
43524,0.371428571428571
43526,0.0833333333333333
43527,0.138888888888889
43531,0.0555555555555556
43533,0.194444444444444
43535,0.222222222222222
43540,0.0571428571428571
43541,0.0833333333333333
43542,0.0833333333333333
43543,0.222222222222222
43546,0.25
43550,0.416666666666667
43558,0.222222222222222
43567,0.4
43570,0.0833333333333333
43573,0.194444444444444
43574,0.583333333333333
43587,0.111111111111111
43589,0.166666666666667
43590,0.176470588235294
43591,0.32258064516129
43592,0.111111111111111
43593,0.0277777777777778
43594,0.0277777777777778
43597,0.257142857142857
43599,0.472222222222222
43602,0.0277777777777778
43603,0.472222222222222
43607,0.0606060606060606
43610,0.0833333333333333
43612,0.138888888888889
43614,0.0555555555555556
43615,0.416666666666667
43618,0.277777777777778
43621,0
43624,0.111111111111111
43632,0.222222222222222
43635,0.0555555555555556
43639,0.0277777777777778
43644,0.0277777777777778
43656,0.166666666666667
43671,0.194444444444444
43672,0.0555555555555556
43674,0.194444444444444
43679,0.0555555555555556
43680,0.0555555555555556
43682,0.212121212121212
43683,0.0277777777777778
43684,0.111111111111111
43697,0.111111111111111
43699,0.111111111111111
43702,0.142857142857143
43705,0.222222222222222
43708,0.111111111111111
43709,0.0833333333333333
43710,0.111111111111111
43718,0.5
43720,0.212121212121212
43723,0
43726,0.388888888888889
43738,0.0555555555555556
43743,0.388888888888889
43748,0.5
43749,0.0571428571428571
43756,0.142857142857143
43757,0.333333333333333
43758,0.0277777777777778
43761,0.428571428571429
43767,0.166666666666667
43768,0.277777777777778
43769,0.166666666666667
43771,0.166666666666667
43772,0.111111111111111
43773,0.25
43775,0.0555555555555556
43778,0.138888888888889
43786,0.0277777777777778
43792,0.171428571428571
43794,0.228571428571429
43801,0.138888888888889
43802,0.166666666666667
43806,0.388888888888889
43813,0.166666666666667
43816,0.416666666666667
43824,0.166666666666667
43826,0.138888888888889
43827,0.166666666666667
43829,0.5
43833,0.0277777777777778
43836,0.111111111111111
43839,0.166666666666667
43840,0.193548387096774
43841,0.333333333333333
43842,0.0833333333333333
43843,0.0833333333333333
43847,0.111111111111111
43852,0.166666666666667
43853,0.166666666666667
43859,0.138888888888889
43861,0.0833333333333333
43862,0
43864,0.0277777777777778
43865,0.0555555555555556
43867,0.222222222222222
43871,0.0833333333333333
43877,0.314285714285714
43881,0.111111111111111
43882,0.111111111111111
43887,0.277777777777778
43895,0.138888888888889
43903,0.393939393939394
43904,0.305555555555556
43905,0.166666666666667
43906,0.25
43908,0.0277777777777778
43910,0.0277777777777778
43911,0.111111111111111
43914,0.25
43916,0.0277777777777778
43923,0.117647058823529
43926,0.138888888888889
43934,0.0555555555555556
43940,0.264705882352941
43942,0.0555555555555556
43945,0.138888888888889
43956,0.222222222222222
43959,0
43962,0.194444444444444
43966,0.0833333333333333
43968,0.205882352941176
43971,0.0277777777777778
43976,0.194444444444444
43977,0.166666666666667
43980,0.0555555555555556
43991,0.0555555555555556
43995,0.285714285714286
43997,0.2
43999,0.0833333333333333
44004,0.111111111111111
44010,0.555555555555556
44013,0.166666666666667
44021,0.194444444444444
44027,0.171428571428571
44029,0.172413793103448
44039,0.194444444444444
44041,0.166666666666667
44042,0.111111111111111
44045,0.0277777777777778
44053,0.166666666666667
44055,0.303030303030303
44059,0.0555555555555556
44060,0.166666666666667
44062,0.235294117647059
44066,0.333333333333333
44068,0.111111111111111
44069,0.0277777777777778
44072,0.0833333333333333
44082,0.138888888888889
44085,0.277777777777778
44086,0
44088,0.388888888888889
44090,0.25
44096,0.0833333333333333
44097,0.222222222222222
44104,0.25
44108,0.388888888888889
44116,0.0857142857142857
44117,0.0833333333333333
44120,0.416666666666667
44123,0.5
44126,0.0277777777777778
44129,0.0555555555555556
44130,0
44132,0.388888888888889
44141,0.194444444444444
44149,0.333333333333333
44155,0.0833333333333333
44158,0.388888888888889
44162,0.0555555555555556
44164,0.0857142857142857
44176,0.228571428571429
44182,0.0555555555555556
44186,0.0277777777777778
44189,0.0555555555555556
44190,0.0833333333333333
44191,0.0666666666666667
44195,0.138888888888889
44200,0.0571428571428571
44201,0.277777777777778
44208,0.212121212121212
44209,0.166666666666667
44210,0.277777777777778
44213,0.0277777777777778
44215,0.0833333333333333
44217,0.0277777777777778
44218,0.111111111111111
44223,0.25
44228,0.305555555555556
44229,0.0833333333333333
44233,0.142857142857143
44238,0
44240,0.25
44243,0.0277777777777778
44249,0.166666666666667
44252,0.0833333333333333
44255,0.111111111111111
44259,0.194444444444444
44260,0.194444444444444
44268,0.542857142857143
44275,0.166666666666667
44276,0.25
44281,0.257142857142857
44285,0.138888888888889
44287,0.0277777777777778
44288,0.277777777777778
44290,0.176470588235294
44295,0.25
44296,0.138888888888889
44298,0.166666666666667
44299,0.0555555555555556
44302,0.344827586206897
44305,0.0277777777777778
44307,0.371428571428571
44313,0.138888888888889
44316,0.0555555555555556
44324,0.2
44327,0.0277777777777778
44329,0.25
44332,0.0555555555555556
44333,0.361111111111111
44343,0.416666666666667
44345,0.194444444444444
44351,0
44352,0.305555555555556
44353,0.138888888888889
44356,0
44361,0.305555555555556
44364,0.142857142857143
44365,0.0277777777777778
44366,0.333333333333333
44369,0.166666666666667
44379,0.166666666666667
44380,0.0555555555555556
44381,0.138888888888889
44385,0.205882352941176
44386,0.0555555555555556
44392,0.138888888888889
44400,0.111111111111111
44401,0.0833333333333333
44404,0.0277777777777778
44405,0.0833333333333333
44410,0.166666666666667
44411,0.0555555555555556
44413,0.0277777777777778
44420,0.25
44424,0.138888888888889
44426,0.285714285714286
44433,0.277777777777778
44444,0.111111111111111
44450,0.388888888888889
44455,0.0277777777777778
44457,0.166666666666667
44460,0.194444444444444
44462,0.194444444444444
44465,0.111111111111111
44466,0.25
44474,0.333333333333333
44476,0.2
44479,0.305555555555556
44480,0.138888888888889
44481,0
44487,0.111111111111111
44492,0.305555555555556
44498,0.25
44503,0.2
44508,0.305555555555556
44514,0.0277777777777778
44517,0.166666666666667
44521,0.428571428571429
44522,0.194444444444444
44528,0.0833333333333333
44532,0.0833333333333333
44545,0.0833333333333333
44546,0.111111111111111
44550,0.0555555555555556
44556,0.527777777777778
44569,0.166666666666667
44572,0.111111111111111
44574,0.470588235294118
44578,0.277777777777778
44579,0.4
44582,0.305555555555556
44587,0.0555555555555556
44588,0.111111111111111
44594,0.0277777777777778
44597,0.424242424242424
44599,0.0857142857142857
44600,0.0555555555555556
44601,0.111111111111111
44603,0.305555555555556
44614,0.277777777777778
44617,0.25
44621,0.0277777777777778
44622,0.194444444444444
44624,0.444444444444444
44627,0.0277777777777778
44628,0.416666666666667
44633,0.111111111111111
44634,0.416666666666667
44637,0.0555555555555556
44639,0.323529411764706
44643,0.111111111111111
44648,0.305555555555556
44655,0.228571428571429
44656,0.133333333333333
44661,0.416666666666667
44669,0.111111111111111
44672,0.277777777777778
44673,0.194444444444444
44676,0.472222222222222
44679,0.285714285714286
44680,0.428571428571429
44681,0
44684,0.138888888888889
44685,0.0277777777777778
44688,0.277777777777778
44691,0.0833333333333333
44696,0.0277777777777778
44698,0.194444444444444
44703,0.194444444444444
44706,0.0555555555555556
44719,0.138888888888889
44720,0.166666666666667
44724,0.361111111111111
44725,0.222222222222222
44731,0.222222222222222
44732,0.111111111111111
44738,0
44744,0.0277777777777778
44749,0.0555555555555556
44758,0.0833333333333333
44763,0.277777777777778
44771,0.371428571428571
44774,0.0833333333333333
44778,0.111111111111111
44781,0.0555555555555556
44782,0.0277777777777778
44784,0.0277777777777778
44788,0.305555555555556
44790,0.0833333333333333
44791,0.194444444444444
44792,0.285714285714286
44793,0.0555555555555556
44795,0.0833333333333333
44797,0.222222222222222
44804,0.388888888888889
44807,0.0833333333333333
44811,0.285714285714286
44817,0.0833333333333333
44821,0.0555555555555556
44825,0
44826,0.25
44838,0.194444444444444
44839,0.470588235294118
44842,0.111111111111111
44847,0.2
44850,0.2
44853,0
44854,0.0857142857142857
44855,0.266666666666667
44862,0.333333333333333
44866,0.0277777777777778
44870,0.171428571428571
44871,0.111111111111111
44873,0.233333333333333
44874,0.0857142857142857
44876,0.166666666666667
44878,0.111111111111111
44883,0.0833333333333333
44885,0.111111111111111
44886,0.0303030303030303
44891,0.0277777777777778
44899,0.25
44905,0.388888888888889
44906,0.138888888888889
44910,0.138888888888889
44914,0.121212121212121
44915,0.333333333333333
44916,0.166666666666667
44920,0.142857142857143
44928,0.142857142857143
44934,0.472222222222222
44938,0.0277777777777778
44939,0
44941,0.138888888888889
44951,0.166666666666667
44959,0.285714285714286
44970,0.222222222222222
44971,0.388888888888889
44980,0.314285714285714
44984,0.277777777777778
44986,0.0277777777777778
44987,0.272727272727273
44988,0.555555555555556
45003,0.333333333333333
45009,0.361111111111111
45013,0.171428571428571
45018,0.0277777777777778
45020,0.194444444444444
45023,0.0277777777777778
45025,0.333333333333333
45028,0.111111111111111
45029,0.138888888888889
45031,0.0277777777777778
45049,0.0833333333333333
45051,0.0833333333333333
45056,0.142857142857143
45057,0.166666666666667
45059,0.0277777777777778
45060,0.388888888888889
45062,0.222222222222222
45072,0.0833333333333333
45078,0.138888888888889
45083,0.0555555555555556
45087,0.0555555555555556
45088,0.147058823529412
45089,0.457142857142857
45096,0
45099,0.166666666666667
45109,0.222222222222222
45110,0
45113,0.0833333333333333
45114,0.138888888888889
45118,0.25
45119,0.222222222222222
45123,0.166666666666667
45124,0.166666666666667
45137,0.194444444444444
45142,0.388888888888889
45145,0.0833333333333333
45146,0.194444444444444
45147,0.194444444444444
45151,0.121212121212121
45152,0.166666666666667
45153,0.0277777777777778
45165,0.0555555555555556
45166,0.264705882352941
45169,0.194444444444444
45171,0.0833333333333333
45172,0.314285714285714
45174,0.142857142857143
45176,0.342857142857143
45179,0.0277777777777778
45181,0.25
45185,0.222222222222222
45186,0.111111111111111
45187,0
45190,0.0833333333333333
45202,0.194444444444444
45204,0.142857142857143
45211,0.314285714285714
45215,0.444444444444444
45219,0.111111111111111
45223,0.583333333333333
45225,0.0833333333333333
45229,0.194444444444444
45233,0
45234,0.0555555555555556
45243,0.194444444444444
45247,0.0833333333333333
45252,0.194444444444444
45255,0
45257,0.111111111111111
45258,0.342857142857143
45262,0.485714285714286
45264,0.0277777777777778
45267,0.0277777777777778
45270,0.0833333333333333
45273,0
45277,0.277777777777778
45278,0.305555555555556
45281,0.277777777777778
45282,0.138888888888889
45284,0.0277777777777778
45285,0.527777777777778
45286,0.0277777777777778
45293,0.194444444444444
45295,0.138888888888889
45298,0.166666666666667
45299,0.222222222222222
45302,0.0833333333333333
45308,0
45309,0.333333333333333
45311,0.361111111111111
45313,0.111111111111111
45314,0.222222222222222
45319,0.111111111111111
45326,0.166666666666667
45333,0.277777777777778
45334,0.0833333333333333
45340,0.0833333333333333
45343,0.138888888888889
45348,0.0277777777777778
45351,0.121212121212121
45356,0.655172413793103
45360,0
45363,0.0555555555555556
45365,0.138888888888889
45366,0.472222222222222
45367,0.242424242424242
45368,0.111111111111111
45371,0.176470588235294
45375,0.0555555555555556
45387,0.0571428571428571
45391,0.25
45392,0.0606060606060606
45393,0.0277777777777778
45401,0.111111111111111
45404,0.117647058823529
45407,0.222222222222222
45410,0.166666666666667
45417,0.277777777777778
45420,0.138888888888889
45421,0.0833333333333333
45422,0.0833333333333333
45425,0.166666666666667
45431,0.138888888888889
45435,0.142857142857143
45437,0.138888888888889
45444,0.111111111111111
45445,0.0555555555555556
45447,0.111111111111111
45451,0.194444444444444
45458,0.0277777777777778
45462,0.166666666666667
45463,0
45468,0.277777777777778
45470,0
45471,0
45472,0.0277777777777778
45476,0.0303030303030303
45477,0.333333333333333
45482,0.111111111111111
45485,0.0277777777777778
45488,0.147058823529412
45491,0.361111111111111
45492,0.277777777777778
45496,0.194444444444444
45497,0.0909090909090909
45499,0.166666666666667
45500,0.444444444444444
45505,0
45507,0.277777777777778
45519,0.0555555555555556
45520,0.228571428571429
45523,0.222222222222222
45530,0.111111111111111
45534,0.361111111111111
45535,0.0555555555555556
45536,0.0555555555555556
45547,0.0645161290322581
45549,0.416666666666667
45550,0.0277777777777778
45553,0.305555555555556
45556,0.0833333333333333
45558,0.46875
45561,0.25
45568,0.0555555555555556
45573,0
45588,0.138888888888889
45593,0.305555555555556
45594,0.138888888888889
45596,0.257142857142857
45603,0.0277777777777778
45607,0.0277777777777778
45612,0.0833333333333333
45621,0.111111111111111
45623,0.285714285714286
45624,0.0833333333333333
45625,0.25
45628,0.121212121212121
45632,0.138888888888889
45640,0.222222222222222
45641,0.0285714285714286
45646,0.366666666666667
45648,0.222222222222222
45649,0.194444444444444
45658,0.277777777777778
45660,0.25
45664,0.0555555555555556
45675,0.542857142857143
45678,0.0833333333333333
45684,0.138888888888889
45685,0.138888888888889
45688,0.138888888888889
45691,0.0277777777777778
45703,0.166666666666667
45705,0.172413793103448
45706,0.194444444444444
45712,0.111111111111111
45724,0.194444444444444
45728,0.333333333333333
45733,0.25
45734,0.0555555555555556
45746,0
45753,0.166666666666667
45754,0.361111111111111
45755,0.194444444444444
45756,0.111111111111111
45763,0.0833333333333333
45764,0.222222222222222
45767,0.0277777777777778
45768,0.194444444444444
45772,0.428571428571429
45777,0.0277777777777778
45787,0.111111111111111
45788,0.472222222222222
45790,0.138888888888889
45801,0.366666666666667
45803,0
45804,0.222222222222222
45806,0.333333333333333
45808,0.264705882352941
45811,0.138888888888889
45815,0.305555555555556
45816,0.228571428571429
45817,0.138888888888889
45819,0.305555555555556
45823,0.166666666666667
45824,0.277777777777778
45826,0.25
45828,0.111111111111111
45829,0.4
45831,0.171428571428571
45833,0.305555555555556
45834,0.166666666666667
45835,0.0277777777777778
45836,0.0277777777777778
45838,0.0555555555555556
45842,0.222222222222222
45845,0.194444444444444
45846,0.0285714285714286
45850,0
45851,0.0277777777777778
45853,0.0833333333333333
45856,0
45857,0.277777777777778
45871,0.166666666666667
45878,0.111111111111111
45882,0.138888888888889
45883,0.0833333333333333
45884,0.222222222222222
45886,0.194444444444444
45889,0.166666666666667
45890,0.0909090909090909
45891,0.138888888888889
45894,0.111111111111111
45896,0.0555555555555556
45903,0.166666666666667
45905,0.114285714285714
45909,0.485714285714286
45910,0.111111111111111
45911,0.0277777777777778
45922,0.323529411764706
45925,0.0833333333333333
45926,0.25
45928,0.111111111111111
45933,0
45939,0.222222222222222
45943,0.0555555555555556
45950,0.2
45951,0.111111111111111
45952,0.0277777777777778
45953,0.222222222222222
45957,0.222222222222222
45959,0.388888888888889
45960,0.0606060606060606
45966,0.111111111111111
45968,0.25
45973,0
45982,0.333333333333333
45987,0.242424242424242
45989,0.305555555555556
45990,0
45992,0.257142857142857
45995,0.0555555555555556
45997,0.222222222222222
45998,0.514285714285714
46006,0.0555555555555556
46017,0.0277777777777778
46021,0.166666666666667
46028,0.305555555555556
46029,0.0555555555555556
46035,0.0833333333333333
46036,0.6
46037,0.342857142857143
46047,0.0555555555555556
46050,0.0555555555555556
46051,0.194444444444444
46059,0.2
46063,0.0833333333333333
46068,0.138888888888889
46069,0.111111111111111
46074,0.194444444444444
46075,0.222222222222222
46076,0.388888888888889
46078,0.4
46085,0.0833333333333333
46095,0.194444444444444
46097,0.25
46098,0.444444444444444
46101,0.194444444444444
46102,0.0833333333333333
46111,0.0833333333333333
46112,0.25
46120,0.0277777777777778
46123,0.411764705882353
46126,0.166666666666667
46129,0.545454545454545
46132,0.0555555555555556
46137,0.222222222222222
46138,0.428571428571429
46140,0.277777777777778
46141,0.111111111111111
46144,0.2
46145,0.25
46148,0.0555555555555556
46149,0.222222222222222
46158,0.138888888888889
46159,0.0833333333333333
46167,0.277777777777778
46168,0.0909090909090909
46169,0.428571428571429
46170,0.111111111111111
46171,0.114285714285714
46172,0.0833333333333333
46176,0.194444444444444
46180,0.0833333333333333
46184,0.138888888888889
46187,0.171428571428571
46188,0
46189,0.416666666666667
46190,0.0277777777777778
46191,0.333333333333333
46193,0.0833333333333333
46194,0.138888888888889
46196,0.171428571428571
46201,0.0833333333333333
46203,0.342857142857143
46204,0.277777777777778
46210,0.4
46217,0.277777777777778
46218,0.0833333333333333
46221,0.222222222222222
46228,0.361111111111111
46232,0.0833333333333333
46236,0.205882352941176
46238,0.303030303030303
46239,0.138888888888889
46242,0.194444444444444
46243,0.0833333333333333
46245,0.0833333333333333
46249,0.194444444444444
46251,0.0833333333333333
46252,0.333333333333333
46255,0.588235294117647
46258,0.371428571428571
46261,0.111111111111111
46262,0.166666666666667
46264,0.485714285714286
46269,0.0833333333333333
46271,0.0277777777777778
46273,0.171428571428571
46275,0.222222222222222
46281,0.0833333333333333
46282,0.0555555555555556
46283,0.257142857142857
46293,0.277777777777778
46315,0.333333333333333
46316,0.111111111111111
46317,0.0833333333333333
46322,0.166666666666667
46333,0.138888888888889
46334,0.166666666666667
46336,0.228571428571429
46337,0.138888888888889
46340,0.242424242424242
46343,0.305555555555556
46345,0
46346,0.25
46348,0.166666666666667
46359,0.342857142857143
46363,0.305555555555556
46364,0.151515151515152
46367,0.222222222222222
46368,0.277777777777778
46372,0.138888888888889
46376,0.121212121212121
46384,0.0833333333333333
46386,0.111111111111111
46388,0.472222222222222
46389,0.166666666666667
46392,0.305555555555556
46394,0.138888888888889
46397,0.0555555555555556
46398,0.138888888888889
46400,0.0303030303030303
46404,0.6
46405,0.305555555555556
46406,0.138888888888889
46408,0.0555555555555556
46410,0.0277777777777778
46412,0.212121212121212
46419,0.361111111111111
46420,0.111111111111111
46425,0.0555555555555556
46428,0.0833333333333333
46442,0.138888888888889
46447,0.176470588235294
46449,0.0555555555555556
46451,0.194444444444444
46452,0.138888888888889
46458,0.0833333333333333
46464,0.222222222222222
46465,0.0833333333333333
46468,0.138888888888889
46470,0.194444444444444
46475,0.166666666666667
46476,0.416666666666667
46477,0.393939393939394
46481,0.0833333333333333
46484,0.0833333333333333
46485,0
46490,0.0555555555555556
46491,0.393939393939394
46492,0.527777777777778
46493,0.277777777777778
46495,0.0833333333333333
46496,0.638888888888889
46497,0.388888888888889
46499,0.166666666666667
46501,0.222222222222222
46507,0.222222222222222
46509,0.277777777777778
46514,0.138888888888889
46522,0.111111111111111
46523,0.111111111111111
46526,0
46528,0.25
46531,0.194444444444444
46536,0.138888888888889
46537,0
46546,0.222222222222222
46547,0.0833333333333333
46548,0.111111111111111
46555,0.277777777777778
46559,0.277777777777778
46562,0.257142857142857
46563,0.111111111111111
46564,0.194444444444444
46569,0.314285714285714
46570,0.194444444444444
46571,0.0833333333333333
46572,0.0277777777777778
46575,0.166666666666667
46577,0
46578,0.138888888888889
46580,0.171428571428571
46589,0.361111111111111
46590,0.527777777777778
46591,0.222222222222222
46594,0.138888888888889
46595,0.166666666666667
46599,0.361111111111111
46603,0.222222222222222
46604,0.5
46606,0.0303030303030303
46609,0.0555555555555556
46616,0.25
46619,0.194444444444444
46620,0.111111111111111
46625,0.0277777777777778
46627,0.0833333333333333
46629,0.142857142857143
46634,0.333333333333333
46636,0.25
46642,0.0833333333333333
46650,0.222222222222222
46651,0.444444444444444
46656,0.416666666666667
46657,0.166666666666667
46665,0
46666,0.142857142857143
46670,0.166666666666667
46674,0.0285714285714286
46676,0.333333333333333
46682,0
46687,0.361111111111111
46688,0.138888888888889
46692,0.277777777777778
46704,0.138888888888889
46710,0
46712,0.0555555555555556
46713,0.138888888888889
46716,0.111111111111111
46722,0.111111111111111
46724,0.0606060606060606
46731,0.333333333333333
46732,0.117647058823529
46734,0.277777777777778
46753,0.151515151515152
46756,0.111111111111111
46761,0.0555555555555556
46764,0.416666666666667
46768,0.0555555555555556
46770,0.2
46776,0.194444444444444
46778,0.0277777777777778
46780,0.0833333333333333
46781,0.111111111111111
46787,0.0555555555555556
46794,0.388888888888889
46800,0.111111111111111
46805,0.363636363636364
46807,0.277777777777778
46811,0.205882352941176
46812,0.194444444444444
46814,0.333333333333333
46819,0.166666666666667
46822,0.361111111111111
46823,0.111111111111111
46825,0.138888888888889
46828,0.25
46830,0.25
46836,0.0555555555555556
46838,0.0277777777777778
46840,0.277777777777778
46843,0.0555555555555556
46846,0.0555555555555556
46851,0.111111111111111
46853,0.0555555555555556
46857,0.194444444444444
46861,0.25
46862,0
46867,0.138888888888889
46874,0.4
46875,0.166666666666667
46876,0.138888888888889
46883,0
46885,0.305555555555556
46888,0.111111111111111
46898,0.2
46899,0.0555555555555556
46900,0
46902,0.138888888888889
46906,0.0555555555555556
46907,0.314285714285714
46909,0.222222222222222
46911,0.333333333333333
46916,0.388888888888889
46922,0.277777777777778
46926,0.138888888888889
46927,0.111111111111111
46928,0.166666666666667
46933,0.194444444444444
46936,0.0588235294117647
46940,0.114285714285714
46941,0
46942,0.1
46950,0.517241379310345
46951,0.194444444444444
46954,0.0277777777777778
46955,0.0555555555555556
46961,0.305555555555556
46963,0.25
46971,0.0277777777777778
46972,0.138888888888889
46975,0.25
46979,0.138888888888889
46983,0.138888888888889
46987,0.111111111111111
46990,0.0555555555555556
46991,0.277777777777778
46992,0.361111111111111
46995,0.166666666666667
46996,0.138888888888889
47005,0.277777777777778
47010,0.514285714285714
47012,0.0555555555555556
47014,0.0555555555555556
47015,0.111111111111111
47024,0.333333333333333
47025,0.194444444444444
47026,0.305555555555556
47030,0.277777777777778
47031,0.138888888888889
47042,0.0277777777777778
47044,0.176470588235294
47046,0.25
47053,0.388888888888889
47055,0.0833333333333333
47068,0.333333333333333
47070,0.277777777777778
47073,0.194444444444444
47084,0
47086,0.111111111111111
47087,0.0277777777777778
47095,0.171428571428571
47097,0
47106,0.166666666666667
47109,0.388888888888889
47115,0.0555555555555556
47121,0.111111111111111
47127,0.111111111111111
47132,0.0277777777777778
47136,0.111111111111111
47141,0.0833333333333333
47151,0.0555555555555556
47154,0.388888888888889
47156,0.305555555555556
47157,0.0833333333333333
47163,0.457142857142857
47167,0.0833333333333333
47169,0.181818181818182
47173,0.0833333333333333
47175,0.194444444444444
47176,0.0277777777777778
47179,0.0555555555555556
47186,0.0606060606060606
47190,0.0277777777777778
47191,0.272727272727273
47203,0.166666666666667
47206,0.361111111111111
47210,0.444444444444444
47212,0.485714285714286
47216,0.0857142857142857
47222,0.0555555555555556
47224,0.305555555555556
47230,0.0833333333333333
47232,0.166666666666667
47233,0.444444444444444
47243,0.194444444444444
47254,0.194444444444444
47256,0.138888888888889
47257,0.138888888888889
47258,0.111111111111111
47262,0.0555555555555556
47264,0.416666666666667
47265,0.138888888888889
47271,0.222222222222222
47272,0.138888888888889
47273,0.277777777777778
47274,0.194444444444444
47276,0.305555555555556
47277,0.0555555555555556
47283,0.342857142857143
47286,0.484848484848485
47295,0.111111111111111
47298,0.194444444444444
47299,0.441176470588235
47303,0
47304,0.0277777777777778
47306,0.228571428571429
47308,0.25
47309,0.0833333333333333
47310,0.222222222222222
47318,0.0555555555555556
47319,0.0277777777777778
47321,0.342857142857143
47322,0.0555555555555556
47325,0.0277777777777778
47327,0.0555555555555556
47331,0.166666666666667
47334,0.222222222222222
47335,0.444444444444444
47343,0.361111111111111
47345,0
47348,0.111111111111111
47350,0
47352,0.428571428571429
47361,0.0555555555555556
47363,0.305555555555556
47365,0.166666666666667
47366,0.0833333333333333
47369,0.388888888888889
47372,0.111111111111111
47375,0.171428571428571
47377,0.0277777777777778
47380,0.0555555555555556
47382,0.166666666666667
47384,0.228571428571429
47388,0.285714285714286
47389,0.0277777777777778
47394,0.111111111111111
47396,0.138888888888889
47397,0.166666666666667
47403,0
47404,0.0277777777777778
47413,0.0277777777777778
47420,0.0833333333333333
47421,0.277777777777778
47425,0.0555555555555556
47426,0.138888888888889
47428,0.371428571428571
47432,0.0833333333333333
47438,0
47452,0.0833333333333333
47455,0.166666666666667
47464,0.305555555555556
47469,0.0555555555555556
47471,0.0277777777777778
47477,0.151515151515152
47485,0.0555555555555556
47490,0.111111111111111
47492,0.277777777777778
47500,0.138888888888889
47505,0.111111111111111
47511,0.314285714285714
47512,0
47513,0
47518,0.111111111111111
47520,0.0833333333333333
47522,0.305555555555556
47523,0.0555555555555556
47524,0.222222222222222
47527,0.138888888888889
47532,0
47533,0.0833333333333333
47534,0.0277777777777778
47537,0
47551,0.0555555555555556
47552,0.0833333333333333
47560,0.0277777777777778
47563,0.0277777777777778
47567,0.416666666666667
47572,0.166666666666667
47578,0.0555555555555556
47579,0.0277777777777778
47587,0.222222222222222
47588,0.111111111111111
47589,0.138888888888889
47594,0.277777777777778
47601,0.314285714285714
47602,0.138888888888889
47603,0.138888888888889
47607,0.0833333333333333
47610,0.272727272727273
47613,0.111111111111111
47614,0.142857142857143
47620,0.424242424242424
47621,0.166666666666667
47623,0.0277777777777778
47624,0.0833333333333333
47626,0.0555555555555556
47627,0
47631,0.147058823529412
47635,0.0833333333333333
47636,0.222222222222222
47642,0.0277777777777778
47643,0.222222222222222
47648,0.361111111111111
47650,0.138888888888889
47661,0.166666666666667
47668,0.0833333333333333
47671,0
47673,0.25
47677,0.111111111111111
47678,0.388888888888889
47685,0
47689,0.205882352941176
47696,0.205882352941176
47698,0
47699,0.416666666666667
47701,0.111111111111111
47705,0.138888888888889
47709,0.111111111111111
47715,0.222222222222222
47721,0.111111111111111
47725,0.166666666666667
47728,0.166666666666667
47730,0.0555555555555556
47740,0.25
47741,0
47746,0.111111111111111
47752,0.444444444444444
47754,0.0555555555555556
47757,0.2
47758,0.166666666666667
47759,0.0277777777777778
47770,0.0285714285714286
47771,0.333333333333333
47778,0.416666666666667
47786,0
47788,0.166666666666667
47789,0.0277777777777778
47790,0.111111111111111
47793,0.138888888888889
47795,0.514285714285714
47797,0.0833333333333333
47808,0.194444444444444
47809,0.416666666666667
47810,0.0555555555555556
47811,0.0277777777777778
47813,0.361111111111111
47814,0.0303030303030303
47815,0
47818,0.111111111111111
47819,0.0833333333333333
47821,0.277777777777778
47824,0.228571428571429
47825,0.166666666666667
47831,0.0555555555555556
47837,0.111111111111111
47841,0.25
47846,0.222222222222222
47851,0.166666666666667
47860,0.0555555555555556
47864,0
47868,0.194444444444444
47869,0.138888888888889
47872,0.0833333333333333
47874,0.142857142857143
47877,0
47880,0
47885,0.0277777777777778
47886,0.194444444444444
47887,0.2
47901,0.388888888888889
47904,0.0277777777777778
47909,0.111111111111111
47910,0.111111111111111
47911,0.111111111111111
47913,0.0277777777777778
47925,0.212121212121212
47929,0.138888888888889
47931,0.0555555555555556
47937,0.111111111111111
47939,0.166666666666667
47942,0.222222222222222
47947,0.0882352941176471
47957,0
47960,0.222222222222222
47962,0.171428571428571
47963,0.166666666666667
47972,0.0571428571428571
47976,0.0833333333333333
47977,0.194444444444444
47979,0.222222222222222
47986,0.138888888888889
47994,0.194444444444444
48002,0.138888888888889
48005,0.5
48006,0.333333333333333
48009,0.222222222222222
48010,0.222222222222222
48011,0.138888888888889
48016,0.222222222222222
48018,0.166666666666667
48021,0.277777777777778
48027,0.111111111111111
48028,0.25
48033,0.0555555555555556
48038,0
48040,0.166666666666667
48042,0.111111111111111
48047,0.111111111111111
48050,0.194444444444444
48055,0.111111111111111
48058,0.0277777777777778
48061,0.333333333333333
48062,0.0277777777777778
48065,0.416666666666667
48068,0.0833333333333333
48069,0.111111111111111
48070,0.222222222222222
48076,0.138888888888889
48086,0.277777777777778
48097,0.0277777777777778
48098,0.15625
48100,0.1
48101,0.138888888888889
48108,0.314285714285714
48125,0.0303030303030303
48133,0.111111111111111
48135,0.222222222222222
48140,0.222222222222222
48143,0.212121212121212
48146,0.2
48151,0.0833333333333333
48153,0.416666666666667
48156,0.111111111111111
48159,0.444444444444444
48162,0.25
48164,0.0277777777777778
48167,0.0571428571428571
48175,0.111111111111111
48176,0.305555555555556
48182,0.166666666666667
48190,0.277777777777778
48193,0.138888888888889
48194,0.0833333333333333
48200,0.0833333333333333
48203,0.2
48208,0.111111111111111
48211,0.212121212121212
48213,0.25
48217,0.194444444444444
48223,0.194444444444444
48224,0
48247,0.111111111111111
48248,0.0277777777777778
48249,0.138888888888889
48251,0.111111111111111
48253,0.151515151515152
48256,0.0555555555555556
48257,0.444444444444444
48260,0.0555555555555556
48265,0.205882352941176
48271,0.294117647058824
48272,0.0555555555555556
48276,0.111111111111111
48277,0.111111111111111
48278,0.138888888888889
48279,0.0909090909090909
48282,0.0833333333333333
48284,0.0833333333333333
48289,0.138888888888889
48297,0.0833333333333333
48298,0.0277777777777778
48306,0.166666666666667
48313,0.194444444444444
48314,0.138888888888889
48320,0.352941176470588
48322,0.257142857142857
48325,0.0555555555555556
48327,0.142857142857143
48335,0.0555555555555556
48337,0.138888888888889
48338,0.111111111111111
48346,0.0833333333333333
48350,0.0833333333333333
48354,0.166666666666667
48362,0.166666666666667
48365,0.285714285714286
48368,0.194444444444444
48370,0.0833333333333333
48374,0.138888888888889
48389,0
48391,0.0277777777777778
48398,0.333333333333333
48401,0.0555555555555556
48404,0.111111111111111
48407,0.5
48408,0.142857142857143
48413,0.0555555555555556
48414,0.388888888888889
48423,0.138888888888889
48424,0.333333333333333
48427,0.333333333333333
48429,0.2
48433,0.25
48438,0.0833333333333333
48449,0.314285714285714
48450,0.34375
48451,0.277777777777778
48452,0.444444444444444
48453,0.0555555555555556
48455,0.111111111111111
48458,0.111111111111111
48466,0.171428571428571
48471,0.277777777777778
48473,0.2
48486,0.166666666666667
48492,0.205882352941176
48494,0.114285714285714
48495,0.111111111111111
48496,0.111111111111111
48500,0.0277777777777778
48501,0.142857142857143
48502,0.138888888888889
48503,0.111111111111111
48504,0.305555555555556
48513,0
48516,0.222222222222222
48518,0.0277777777777778
48522,0.0277777777777778
48531,0.194444444444444
48532,0.194444444444444
48543,0.485714285714286
48552,0.0555555555555556
48553,0.277777777777778
48554,0
48557,0.142857142857143
48558,0
48561,0.583333333333333
48562,0.305555555555556
48565,0.0833333333333333
48567,0.0555555555555556
48571,0.0833333333333333
48576,0.0833333333333333
48588,0.0277777777777778
48589,0.25
48592,0.0555555555555556
48594,0.2
48596,0.0833333333333333
48597,0.166666666666667
48599,0.0555555555555556
48605,0.0555555555555556
48606,0.0277777777777778
48609,0.333333333333333
48616,0.342857142857143
48617,0.0555555555555556
48622,0.527777777777778
48623,0.138888888888889
48626,0.0277777777777778
48629,0.305555555555556
48632,0.277777777777778
48633,0.514285714285714
48636,0.277777777777778
48640,0.0277777777777778
48641,0.0555555555555556
48642,0.0833333333333333
48643,0.166666666666667
48645,0.0277777777777778
48646,0.0833333333333333
48648,0.277777777777778
48655,0
48657,0.277777777777778
48658,0.361111111111111
48659,0.0277777777777778
48666,0.111111111111111
48668,0.0833333333333333
48670,0.0277777777777778
48671,0.0833333333333333
48672,0.0571428571428571
48691,0.0555555555555556
48696,0.0833333333333333
48704,0.111111111111111
48705,0.111111111111111
48710,0.166666666666667
48715,0.138888888888889
48716,0.171428571428571
48718,0.0555555555555556
48726,0.0277777777777778
48729,0.166666666666667
48731,0.472222222222222
48737,0.111111111111111
48740,0.388888888888889
48744,0.194444444444444
48751,0.138888888888889
48755,0.0277777777777778
48756,0.194444444444444
48763,0.371428571428571
48765,0.416666666666667
48766,0.0833333333333333
48784,0.388888888888889
48786,0.111111111111111
48788,0.166666666666667
48796,0.305555555555556
48797,0.0571428571428571
48803,0.0277777777777778
48804,0.114285714285714
48805,0.25
48813,0.111111111111111
48819,0.166666666666667
48820,0.277777777777778
48821,0.0833333333333333
48823,0.111111111111111
48826,0.228571428571429
48827,0.333333333333333
48833,0.166666666666667
48844,0.0833333333333333
48846,0
48851,0.333333333333333
48853,0.194444444444444
48858,0.485714285714286
48859,0.0833333333333333
48860,0.25
48864,0.194444444444444
48866,0.0833333333333333
48871,0.138888888888889
48876,0.222222222222222
48884,0.0555555555555556
48886,0.0555555555555556
48887,0.114285714285714
48889,0.166666666666667
48905,0.0909090909090909
48917,0.0833333333333333
48924,0.0277777777777778
48927,0.114285714285714
48932,0.111111111111111
48934,0.0833333333333333
48939,0.0555555555555556
48948,0.25
48949,0.333333333333333
48951,0.0277777777777778
48953,0.305555555555556
48954,0.166666666666667
48957,0.194444444444444
48962,0.257142857142857
48964,0.361111111111111
48968,0.457142857142857
48974,0.0555555555555556
48985,0.382352941176471
48986,0.323529411764706
48991,0.222222222222222
49000,0.0555555555555556
49001,0.277777777777778
49003,0.0833333333333333
49004,0.0555555555555556
49008,0.166666666666667
49009,0.2
49013,0.0833333333333333
49016,0.242424242424242
49021,0
49026,0.233333333333333
49028,0
49034,0.0833333333333333
49035,0.111111111111111
49039,0.171428571428571
49040,0.0555555555555556
49043,0.277777777777778
49050,0.138888888888889
49052,0
49053,0.0277777777777778
49056,0
49058,0.166666666666667
49061,0.0571428571428571
49066,0.0833333333333333
49067,0.222222222222222
49069,0.0277777777777778
49071,0.138888888888889
49074,0.138888888888889
49075,0.305555555555556
49076,0.0833333333333333
49077,0.166666666666667
49080,0.114285714285714
49084,0.138888888888889
49086,0.222222222222222
49087,0.111111111111111
49092,0.111111111111111
49095,0.0555555555555556
49098,0.361111111111111
49100,0.138888888888889
49103,0
49105,0.0277777777777778
49106,0.277777777777778
49113,0.277777777777778
49116,0.0833333333333333
49120,0.0555555555555556
49121,0.257142857142857
49131,0.111111111111111
49136,0.424242424242424
49137,0.222222222222222
49146,0
49147,0.114285714285714
49149,0.111111111111111
49150,0.222222222222222
49151,0.314285714285714
49159,0.428571428571429
49160,0.111111111111111
49161,0.0833333333333333
49163,0.133333333333333
49165,0.0555555555555556
49166,0.194444444444444
49170,0.194444444444444
49172,0.0555555555555556
49177,0.361111111111111
49180,0.0555555555555556
49181,0.342857142857143
49187,0.222222222222222
49193,0.222222222222222
49196,0.25
49198,0.0277777777777778
49201,0.0277777777777778
49204,0.310344827586207
49212,0.222222222222222
49219,0.194444444444444
49220,0
49228,0
49242,0.0277777777777778
49243,0.222222222222222
49247,0.166666666666667
49250,0.111111111111111
49255,0.138888888888889
49256,0.361111111111111
49258,0.166666666666667
49266,0.194444444444444
49271,0.0833333333333333
49272,0.138888888888889
49280,0.305555555555556
49281,0.166666666666667
49285,0.194444444444444
49292,0.0555555555555556
49294,0.194444444444444
49295,0.25
49297,0.0555555555555556
49299,0.0277777777777778
49301,0.333333333333333
49307,0.138888888888889
49309,0.0555555555555556
49312,0.444444444444444
49321,0
49323,0.277777777777778
49324,0.0555555555555556
49331,0.166666666666667
49333,0.194444444444444
49334,0.0833333333333333
49335,0.0277777777777778
49338,0.0555555555555556
49339,0.222222222222222
49363,0.0277777777777778
49366,0.333333333333333
49373,0.25
49374,0.0277777777777778
49375,0.515151515151515
49386,0.0277777777777778
49391,0.0277777777777778
49392,0.111111111111111
49398,0.222222222222222
49401,0.0555555555555556
49405,0.0555555555555556
49410,0.0277777777777778
49411,0.277777777777778
49413,0.166666666666667
49416,0.222222222222222
49419,0.305555555555556
49432,0.0555555555555556
49433,0.0277777777777778
49435,0.0277777777777778
49436,0.0833333333333333
49437,0.138888888888889
49484,0.388888888888889
49486,0.138888888888889
49489,0.0277777777777778
49491,0.382352941176471
49492,0
49502,0.416666666666667
49505,0.138888888888889
49507,0.133333333333333
49521,0.4
49522,0.0833333333333333
49523,0.166666666666667
49527,0.111111111111111
49540,0.111111111111111
49546,0.0833333333333333
49552,0.416666666666667
49555,0.333333333333333
49557,0.194444444444444
49559,0.222222222222222
49561,0.111111111111111
49562,0.111111111111111
49565,0.0555555555555556
49567,0
49568,0.0833333333333333
49571,0.0833333333333333
49573,0.194444444444444
49576,0.0833333333333333
49584,0.138888888888889
49585,0.111111111111111
49589,0.0833333333333333
49590,0
49591,0.333333333333333
49593,0.0555555555555556
49598,0.4
49602,0
49608,0.25
49609,0.194444444444444
49618,0.166666666666667
49619,0.333333333333333
49622,0.111111111111111
49624,0.277777777777778
49628,0.0555555555555556
49629,0
49633,0.257142857142857
49636,0.166666666666667
49638,0.117647058823529
49639,0.111111111111111
49641,0.166666666666667
49644,0.0833333333333333
49654,0.0277777777777778
49659,0.138888888888889
49662,0.0277777777777778
49664,0.166666666666667
49670,0.222222222222222
49673,0.266666666666667
49674,0.0277777777777778
49676,0.111111111111111
49682,0.428571428571429
49689,0.0833333333333333
49698,0.333333333333333
49704,0.166666666666667
49707,0.388888888888889
49708,0
49709,0.121212121212121
49711,0.114285714285714
49719,0.472222222222222
49721,0.138888888888889
49723,0.0833333333333333
49725,0.0555555555555556
49728,0.194444444444444
49732,0.0833333333333333
49735,0.228571428571429
49736,0.138888888888889
49737,0.166666666666667
49741,0.138888888888889
49742,0.0277777777777778
49743,0.111111111111111
49745,0.171428571428571
49746,0.25
49749,0
49752,0.138888888888889
49754,0.305555555555556
49758,0.388888888888889
49764,0.5
49767,0.0277777777777778
49770,0.166666666666667
49772,0.194444444444444
49773,0
49785,0.222222222222222
49792,0.0277777777777778
49795,0.382352941176471
49799,0.305555555555556
49801,0.161290322580645
49803,0.314285714285714
49804,0.166666666666667
49810,0.25
49815,0.138888888888889
49816,0.257142857142857
49818,0.0277777777777778
49821,0.194444444444444
49825,0.5
49827,0.228571428571429
49838,0.0555555555555556
49841,0.166666666666667
49843,0.257142857142857
49847,0.382352941176471
49849,0.25
49853,0.361111111111111
49856,0.0833333333333333
49857,0.222222222222222
49860,0.233333333333333
49871,0.222222222222222
49873,0
49875,0.166666666666667
49876,0.285714285714286
49879,0.166666666666667
49880,0.25
49882,0.416666666666667
49884,0.0277777777777778
49887,0.111111111111111
49890,0.111111111111111
49895,0.138888888888889
49899,0.138888888888889
49900,0.111111111111111
49901,0.0833333333333333
49906,0.305555555555556
49909,0
49912,0.314285714285714
49920,0.0277777777777778
49924,0.166666666666667
49932,0.0555555555555556
49938,0.472222222222222
49944,0.138888888888889
49945,0.0277777777777778
49947,0.277777777777778
49948,0.166666666666667
49957,0.0833333333333333
49961,0.0555555555555556
49971,0.0555555555555556
49973,0.194444444444444
49974,0.138888888888889
49976,0
49986,0.0833333333333333
49995,0.138888888888889
49996,0.138888888888889
50001,0.0277777777777778
50004,0.2
50007,0.111111111111111
50015,0.194444444444444
50021,0.264705882352941
50023,0.138888888888889
50026,0
50029,0.305555555555556
50031,0.138888888888889
50037,0.0833333333333333
50038,0.166666666666667
50039,0.0833333333333333
50040,0.0277777777777778
50041,0.111111111111111
50043,0.388888888888889
50049,0.0555555555555556
50050,0.222222222222222
50051,0.416666666666667
50052,0.0277777777777778
50055,0.166666666666667
50057,0
50058,0.242424242424242
50060,0.361111111111111
50067,0.111111111111111
50070,0.0277777777777778
50072,0.0606060606060606
50074,0.0277777777777778
50079,0.222222222222222
50084,0.388888888888889
50093,0.305555555555556
50096,0
50100,0.527777777777778
50101,0.4
50102,0.222222222222222
50108,0.111111111111111
50109,0.194444444444444
50111,0.0277777777777778
50112,0.333333333333333
50113,0.0833333333333333
50121,0.111111111111111
50122,0.194444444444444
50131,0.0555555555555556
50133,0.166666666666667
50135,0.0833333333333333
50140,0.472222222222222
50142,0
50144,0
50151,0.0277777777777778
50165,0
50169,0.166666666666667
50170,0.444444444444444
50175,0
50182,0.0277777777777778
50185,0.194444444444444
50187,0.0277777777777778
50189,0.0277777777777778
50194,0.166666666666667
50195,0.0277777777777778
50196,0.0555555555555556
50201,0.0606060606060606
50208,0.0277777777777778
50212,0.151515151515152
50221,0.411764705882353
50228,0.222222222222222
50229,0
50233,0.305555555555556
50238,0.0555555555555556
50240,0.0833333333333333
50251,0.166666666666667
50252,0.194444444444444
50260,0
50266,0.194444444444444
50274,0.194444444444444
50275,0.114285714285714
50276,0.3
50277,0.0555555555555556
50278,0.388888888888889
50279,0.25
50280,0.111111111111111
50294,0.0833333333333333
50303,0.277777777777778
50319,0.138888888888889
50321,0.138888888888889
50323,0.342857142857143
50324,0.333333333333333
50332,0.305555555555556
50333,0.111111111111111
50335,0.388888888888889
50340,0.444444444444444
50341,0.305555555555556
50342,0.694444444444444
50346,0.0833333333333333
50354,0.166666666666667
50362,0.0555555555555556
50365,0.361111111111111
50369,0.25
50370,0.514285714285714
50374,0.138888888888889
50375,0.194444444444444
50380,0.147058823529412
50381,0.411764705882353
50383,0.194444444444444
50385,0.111111111111111
50390,0.0555555555555556
50411,0.222222222222222
50419,0.0833333333333333
50423,0.138888888888889
50424,0.285714285714286
50428,0.0833333333333333
50429,0.111111111111111
50430,0
50431,0.166666666666667
50432,0.166666666666667
50437,0.0833333333333333
50439,0.111111111111111
50441,0.171428571428571
50444,0
50450,0.222222222222222
50457,0
50463,0.25
50466,0.111111111111111
50477,0.0833333333333333
50478,0.0277777777777778
50479,0.25
50480,0.0277777777777778
50481,0.388888888888889
50482,0.111111111111111
50484,0.111111111111111
50485,0.228571428571429
50487,0.138888888888889
50491,0.166666666666667
50498,0.333333333333333
50499,0.111111111111111
50505,0.114285714285714
50507,0.485714285714286
50508,0.138888888888889
50509,0.0833333333333333
50514,0.0833333333333333
50517,0.0833333333333333
50526,0.228571428571429
50528,0.0285714285714286
50529,0.228571428571429
50531,0.25
50532,0.0277777777777778
50535,0.0555555555555556
50536,0.333333333333333
50537,0.305555555555556
50545,0.0277777777777778
50546,0.0833333333333333
50548,0.166666666666667
50549,0.111111111111111
50551,0.583333333333333
50552,0.0277777777777778
50554,0.0555555555555556
50556,0.5
50557,0.0277777777777778
50558,0.166666666666667
50559,0.222222222222222
50560,0.111111111111111
50561,0.0555555555555556
50570,0.0555555555555556
50571,0.0303030303030303
50577,0.222222222222222
50585,0.138888888888889
50587,0.111111111111111
50593,0.272727272727273
50595,0
50603,0.4375
50605,0.0833333333333333
50606,0.166666666666667
50608,0.111111111111111
50609,0.0277777777777778
50615,0.0277777777777778
50624,0
50625,0.305555555555556
50635,0.0277777777777778
50638,0.138888888888889
50641,0.444444444444444
50644,0.0555555555555556
50650,0.0909090909090909
50651,0.222222222222222
50652,0.0833333333333333
50658,0.514285714285714
50659,0.111111111111111
50664,0
50665,0.0555555555555556
50672,0.0555555555555556
50674,0.166666666666667
50676,0.25
50678,0.257142857142857
50679,0.5
50690,0.0833333333333333
50695,0
50696,0.0555555555555556
50698,0.444444444444444
50703,0.257142857142857
50710,0.194444444444444
50711,0.166666666666667
50712,0.0833333333333333
50714,0.25
50723,0.416666666666667
50727,0.305555555555556
50730,0.555555555555556
50733,0.0833333333333333
50740,0.0555555555555556
50747,0.166666666666667
50750,0.0277777777777778
50752,0.111111111111111
50754,0.0555555555555556
50755,0.111111111111111
50762,0.111111111111111
50765,0.111111111111111
50766,0.0277777777777778
50771,0.0833333333333333
50774,0.151515151515152
50779,0.166666666666667
50780,0.111111111111111
50781,0.138888888888889
50785,0.0333333333333333
50787,0.222222222222222
50788,0
50790,0.0833333333333333
50792,0.277777777777778
50794,0.0555555555555556
50806,0.0277777777777778
50809,0.25
50810,0.0555555555555556
50813,0.388888888888889
50820,0.0833333333333333
50823,0.416666666666667
50827,0.166666666666667
50831,0
50832,0.25
50833,0.194444444444444
50835,0.0277777777777778
50837,0
50849,0.0277777777777778
50855,0.121212121212121
50857,0.0555555555555556
50858,0.0555555555555556
50859,0.111111111111111
50860,0.424242424242424
50864,0.222222222222222
50875,0.166666666666667
50878,0.305555555555556
50879,0.166666666666667
50880,0.0277777777777778
50887,0.25
50888,0.428571428571429
50889,0.0277777777777778
50894,0.0277777777777778
50897,0.0833333333333333
50901,0.166666666666667
50902,0.333333333333333
50905,0
50910,0.25
50927,0.114285714285714
50934,0.138888888888889
50935,0
50936,0.0833333333333333
50939,0.0277777777777778
50942,0.257142857142857
50949,0.111111111111111
50950,0.0833333333333333
50958,0.222222222222222
50967,0.111111111111111
50968,0.555555555555556
50974,0.388888888888889
50975,0.444444444444444
50985,0.0277777777777778
50989,0.457142857142857
50998,0.0555555555555556
50999,0.2
51003,0.0277777777777778
51006,0.114285714285714
51008,0.194444444444444
51009,0.0833333333333333
51010,0.111111111111111
51012,0.111111111111111
51014,0.361111111111111
51018,0.277777777777778
51019,0.166666666666667
51023,0.138888888888889
51024,0.222222222222222
51027,0
51029,0.111111111111111
51038,0.166666666666667
51042,0.194444444444444
51044,0.277777777777778
51046,0.138888888888889
51048,0.166666666666667
51054,0.111111111111111
51058,0.416666666666667
51064,0.0555555555555556
51065,0.0555555555555556
51071,0.222222222222222
51073,0.416666666666667
51077,0.166666666666667
51089,0
51094,0.194444444444444
51098,0.0555555555555556
51100,0.138888888888889
51102,0.0555555555555556
51107,0.333333333333333
51110,0.0857142857142857
51113,0
51124,0.0833333333333333
51127,0.194444444444444
51131,0
51137,0.0277777777777778
51140,0.138888888888889
51143,0
51144,0.222222222222222
51147,0.138888888888889
51148,0
51153,0
51155,0.0277777777777778
51156,0.0571428571428571
51157,0.166666666666667
51158,0.0555555555555556
51165,0.0277777777777778
51174,0.0277777777777778
51175,0.138888888888889
51176,0.138888888888889
51180,0.0555555555555556
51185,0.138888888888889
51190,0.0833333333333333
51195,0.166666666666667
51197,0.222222222222222
51200,0.0555555555555556
51201,0
51203,0.0277777777777778
51204,0.138888888888889
51205,0.171428571428571
51213,0.194444444444444
51227,0.171428571428571
51234,0.166666666666667
51237,0.485714285714286
51238,0.0833333333333333
51241,0.111111111111111
51246,0.266666666666667
51249,0.484848484848485
51258,0.333333333333333
51264,0.166666666666667
51266,0.114285714285714
51267,0.444444444444444
51273,0.194444444444444
51280,0.166666666666667
51282,0.138888888888889
51286,0.194444444444444
51287,0.0833333333333333
51290,0
51300,0.138888888888889
51302,0.138888888888889
51307,0.0833333333333333
51320,0.0555555555555556
51323,0.305555555555556
51324,0.222222222222222
51325,0.142857142857143
51328,0.333333333333333
51332,0.441176470588235
51336,0.111111111111111
51340,0.235294117647059
51346,0.0833333333333333
51347,0.166666666666667
51348,0.166666666666667
51351,0.0555555555555556
51356,0.0277777777777778
51357,0.171428571428571
51360,0.305555555555556
51361,0.194444444444444
51365,0.138888888888889
51371,0.0277777777777778
51377,0.0555555555555556
51378,0.0555555555555556
51379,0.138888888888889
51380,0.0277777777777778
51384,0.194444444444444
51392,0.138888888888889
51394,0.111111111111111
51395,0.111111111111111
51396,0.171428571428571
51407,0.138888888888889
51411,0.0833333333333333
51412,0.0833333333333333
51413,0.0277777777777778
51415,0.0555555555555556
51417,0.733333333333333
51420,0.166666666666667
51423,0.0833333333333333
51427,0.166666666666667
51428,0.333333333333333
51430,0.277777777777778
51434,0.166666666666667
51444,0.09375
51446,0.472222222222222
51451,0.333333333333333
51459,0.0833333333333333
51465,0.138888888888889
51466,0.333333333333333
51472,0.166666666666667
51473,0.194444444444444
51474,0.166666666666667
51478,0.361111111111111
51482,0
51483,0.111111111111111
51484,0.222222222222222
51487,0.444444444444444
51490,0.0277777777777778
51493,0.0555555555555556
51494,0.138888888888889
51497,0.194444444444444
51498,0.138888888888889
51503,0.0277777777777778
51510,0.0833333333333333
51512,0.25
51514,0.111111111111111
51515,0.111111111111111
51521,0
51522,0.194444444444444
51527,0.0277777777777778
51545,0.0555555555555556
51551,0.0833333333333333
51555,0
51558,0.0833333333333333
51560,0.0555555555555556
51564,0.0277777777777778
51568,0.222222222222222
51569,0
51570,0.0555555555555556
51572,0.444444444444444
51576,0.457142857142857
51581,0.428571428571429
51583,0.314285714285714
51584,0.111111111111111
51585,0.171428571428571
51590,0.0277777777777778
51592,0.344827586206897
51593,0.194444444444444
51596,0.111111111111111
51604,0
51606,0.222222222222222
51610,0.228571428571429
51611,0.0277777777777778
51614,0.228571428571429
51616,0.333333333333333
51617,0.0833333333333333
51619,0.138888888888889
51620,0.0277777777777778
51622,0.138888888888889
51623,0.305555555555556
51628,0.527777777777778
51633,0.0555555555555556
51635,0.138888888888889
51645,0.111111111111111
51654,0.166666666666667
51656,0.0277777777777778
51657,0.0277777777777778
51661,0.277777777777778
51664,0.0555555555555556
51666,0.0277777777777778
51667,0.194444444444444
51668,0.277777777777778
51669,0.138888888888889
51675,0.166666666666667
51678,0.138888888888889
51680,0.0833333333333333
51685,0.166666666666667
51687,0.166666666666667
51690,0.25
51691,0
51692,0.0833333333333333
51693,0.0303030303030303
51696,0.142857142857143
51704,0.0277777777777778
51707,0.114285714285714
51711,0.235294117647059
51713,0.388888888888889
51714,0.111111111111111
51718,0.0277777777777778
51728,0.111111111111111
51730,0.121212121212121
51735,0.166666666666667
51736,0.138888888888889
51737,0.0833333333333333
51740,0.0833333333333333
51747,0.305555555555556
51748,0.428571428571429
51752,0.485714285714286
51754,0.111111111111111
51768,0.0555555555555556
51770,0.111111111111111
51778,0.0857142857142857
51780,0.0555555555555556
51784,0.0833333333333333
51790,0.138888888888889
51796,0.0555555555555556
51798,0.0277777777777778
51799,0.0277777777777778
51803,0.138888888888889
51804,0.416666666666667
51806,0.2
51807,0.0285714285714286
51817,0.166666666666667
51818,0
51819,0.25
51820,0.533333333333333
51823,0.222222222222222
51834,0.285714285714286
51836,0.25
51845,0.25
51848,0.0555555555555556
51854,0.4
51855,0.0857142857142857
51856,0.222222222222222
51861,0.314285714285714
51863,0.285714285714286
51866,0.194444444444444
51875,0.0555555555555556
51877,0
51878,0.0833333333333333
51883,0.194444444444444
51888,0.0833333333333333
51889,0.111111111111111
51891,0.266666666666667
51892,0
51893,0.222222222222222
51895,0.444444444444444
51900,0.25
51905,0.264705882352941
51909,0.666666666666667
51916,0.138888888888889
51919,0.0555555555555556
51921,0.138888888888889
51925,0.272727272727273
51928,0.111111111111111
51929,0.361111111111111
51933,0.0833333333333333
51936,0
51942,0.166666666666667
51948,0.151515151515152
51951,0.0555555555555556
51964,0.0555555555555556
51967,0.138888888888889
51972,0.1
51974,0.0555555555555556
51975,0.0833333333333333
51976,0.0833333333333333
51981,0
51985,0.0555555555555556
51995,0.138888888888889
51997,0.0277777777777778
52002,0.25
52008,0.0833333333333333
52012,0.111111111111111
52023,0.222222222222222
52027,0.0555555555555556
52031,0.222222222222222
52042,0.194444444444444
52043,0.0555555555555556
52051,0.0833333333333333
52053,0.514285714285714
52057,0.25
52065,0.138888888888889
52067,0.138888888888889
52068,0.0277777777777778
52073,0.0857142857142857
52078,0.305555555555556
52081,0.194444444444444
52084,0.142857142857143
52085,0.0555555555555556
52086,0.138888888888889
52088,0.0833333333333333
52090,0.138888888888889
52094,0.28125
52096,0.571428571428571
52099,0.0555555555555556
52103,0.176470588235294
52104,0.333333333333333
52106,0.0555555555555556
52109,0.277777777777778
52111,0
52112,0.0555555555555556
52113,0.212121212121212
52119,0.194444444444444
52122,0.166666666666667
52125,0.0606060606060606
52126,0.0833333333333333
52127,0.171428571428571
52129,0.0555555555555556
52134,0.25
52135,0.25
52137,0.111111111111111
52146,0.0277777777777778
52149,0.117647058823529
52152,0.111111111111111
52154,0.166666666666667
52157,0.0555555555555556
52160,0.444444444444444
52161,0.277777777777778
52162,0.111111111111111
52164,0.0285714285714286
52166,0.277777777777778
52168,0.138888888888889
52172,0.114285714285714
52173,0
52175,0.0833333333333333
52182,0.277777777777778
52188,0.305555555555556
52191,0.0833333333333333
52192,0.138888888888889
52193,0.0277777777777778
52202,0.138888888888889
52203,0.0833333333333333
52207,0
52212,0.0277777777777778
52213,0.424242424242424
52215,0.0833333333333333
52216,0.0833333333333333
52221,0.472222222222222
52226,0.305555555555556
52227,0
52229,0.166666666666667
52231,0.0833333333333333
52233,0.138888888888889
52243,0.0833333333333333
52248,0.472222222222222
52250,0.111111111111111
52255,0.28125
52266,0.194444444444444
52267,0.212121212121212
52271,0.138888888888889
52273,0.138888888888889
52275,0.0277777777777778
52276,0
52282,0
52283,0.0833333333333333
52284,0.277777777777778
52289,0.194444444444444
52293,0.0555555555555556
52296,0.444444444444444
52299,0.0833333333333333
52304,0.166666666666667
52307,0.0555555555555556
52308,0.222222222222222
52310,0.194444444444444
52315,0.305555555555556
52316,0.0833333333333333
52321,0.138888888888889
52322,0.111111111111111
52333,0.0277777777777778
52334,0.25
52337,0.305555555555556
52339,0.0277777777777778
52340,0.0277777777777778
52343,0.138888888888889
52348,0.0277777777777778
52350,0.323529411764706
52351,0.361111111111111
52369,0.222222222222222
52372,0.0277777777777778
52375,0.444444444444444
52377,0.305555555555556
52381,0.0277777777777778
52384,0.0833333333333333
52391,0.194444444444444
52397,0.0277777777777778
52399,0.222222222222222
52400,0.0909090909090909
52408,0.0277777777777778
52411,0.0555555555555556
52413,0.25
52416,0.0555555555555556
52417,0.382352941176471
52422,0.583333333333333
52423,0.194444444444444
52434,0.166666666666667
52439,0.0277777777777778
52444,0.277777777777778
52446,0.194444444444444
52450,0.0555555555555556
52453,0.222222222222222
52458,0.25
52462,0.138888888888889
52466,0.222222222222222
52469,0.111111111111111
52473,0.194444444444444
52490,0.111111111111111
52492,0.222222222222222
52494,0.25
52496,0
52497,0.361111111111111
52499,0.0555555555555556
52503,0.166666666666667
52509,0.111111111111111
52510,0
52513,0.111111111111111
52516,0.194444444444444
52517,0.138888888888889
52523,0
52524,0.222222222222222
52525,0.222222222222222
52532,0.277777777777778
52537,0.0277777777777778
52539,0.428571428571429
52541,0.0303030303030303
52543,0.0277777777777778
52545,0.0833333333333333
52547,0.25
52549,0.0555555555555556
52550,0.0555555555555556
52553,0.4
52557,0.166666666666667
52560,0.0555555555555556
52561,0.194444444444444
52565,0.0555555555555556
52566,0.166666666666667
52571,0.194444444444444
52572,0.0833333333333333
52576,0.294117647058824
52577,0.0833333333333333
52579,0.388888888888889
52581,0.0555555555555556
52583,0.0555555555555556
52586,0.0555555555555556
52587,0.277777777777778
52589,0.222222222222222
52591,0.0277777777777778
52592,0.0277777777777778
52597,0.484848484848485
52602,0.205882352941176
52605,0.305555555555556
52607,0.0833333333333333
52608,0.428571428571429
52609,0.0277777777777778
52611,0
52617,0.166666666666667
52619,0.361111111111111
52624,0.472222222222222
52625,0.4
52626,0.222222222222222
52629,0.333333333333333
52630,0.111111111111111
52632,0.25
52635,0.4
52638,0.0555555555555556
52643,0.0277777777777778
52645,0.25
52652,0.222222222222222
52653,0.25
52655,0.277777777777778
52656,0.0285714285714286
52658,0.0555555555555556
52660,0.305555555555556
52661,0.138888888888889
52665,0.25
52671,0.4
52674,0.171428571428571
52679,0.176470588235294
52682,0.235294117647059
52687,0.277777777777778
52688,0.305555555555556
52690,0.0277777777777778
52691,0.277777777777778
52695,0.0303030303030303
52700,0.0833333333333333
52708,0
52715,0.416666666666667
52718,0.222222222222222
52719,0.166666666666667
52721,0.277777777777778
52723,0.166666666666667
52726,0.138888888888889
52728,0.0277777777777778
52730,0.138888888888889
52739,0.333333333333333
52741,0.194444444444444
52745,0.0857142857142857
52751,0.111111111111111
52756,0.111111111111111
52759,0.166666666666667
52761,0.0833333333333333
52764,0.277777777777778
52766,0.0277777777777778
52773,0.166666666666667
52775,0.222222222222222
52786,0.111111111111111
52793,0.388888888888889
52794,0.0571428571428571
52795,0.388888888888889
52808,0.416666666666667
52813,0.0277777777777778
52814,0.0833333333333333
52815,0.138888888888889
52822,0.138888888888889
52827,0.303030303030303
52835,0.222222222222222
52838,0.0833333333333333
52839,0.222222222222222
52841,0.277777777777778
52847,0.5
52848,0.416666666666667
52849,0.0277777777777778
52853,0.166666666666667
52856,0.111111111111111
52858,0.166666666666667
52864,0.0909090909090909
52865,0.277777777777778
52866,0.166666666666667
52874,0.0277777777777778
52878,0.0277777777777778
52881,0.305555555555556
52882,0.222222222222222
52883,0.25
52895,0.0555555555555556
52902,0.125
52903,0.222222222222222
52909,0.305555555555556
52919,0.166666666666667
52929,0.555555555555556
52931,0.111111111111111
52935,0.0833333333333333
52936,0.2
52942,0.194444444444444
52952,0.166666666666667
52961,0.166666666666667
52964,0.194444444444444
52967,0.166666666666667
52971,0.166666666666667
52976,0.194444444444444
52977,0.194444444444444
52989,0.0277777777777778
53000,0.0277777777777778
53006,0.0833333333333333
53008,0.303030303030303
53009,0.111111111111111
53010,0
53011,0.111111111111111
53012,0.0285714285714286
53025,0.111111111111111
53027,0.0833333333333333
53035,0.222222222222222
53038,0.138888888888889
53041,0.0833333333333333
53043,0.277777777777778
53044,0
53051,0.0277777777777778
53054,0.0555555555555556
53058,0.121212121212121
53068,0.0555555555555556
53075,0.444444444444444
53084,0.2
53092,0.0833333333333333
53093,0.342857142857143
53095,0.277777777777778
53096,0.305555555555556
53098,0.111111111111111
53100,0.0833333333333333
53101,0.371428571428571
53102,0.0833333333333333
53103,0.25
53110,0.0555555555555556
53114,0.638888888888889
53116,0.285714285714286
53121,0.0857142857142857
53124,0.361111111111111
53125,0.0833333333333333
53132,0.181818181818182
53139,0.138888888888889
53142,0.485714285714286
53143,0.0277777777777778
53154,0.416666666666667
53168,0.517241379310345
53169,0.277777777777778
53171,0.194444444444444
53176,0.242424242424242
53177,0.111111111111111
53178,0.277777777777778
53180,0.285714285714286
53182,0.0555555555555556
53184,0.0833333333333333
53186,0.277777777777778
53188,0.0277777777777778
53189,0.166666666666667
53191,0.111111111111111
53193,0.277777777777778
53195,0.222222222222222
53198,0.0833333333333333
53199,0.0555555555555556
53206,0.194444444444444
53207,0.0277777777777778
53215,0.0833333333333333
53219,0.222222222222222
53220,0.138888888888889
53222,0.25
53226,0.0833333333333333
53227,0.0833333333333333
53234,0.0277777777777778
53236,0.0833333333333333
53237,0.0833333333333333
53239,0.25
53242,0.514285714285714
53251,0.333333333333333
53253,0.194444444444444
53261,0.388888888888889
53262,0.472222222222222
53268,0.194444444444444
53269,0.0555555555555556
53272,0.0555555555555556
53273,0.0833333333333333
53276,0.222222222222222
53278,0
53282,0.25
53286,0.0277777777777778
53288,0.194444444444444
53289,0.305555555555556
53291,0.0555555555555556
53294,0.257142857142857
53301,0.277777777777778
53302,0
53308,0.194444444444444
53316,0.305555555555556
53317,0.138888888888889
53328,0.4
53338,0.416666666666667
53341,0.0555555555555556
53342,0.166666666666667
53352,0.111111111111111
53353,0.138888888888889
53356,0.25
53357,0.0833333333333333
53361,0.166666666666667
53362,0.333333333333333
53371,0.0833333333333333
53372,0.25
53373,0.0833333333333333
53377,0.361111111111111
53379,0.0833333333333333
53381,0.138888888888889
53382,0.111111111111111
53385,0.166666666666667
53404,0.138888888888889
53408,0.25
53411,0.25
53415,0.361111111111111
53420,0.166666666666667
53425,0.0606060606060606
53427,0.0833333333333333
53428,0.138888888888889
53436,0.138888888888889
53443,0.194444444444444
53444,0.4
53459,0.138888888888889
53460,0.166666666666667
53461,0.0555555555555556
53466,0.485714285714286
53472,0.0833333333333333
53474,0.342857142857143
53477,0.2
53481,0.0555555555555556
53484,0.166666666666667
53494,0.111111111111111
53496,0.0833333333333333
53502,0.0857142857142857
53504,0.166666666666667
53508,0.0833333333333333
53518,0.0555555555555556
53526,0.111111111111111
53529,0.277777777777778
53530,0
53531,0.138888888888889
53532,0.0555555555555556
53534,0
53540,0.0555555555555556
53544,0.194444444444444
53546,0.0833333333333333
53555,0.111111111111111
53559,0.294117647058824
53562,0.277777777777778
53572,0.0833333333333333
53574,0.416666666666667
53576,0.194444444444444
53577,0.194444444444444
53580,0.472222222222222
53582,0.0833333333333333
53583,0.194444444444444
53586,0.111111111111111
53589,0.333333333333333
53592,0.0555555555555556
53595,0.166666666666667
53604,0.277777777777778
53607,0.277777777777778
53609,0.0833333333333333
53610,0.0833333333333333
53616,0.166666666666667
53622,0.277777777777778
53625,0.0277777777777778
53626,0.111111111111111
53631,0.25
53637,0.305555555555556
53647,0.416666666666667
53653,0.371428571428571
53656,0.0833333333333333
53659,0.166666666666667
53664,0.0833333333333333
53676,0.0555555555555556
53678,0.0277777777777778
53679,0.0555555555555556
53681,0.138888888888889
53682,0.111111111111111
53683,0
53686,0.25
53695,0.138888888888889
53696,0.0833333333333333
53697,0.166666666666667
53701,0.166666666666667
53714,0.222222222222222
53715,0.310344827586207
53719,0.111111111111111
53723,0.222222222222222
53724,0.114285714285714
53730,0.371428571428571
53732,0.166666666666667
53740,0.277777777777778
53743,0.138888888888889
53745,0.0277777777777778
53756,0.305555555555556
53759,0.342857142857143
53761,0.0625
53763,0.0277777777777778
53769,0.166666666666667
53773,0.388888888888889
53775,0.5
53777,0.0833333333333333
53779,0.0833333333333333
53781,0.0555555555555556
53782,0.0833333333333333
53785,0.194444444444444
53788,0.121212121212121
53791,0.166666666666667
53802,0.305555555555556
53803,0.194444444444444
53807,0
53808,0.25
53813,0.166666666666667
53821,0.0833333333333333
53822,0.166666666666667
53824,0.222222222222222
53827,0.166666666666667
53829,0.0833333333333333
53832,0.111111111111111
53834,0.166666666666667
53835,0.583333333333333
53841,0
53842,0.166666666666667
53846,0.333333333333333
53847,0
53850,0.111111111111111
53858,0.0277777777777778
53864,0.166666666666667
53873,0.457142857142857
53875,0.0277777777777778
53879,0.457142857142857
53884,0.388888888888889
53886,0.138888888888889
53889,0.166666666666667
53900,0.166666666666667
53903,0.393939393939394
53906,0.0833333333333333
53910,0.194444444444444
53914,0.0277777777777778
53920,0.194444444444444
53924,0.142857142857143
53928,0.428571428571429
53933,0.111111111111111
53935,0.111111111111111
53940,0.333333333333333
53942,0.583333333333333
53946,0.0833333333333333
53947,0.472222222222222
53956,0.323529411764706
53968,0.111111111111111
53970,0.138888888888889
53971,0.25
53978,0.0555555555555556
53991,0.0555555555555556
53995,0.388888888888889
53996,0.166666666666667
53999,0.0277777777777778
54001,0.333333333333333
54002,0.138888888888889
54008,0
54010,0.142857142857143
54011,0.222222222222222
54017,0.0833333333333333
54024,0.0833333333333333
54027,0.138888888888889
54033,0.111111111111111
54041,0.0555555555555556
54048,0.166666666666667
54050,0.166666666666667
54051,0.361111111111111
54054,0.305555555555556
54066,0.0555555555555556
54070,0.333333333333333
54073,0.264705882352941
54075,0.111111111111111
54076,0.314285714285714
54077,0.166666666666667
54080,0
54085,0.171428571428571
54088,0.2
54090,0.111111111111111
54091,0
54092,0.0833333333333333
54093,0.277777777777778
54104,0.0833333333333333
54106,0.25
54109,0.0277777777777778
54110,0.277777777777778
54112,0.133333333333333
54113,0.5
54137,0
54139,0.25
54140,0.0277777777777778
54142,0.277777777777778
54143,0.416666666666667
54146,0.0277777777777778
54152,0.366666666666667
54153,0.171428571428571
54154,0.111111111111111
54160,0.416666666666667
54170,0.0555555555555556
54175,0.0555555555555556
54182,0.222222222222222
54192,0
54193,0.0833333333333333
54196,0.0833333333333333
54197,0.285714285714286
54200,0.25
54206,0.194444444444444
54207,0.111111111111111
54213,0.277777777777778
54223,0.222222222222222
54227,0.114285714285714
54232,0.194444444444444
54236,0.25
54239,0.342857142857143
54240,0.0277777777777778
54245,0.138888888888889
54259,0.222222222222222
54262,0.0833333333333333
54267,0.0277777777777778
54270,0.166666666666667
54273,0.5
54278,0.305555555555556
54279,0
54287,0.333333333333333
54288,0.212121212121212
54291,0.0277777777777778
54292,0.0857142857142857
54295,0.0555555555555556
54296,0.25
54303,0.0833333333333333
54305,0.0555555555555556
54310,0.0555555555555556
54317,0.166666666666667
54323,0.371428571428571
54324,0.222222222222222
54325,0.138888888888889
54339,0
54346,0.0833333333333333
54348,0.361111111111111
54351,0.111111111111111
54354,0.138888888888889
54355,0.472222222222222
54356,0.0555555555555556
54358,0.222222222222222
54363,0
54364,0.111111111111111
54369,0.142857142857143
54375,0.361111111111111
54378,0.0833333333333333
54386,0
54392,0.166666666666667
54397,0.333333333333333
54401,0.166666666666667
54413,0.222222222222222
54416,0.194444444444444
54419,0.111111111111111
54421,0.0833333333333333
54432,0.416666666666667
54437,0.363636363636364
54439,0.138888888888889
54440,0.138888888888889
54444,0.138888888888889
54446,0.25
54456,0.277777777777778
54463,0.166666666666667
54466,0.222222222222222
54467,0.305555555555556
54470,0.361111111111111
54473,0.0833333333333333
54481,0.0833333333333333
54482,0.277777777777778
54484,0.0555555555555556
54491,0.138888888888889
54493,0.0555555555555556
54504,0.0833333333333333
54509,0.166666666666667
54516,0.0555555555555556
54519,0
54523,0.277777777777778
54532,0.0277777777777778
54533,0.416666666666667
54539,0.111111111111111
54544,0.0277777777777778
54550,0.0277777777777778
54553,0.0277777777777778
54554,0.194444444444444
54558,0.2
54560,0.305555555555556
54561,0.176470588235294
54566,0.138888888888889
54569,0.0277777777777778
54574,0.138888888888889
54580,0.138888888888889
54583,0.138888888888889
54589,0.205882352941176
54601,0.222222222222222
54607,0.111111111111111
54610,0.222222222222222
54612,0.0555555555555556
54613,0.0833333333333333
54616,0.314285714285714
54620,0.166666666666667
54622,0.388888888888889
54623,0.166666666666667
54628,0.111111111111111
54629,0.166666666666667
54631,0.25
54633,0.333333333333333
54634,0.222222222222222
54637,0.194444444444444
54639,0.03125
54642,0.257142857142857
54645,0.111111111111111
54646,0
54660,0.0277777777777778
54663,0.277777777777778
54669,0.138888888888889
54698,0.4
54704,0.0555555555555556
54707,0.171428571428571
54709,0.138888888888889
54717,0.0833333333333333
54720,0.142857142857143
54721,0.0277777777777778
54725,0.194444444444444
54730,0.222222222222222
54733,0
54734,0.0277777777777778
54738,0.333333333333333
54739,0.333333333333333
54740,0
54743,0.166666666666667
54744,0.277777777777778
54752,0
54754,0.257142857142857
54757,0.194444444444444
54758,0.0555555555555556
54760,0.222222222222222
54769,0.555555555555556
54771,0.264705882352941
54776,0.0555555555555556
54779,0.0277777777777778
54780,0.0555555555555556
54784,0.0555555555555556
54788,0.222222222222222
54790,0.0277777777777778
54794,0.0277777777777778
54802,0.444444444444444
54803,0.194444444444444
54808,0.111111111111111
54810,0.138888888888889
54812,0.114285714285714
54813,0.25
54821,0.138888888888889
54822,0.277777777777778
54826,0.0555555555555556
54829,0.0277777777777778
54831,0.527777777777778
54834,0.0833333333333333
54835,0.342857142857143
54839,0.138888888888889
54861,0.194444444444444
54862,0.388888888888889
54863,0.388888888888889
54866,0.111111111111111
54867,0.166666666666667
54869,0.0555555555555556
54874,0.0857142857142857
54875,0.0833333333333333
54881,0.111111111111111
54891,0.194444444444444
54892,0.0555555555555556
54894,0.0606060606060606
54902,0
54903,0.0555555555555556
54908,0.222222222222222
54916,0.0606060606060606
54920,0.0833333333333333
54923,0.111111111111111
54926,0.0277777777777778
54927,0.194444444444444
54932,0.166666666666667
54933,0.0277777777777778
54935,0.138888888888889
54943,0.166666666666667
54945,0.0277777777777778
54948,0.111111111111111
54950,0.0555555555555556
54957,0.166666666666667
54958,0.40625
54972,0.277777777777778
54974,0.277777777777778
54978,0.305555555555556
54980,0.111111111111111
54983,0.444444444444444
54989,0.0555555555555556
54990,0.222222222222222
54993,0.6
54994,0.0909090909090909
55000,0.444444444444444
55003,0.194444444444444
55004,0.0555555555555556
55007,0.0555555555555556
55014,0.171428571428571
55018,0.194444444444444
55019,0.194444444444444
55033,0.2
55034,0.0277777777777778
55035,0.0555555555555556
55038,0.0833333333333333
55044,0.305555555555556
55046,0.277777777777778
55047,0.416666666666667
55057,0.277777777777778
55058,0
55059,0.0555555555555556
55063,0.111111111111111
55067,0.516129032258065
55069,0.194444444444444
55072,0.333333333333333
55073,0.138888888888889
55076,0.0277777777777778
55079,0.0555555555555556
55091,0
55094,0.111111111111111
55099,0.171428571428571
55102,0.333333333333333
55106,0.138888888888889
55107,0.529411764705882
55108,0.166666666666667
55119,0.0303030303030303
55120,0.111111111111111
55126,0.194444444444444
55134,0.0555555555555556
55152,0.333333333333333
55158,0.194444444444444
55160,0.133333333333333
55161,0.305555555555556
55165,0.25
55168,0.25
55170,0.111111111111111
55174,0.305555555555556
55176,0.333333333333333
55179,0.194444444444444
55180,0.0833333333333333
55189,0
55193,0.0277777777777778
55194,0.25
55196,0.0833333333333333
55198,0
55202,0.166666666666667
55212,0.0555555555555556
55219,0.133333333333333
55228,0.138888888888889
55239,0.0555555555555556
55240,0.228571428571429
55241,0.444444444444444
55244,0.114285714285714
55254,0.138888888888889
55256,0.138888888888889
55259,0.277777777777778
55268,0.166666666666667
55272,0.166666666666667
55273,0
55276,0.25
55279,0.0833333333333333
55280,0.222222222222222
55281,0.166666666666667
55282,0.222222222222222
55289,0.0833333333333333
55292,0.166666666666667
55294,0.138888888888889
55295,0.0606060606060606
55297,0.0833333333333333
55298,0.305555555555556
55301,0.333333333333333
55303,0.361111111111111
55306,0.166666666666667
55311,0.472222222222222
55312,0.111111111111111
55313,0.222222222222222
55319,0.0833333333333333
55323,0.0277777777777778
55326,0.166666666666667
55328,0.0277777777777778
55330,0
55331,0
55332,0.111111111111111
55340,0.0833333333333333
55342,0.138888888888889
55360,0.514285714285714
55367,0.0833333333333333
55368,0
55376,0.305555555555556
55377,0.222222222222222
55384,0.0555555555555556
55385,0.111111111111111
55392,0.388888888888889
55395,0.333333333333333
55405,0
55406,0
55411,0.138888888888889
55413,0.0277777777777778
55414,0.323529411764706
55416,0.333333333333333
55417,0.111111111111111
55423,0.138888888888889
55426,0.194444444444444
55427,0.0571428571428571
55432,0.181818181818182
55436,0.166666666666667
55438,0.0833333333333333
55441,0.0555555555555556
55446,0.194444444444444
55447,0.222222222222222
55451,0.111111111111111
55466,0.138888888888889
55473,0.111111111111111
55478,0.0277777777777778
55483,0.111111111111111
55484,0.166666666666667
55488,0.305555555555556
55496,0.428571428571429
55497,0.194444444444444
55498,0.0285714285714286
55501,0.142857142857143
55502,0.0277777777777778
55511,0.166666666666667
55512,0.0555555555555556
55514,0.333333333333333
55520,0.222222222222222
55523,0.114285714285714
55524,0.138888888888889
55526,0.194444444444444
55527,0.222222222222222
55530,0.0277777777777778
55536,0.0277777777777778
55544,0.194444444444444
55548,0.194444444444444
55552,0.25
55555,0.194444444444444
55557,0.416666666666667
55559,0.305555555555556
55560,0.0277777777777778
55562,0.305555555555556
55563,0.0277777777777778
55572,0.515151515151515
55578,0.371428571428571
55580,0.305555555555556
55592,0.555555555555556
55593,0
55598,0.0277777777777778
55600,0.0277777777777778
55601,0
55605,0.0555555555555556
55607,0.0833333333333333
55622,0.2
55628,0.0277777777777778
55629,0.111111111111111
55632,0.0833333333333333
55640,0.0833333333333333
55643,0.428571428571429
55646,0.0303030303030303
55649,0.424242424242424
55657,0.257142857142857
55662,0.0833333333333333
55664,0.111111111111111
55665,0.0555555555555556
55671,0.222222222222222
55673,0.171428571428571
55678,0.0555555555555556
55679,0.0277777777777778
55685,0.111111111111111
55686,0.0277777777777778
55687,0.25
55691,0.138888888888889
55697,0.142857142857143
55698,0.388888888888889
55701,0.411764705882353
55702,0.212121212121212
55703,0.0833333333333333
55704,0.257142857142857
55709,0.0555555555555556
55717,0.151515151515152
55721,0
55725,0.138888888888889
55736,0.2
55737,0.0555555555555556
55739,0.111111111111111
55745,0.272727272727273
55750,0.0555555555555556
55753,0.111111111111111
55759,0.428571428571429
55760,0.0555555555555556
55763,0.393939393939394
55766,0.25
55770,0.228571428571429
55772,0.285714285714286
55775,0.0833333333333333
55779,0.194444444444444
55780,0.277777777777778
55783,0
55784,0
55785,0.111111111111111
55789,0.0555555555555556
55795,0.379310344827586
55796,0.138888888888889
55798,0.166666666666667
55800,0.0833333333333333
55801,0.277777777777778
55802,0.0555555555555556
55812,0.111111111111111
55814,0.0833333333333333
55822,0.138888888888889
55830,0.166666666666667
55831,0.138888888888889
55840,0.0666666666666667
55844,0.444444444444444
55848,0.111111111111111
55849,0.0833333333333333
55855,0.514285714285714
55868,0.0666666666666667
55871,0.361111111111111
55875,0.361111111111111
55877,0
55884,0.0833333333333333
55885,0.0555555555555556
55886,0
55887,0.194444444444444
55891,0.111111111111111
55892,0.0555555555555556
55896,0.114285714285714
55901,0.166666666666667
55907,0.0833333333333333
55909,0.333333333333333
55912,0.0555555555555556
55913,0.0277777777777778
55915,0.166666666666667
55918,0.388888888888889
55920,0.388888888888889
55921,0.0833333333333333
55924,0
55926,0.138888888888889
55941,0.444444444444444
55944,0.194444444444444
55947,0.194444444444444
55948,0.138888888888889
55949,0.305555555555556
55953,0.0277777777777778
55954,0
55959,0.233333333333333
55960,0.138888888888889
55965,0.114285714285714
55966,0.111111111111111
55971,0.323529411764706
55972,0
55974,0.0555555555555556
55980,0.0555555555555556
55984,0
55993,0.194444444444444
55998,0.25
56005,0.222222222222222
56013,0.305555555555556
56025,0.166666666666667
56028,0.138888888888889
56029,0.333333333333333
56032,0.0833333333333333
56035,0.0833333333333333
56041,0.111111111111111
56042,0.222222222222222
56057,0.111111111111111
56060,0.472222222222222
56062,0.305555555555556
56066,0.0555555555555556
56067,0.166666666666667
56072,0.342857142857143
56079,0.166666666666667
56082,0.222222222222222
56083,0.0833333333333333
56090,0.2
56099,0.222222222222222
56107,0.166666666666667
56114,0.166666666666667
56120,0
56128,0.138888888888889
56131,0.138888888888889
56140,0.0555555555555556
56147,0
56150,0.0555555555555556
56160,0.138888888888889
56163,0.111111111111111
56164,0.361111111111111
56167,0.305555555555556
56173,0.0555555555555556
56176,0.111111111111111
56180,0.0555555555555556
56184,0.333333333333333
56187,0.371428571428571
56188,0.194444444444444
56191,0.0833333333333333
56195,0.111111111111111
56196,0.138888888888889
56200,0.0277777777777778
56201,0
56206,0.257142857142857
56211,0.257142857142857
56212,0.138888888888889
56218,0
56219,0.194444444444444
56221,0.111111111111111
56222,0.0277777777777778
56224,0.393939393939394
56235,0.0555555555555556
56236,0.333333333333333
56240,0.0555555555555556
56242,0.166666666666667
56248,0.222222222222222
56254,0.277777777777778
56258,0.111111111111111
56264,0.166666666666667
56265,0.111111111111111
56266,0.0833333333333333
56267,0.0833333333333333
56275,0.0833333333333333
56276,0.194444444444444
56277,0.25
56280,0.0833333333333333
56282,0.111111111111111
56283,0.0555555555555556
56286,0.111111111111111
56291,0.222222222222222
56297,0
56299,0.166666666666667
56302,0.111111111111111
56305,0.5
56309,0.25
56313,0.194444444444444
56318,0.25
56319,0.138888888888889
56323,0.0277777777777778
56326,0.0833333333333333
56331,0.0555555555555556
56334,0.305555555555556
56339,0.277777777777778
56344,0.388888888888889
56348,0.194444444444444
56352,0.25
56355,0.0833333333333333
56357,0.138888888888889
56364,0.0277777777777778
56365,0.0833333333333333
56369,0.111111111111111
56373,0.0277777777777778
56377,0.166666666666667
56379,0.114285714285714
56380,0.0555555555555556
56382,0.0571428571428571
56393,0.125
56399,0.0555555555555556
56411,0.0277777777777778
56412,0.114285714285714
56420,0.0277777777777778
56423,0.233333333333333
56427,0.166666666666667
56432,0.111111111111111
56438,0.0277777777777778
56439,0.166666666666667
56441,0.166666666666667
56443,0.361111111111111
56449,0.0833333333333333
56450,0.111111111111111
56455,0.0833333333333333
56456,0.222222222222222
56466,0.0555555555555556
56468,0.0303030303030303
56469,0.416666666666667
56470,0.138888888888889
56474,0.527777777777778
56475,0.138888888888889
56479,0
56487,0.361111111111111
56494,0.222222222222222
56500,0.628571428571429
56502,0.0277777777777778
56506,0.0277777777777778
56510,0.111111111111111
56519,0.114285714285714
56520,0.333333333333333
56529,0.166666666666667
56532,0.111111111111111
56535,0.222222222222222
56536,0.0277777777777778
56542,0.111111111111111
56543,0
56545,0.470588235294118
56550,0.111111111111111
56554,0.0833333333333333
56561,0.333333333333333
56565,0.457142857142857
56567,0.0833333333333333
56569,0.314285714285714
56570,0.171428571428571
56571,0.138888888888889
56573,0.138888888888889
56574,0.0606060606060606
56577,0.222222222222222
56580,0.111111111111111
56581,0.166666666666667
56583,0.0833333333333333
56588,0.277777777777778
56591,0.138888888888889
56594,0.194444444444444
56599,0.222222222222222
56602,0.305555555555556
56606,0.0606060606060606
56609,0
56610,0.138888888888889
56623,0.0555555555555556
56627,0.25
56628,0.0277777777777778
56632,0.0833333333333333
56633,0.142857142857143
56634,0.277777777777778
56635,0
56637,0.111111111111111
56642,0.111111111111111
56648,0.0555555555555556
56649,0.166666666666667
56650,0.0555555555555556
56651,0.0555555555555556
56652,0.4
56659,0.0277777777777778
56664,0.257142857142857
56673,0.171428571428571
56675,0.0555555555555556
56685,0.428571428571429
56688,0.194444444444444
56689,0.314285714285714
56690,0.0833333333333333
56710,0.166666666666667
56712,0.428571428571429
56717,0.222222222222222
56720,0.0555555555555556
56725,0.305555555555556
56726,0.3
56727,0.111111111111111
56734,0.285714285714286
56737,0.0555555555555556
56738,0.222222222222222
56739,0.0555555555555556
56740,0.111111111111111
56753,0
56756,0.111111111111111
56757,0.111111111111111
56761,0.277777777777778
56763,0.0555555555555556
56764,0.166666666666667
56766,0.514285714285714
56767,0.25
56769,0.0277777777777778
56773,0.111111111111111
56780,0.0833333333333333
56784,0.194444444444444
56789,0.138888888888889
56791,0.194444444444444
56792,0.0555555555555556
56794,0.222222222222222
56796,0.305555555555556
56798,0.228571428571429
56800,0.222222222222222
56804,0.444444444444444
56805,0.0277777777777778
56807,0.277777777777778
56809,0.0555555555555556
56812,0.333333333333333
56814,0.0277777777777778
56816,0.138888888888889
56824,0.111111111111111
56826,0.303030303030303
56827,0.363636363636364
56829,0.411764705882353
56830,0.0833333333333333
56831,0.166666666666667
56835,0.0555555555555556
56837,0.0833333333333333
56838,0.0555555555555556
56839,0.0555555555555556
56844,0.147058823529412
56847,0.314285714285714
56850,0.0277777777777778
56851,0.2
56860,0.457142857142857
56864,0.138888888888889
56869,0.277777777777778
56870,0
56877,0.388888888888889
56878,0.138888888888889
56882,0
56885,0.0333333333333333
56890,0.0833333333333333
56891,0.285714285714286
56894,0.305555555555556
56905,0.566666666666667
56906,0.305555555555556
56908,0.25
56916,0.0277777777777778
56918,0.111111111111111
56921,0.171428571428571
56922,0.25
56925,0.111111111111111
56926,0.166666666666667
56927,0.194444444444444
56930,0
56939,0.111111111111111
56943,0.166666666666667
56950,0
56952,0.257142857142857
56953,0.166666666666667
56954,0.472222222222222
56955,0.138888888888889
56956,0.171428571428571
56957,0.0833333333333333
56958,0.222222222222222
56960,0.194444444444444
56963,0.111111111111111
56964,0.441176470588235
56965,0.0277777777777778
56969,0.166666666666667
56971,0.0857142857142857
56974,0.0277777777777778
56976,0.3
56978,0.111111111111111
56985,0.277777777777778
56988,0.222222222222222
56993,0.333333333333333
57000,0.0833333333333333
57005,0.264705882352941
57007,0.416666666666667
57014,0.0857142857142857
57022,0.111111111111111
57023,0.194444444444444
57025,0.0555555555555556
57028,0.166666666666667
57034,0.222222222222222
57046,0.138888888888889
57047,0.222222222222222
57050,0.222222222222222
57053,0.0555555555555556
57062,0.277777777777778
57063,0.222222222222222
57079,0.194444444444444
57082,0
57091,0.314285714285714
57095,0.0555555555555556
57097,0.194444444444444
57100,0.0833333333333333
57102,0.0555555555555556
57106,0.166666666666667
57111,0.0833333333333333
57113,0.0277777777777778
57118,0.142857142857143
57119,0.111111111111111
57120,0.485714285714286
57122,0.371428571428571
57129,0.277777777777778
57133,0.111111111111111
57137,0.0277777777777778
57143,0.0606060606060606
57145,0.0833333333333333
57146,0.0588235294117647
57152,0.114285714285714
57154,0.0833333333333333
57161,0.138888888888889
57164,0.361111111111111
57170,0.0833333333333333
57177,0.166666666666667
57179,0.138888888888889
57181,0.0833333333333333
57185,0
57189,0.0857142857142857
57193,0.342857142857143
57198,0.305555555555556
57203,0.0555555555555556
57204,0.0833333333333333
57210,0.194444444444444
57213,0.194444444444444
57217,0.0555555555555556
57222,0.138888888888889
57223,0.111111111111111
57226,0.275862068965517
57229,0.0555555555555556
57230,0.0277777777777778
57231,0
57237,0.366666666666667
57238,0.333333333333333
57247,0.138888888888889
57248,0.111111111111111
57249,0.0555555555555556
57263,0.138888888888889
57267,0.25
57270,0.138888888888889
57276,0.0555555555555556
57280,0.388888888888889
57281,0.138888888888889
57284,0.25
57291,0.181818181818182
57293,0
57294,0.111111111111111
57302,0.222222222222222
57305,0.111111111111111
57308,0.0833333333333333
57309,0.111111111111111
57311,0.0833333333333333
57316,0.555555555555556
57327,0.0666666666666667
57328,0.0555555555555556
57330,0.444444444444444
57332,0.138888888888889
57334,0.416666666666667
57335,0.111111111111111
57343,0.166666666666667
57348,0.138888888888889
57357,0.0277777777777778
57358,0.277777777777778
57362,0.194444444444444
57363,0.0277777777777778
57364,0.0833333333333333
57366,0.138888888888889
57369,0.0833333333333333
57371,0.166666666666667
57373,0.0555555555555556
57382,0.25
57383,0.166666666666667
57384,0.25
57390,0.0277777777777778
57393,0.111111111111111
57403,0
57408,0.111111111111111
57411,0.111111111111111
57414,0.0277777777777778
57417,0.111111111111111
57418,0.333333333333333
57435,0.0833333333333333
57441,0.25
57442,0.121212121212121
57449,0.25
57450,0.222222222222222
57452,0.361111111111111
57456,0.111111111111111
57457,0.111111111111111
57460,0.138888888888889
57466,0.0833333333333333
57471,0.0277777777777778
57472,0.0277777777777778
57474,0.138888888888889
57475,0.138888888888889
57478,0.0833333333333333
57482,0.0277777777777778
57483,0.142857142857143
57489,0.0833333333333333
57492,0
57499,0.194444444444444
57504,0.366666666666667
57506,0.0277777777777778
57512,0.166666666666667
57516,0.388888888888889
57518,0.388888888888889
57526,0.0833333333333333
57528,0.411764705882353
57530,0.138888888888889
57531,0.0833333333333333
57532,0.257142857142857
57533,0.25
57535,0.166666666666667
57536,0.138888888888889
57541,0.0277777777777778
57545,0.166666666666667
57554,0.166666666666667
57555,0.111111111111111
57557,0.222222222222222
57558,0.2
57560,0.194444444444444
57569,0.0277777777777778
57570,0.25
57571,0.138888888888889
57573,0.277777777777778
57577,0.0555555555555556
57584,0.277777777777778
57588,0.277777777777778
57596,0.0555555555555556
57597,0.5
57599,0.257142857142857
57605,0.194444444444444
57606,0
57608,0.194444444444444
57612,0
57623,0.166666666666667
57624,0.166666666666667
57625,0.25
57626,0.0277777777777778
57636,0.0555555555555556
57638,0.277777777777778
57640,0.166666666666667
57648,0.5
57651,0.361111111111111
57653,0.444444444444444
57658,0.388888888888889
57659,0.0277777777777778
57667,0.166666666666667
57669,0.166666666666667
57672,0.257142857142857
57681,0.0277777777777778
57685,0.111111111111111
57686,0.138888888888889
57687,0.0277777777777778
57688,0.0833333333333333
57689,0
57691,0.166666666666667
57693,0.151515151515152
57697,0.5
57698,0
57699,0.2
57702,0
57704,0.0833333333333333
57705,0.133333333333333
57713,0.472222222222222
57717,0.361111111111111
57720,0.25
57729,0.111111111111111
57734,0.0555555555555556
57737,0.277777777777778
57740,0.111111111111111
57744,0.305555555555556
57745,0.527777777777778
57746,0.111111111111111
57748,0.0555555555555556
57753,0.25
57756,0.0833333333333333
57757,0.0277777777777778
57762,0.0555555555555556
57772,0.5
57775,0.441176470588235
57777,0.111111111111111
57780,0.111111111111111
57781,0
57784,0.0333333333333333
57787,0
57789,0.0833333333333333
57797,0.527777777777778
57800,0.277777777777778
57802,0.361111111111111
57806,0.0277777777777778
57808,0.0277777777777778
57814,0.0555555555555556
57815,0.0555555555555556
57817,0.0555555555555556
57819,0.138888888888889
57822,0.133333333333333
57826,0.0606060606060606
57831,0.222222222222222
57837,0
57838,0.342857142857143
57842,0.222222222222222
57844,0.0277777777777778
57846,0.277777777777778
57848,0.0857142857142857
57850,0.25
57855,0.333333333333333
57858,0.138888888888889
57859,0.0555555555555556
57869,0.305555555555556
57873,0.194444444444444
57875,0.0277777777777778
57879,0.411764705882353
57888,0.228571428571429
57890,0.222222222222222
57892,0.151515151515152
57895,0
57906,0.138888888888889
57914,0.25
57916,0.222222222222222
57917,0.277777777777778
57920,0.25
57926,0.0833333333333333
57930,0.361111111111111
57933,0.0833333333333333
57934,0.228571428571429
57936,0
57939,0.138888888888889
57940,0.111111111111111
57945,0.111111111111111
57948,0.25
57956,0.305555555555556
57959,0.388888888888889
57973,0.277777777777778
57977,0.0833333333333333
57980,0.323529411764706
57981,0.111111111111111
57985,0.0833333333333333
57986,0.0555555555555556
57987,0.114285714285714
57989,0.0277777777777778
57992,0.441176470588235
57999,0.222222222222222
58000,0.194444444444444
58004,0.111111111111111
58007,0.0909090909090909
58008,0.0909090909090909
58014,0.194444444444444
58024,0.222222222222222
58027,0.0833333333333333
58028,0
58030,0.277777777777778
58032,0.0555555555555556
58035,0.0833333333333333
58036,0.111111111111111
58045,0.514285714285714
58047,0.222222222222222
58058,0.111111111111111
58069,0.111111111111111
58072,0.0555555555555556
58074,0.138888888888889
58079,0.294117647058824
58094,0.0277777777777778
58095,0.277777777777778
58108,0.0555555555555556
58112,0.25
58115,0.0833333333333333
58117,0.277777777777778
58119,0.0833333333333333
58127,0.342857142857143
58135,0.166666666666667
58141,0.222222222222222
58144,0.194444444444444
58151,0.138888888888889
58152,0.166666666666667
58165,0.111111111111111
58166,0.138888888888889
58167,0.0555555555555556
58170,0.305555555555556
58175,0.388888888888889
58176,0.194444444444444
58185,0.0833333333333333
58187,0.166666666666667
58192,0.194444444444444
58195,0
58197,0.542857142857143
58205,0.305555555555556
58206,0.361111111111111
58207,0
58209,0.303030303030303
58214,0.166666666666667
58215,0
58218,0.228571428571429
58220,0.333333333333333
58221,0.138888888888889
58223,0.181818181818182
58227,0.166666666666667
58230,0.194444444444444
58234,0.0833333333333333
58236,0.0555555555555556
58240,0.333333333333333
58242,0
58259,0.194444444444444
58265,0.257142857142857
58269,0.285714285714286
58271,0.111111111111111
58275,0.142857142857143
58276,0.138888888888889
58280,0.111111111111111
58283,0.305555555555556
58284,0.0277777777777778
58288,0.111111111111111
58289,0.117647058823529
58290,0.0277777777777778
58296,0.222222222222222
58300,0.0555555555555556
58301,0.388888888888889
58302,0.138888888888889
58304,0.0555555555555556
58316,0.194444444444444
58321,0.4
58325,0.25
58326,0.305555555555556
58327,0.111111111111111
58328,0
58329,0.138888888888889
58335,0.361111111111111
58338,0.527777777777778
58343,0.0277777777777778
58347,0.117647058823529
58348,0.0833333333333333
58349,0.138888888888889
58350,0.0277777777777778
58354,0.0833333333333333
58355,0
58372,0.138888888888889
58375,0.194444444444444
58380,0.333333333333333
58388,0.194444444444444
58390,0.0277777777777778
58392,0.166666666666667
58393,0.277777777777778
58397,0.138888888888889
58398,0.0833333333333333
58405,0.277777777777778
58408,0.0555555555555556
58411,0.166666666666667
58413,0.138888888888889
58418,0.0277777777777778
58419,0.25
58422,0.0303030303030303
58423,0.303030303030303
58429,0.133333333333333
58430,0.111111111111111
58433,0.0277777777777778
58435,0
58436,0.342857142857143
58440,0.222222222222222
58442,0.194444444444444
58444,0.111111111111111
58446,0.138888888888889
58447,0.166666666666667
58449,0.138888888888889
58453,0.111111111111111
58454,0.277777777777778
58459,0.0555555555555556
58460,0.0833333333333333
58461,0.0555555555555556
58473,0.0555555555555556
58479,0.0277777777777778
58488,0.257142857142857
58491,0.0277777777777778
58493,0.111111111111111
58501,0.305555555555556
58519,0.138888888888889
58520,0.0555555555555556
58522,0.111111111111111
58527,0.147058823529412
58539,0.305555555555556
58540,0.277777777777778
58545,0.166666666666667
58559,0.0555555555555556
58560,0.0277777777777778
58561,0.0833333333333333
58562,0.0833333333333333
58563,0.0555555555555556
58565,0.0833333333333333
58567,0.444444444444444
58570,0.0277777777777778
58571,0.333333333333333
58572,0.0555555555555556
58574,0.333333333333333
58583,0.25
58590,0.111111111111111
58591,0
58592,0.138888888888889
58593,0.416666666666667
58603,0.388888888888889
58607,0.138888888888889
58610,0.166666666666667
58618,0.388888888888889
58622,0.228571428571429
58626,0.0833333333333333
58630,0.0909090909090909
58633,0.0555555555555556
58637,0.151515151515152
58638,0.0833333333333333
58639,0.222222222222222
58640,0.0555555555555556
58642,0.0277777777777778
58645,0.0606060606060606
58647,0.0555555555555556
58649,0.138888888888889
58650,0.111111111111111
58651,0.194444444444444
58653,0.166666666666667
58656,0.305555555555556
58661,0.277777777777778
58668,0.212121212121212
58670,0.0833333333333333
58671,0.0833333333333333
58673,0.0277777777777778
58677,0.194444444444444
58688,0.2
58689,0.0277777777777778
58690,0.138888888888889
58693,0.0833333333333333
58699,0.111111111111111
58700,0.0277777777777778
58702,0.222222222222222
58703,0.2
58708,0.314285714285714
58709,0.485714285714286
58711,0.194444444444444
58712,0.166666666666667
58718,0.272727272727273
58719,0.323529411764706
58723,0.0967741935483871
58724,0.5
58728,0.0555555555555556
58734,0.542857142857143
58735,0.0277777777777778
58738,0.166666666666667
58740,0.138888888888889
58741,0.25
58749,0.277777777777778
58751,0.361111111111111
58752,0.222222222222222
58756,0.138888888888889
58759,0.277777777777778
58764,0.0833333333333333
58765,0.111111111111111
58767,0.0833333333333333
58772,0.25
58775,0.166666666666667
58777,0.0277777777777778
58779,0.194444444444444
58784,0.0833333333333333
58789,0.484848484848485
58798,0.166666666666667
58800,0.194444444444444
58801,0.0555555555555556
58802,0.342857142857143
58806,0.111111111111111
58809,0
58816,0.166666666666667
58819,0.111111111111111
58820,0.228571428571429
58821,0.514285714285714
58822,0.0833333333333333
58824,0.222222222222222
58826,0.111111111111111
58834,0.111111111111111
58838,0.0833333333333333
58841,0.121212121212121
58842,0.0555555555555556
58845,0.416666666666667
58847,0.138888888888889
58857,0.361111111111111
58860,0.388888888888889
58868,0.138888888888889
58869,0.138888888888889
58870,0.142857142857143
58871,0.166666666666667
58876,0.0833333333333333
58877,0.166666666666667
58879,0.0277777777777778
58884,0.0277777777777778
58887,0.0833333333333333
58889,0.194444444444444
58894,0.0833333333333333
58895,0.235294117647059
58898,0.166666666666667
58905,0
58908,0.444444444444444
58909,0.111111111111111
58913,0.242424242424242
58915,0.444444444444444
58916,0.138888888888889
58922,0.194444444444444
58926,0.0277777777777778
58927,0.416666666666667
58933,0
58935,0.277777777777778
58938,0
58943,0.277777777777778
58944,0.0555555555555556
58945,0.222222222222222
58946,0.428571428571429
58947,0.0833333333333333
58954,0.382352941176471
58960,0.0555555555555556
58962,0.166666666666667
58963,0.111111111111111
58967,0.0277777777777778
58974,0.472222222222222
58979,0.0277777777777778
58980,0.111111111111111
58987,0.166666666666667
58988,0.4
58996,0.111111111111111
58998,0.305555555555556
59000,0.111111111111111
59002,0
59004,0.138888888888889
59006,0.0277777777777778
59009,0.138888888888889
59016,0.0833333333333333
59017,0.166666666666667
59018,0.111111111111111
59019,0.0833333333333333
59023,0.0833333333333333
59026,0.111111111111111
59030,0.0277777777777778
59032,0.285714285714286
59035,0.0833333333333333
59038,0.138888888888889
59039,0.111111111111111
59053,0
59055,0.25
59059,0.0555555555555556
59064,0.138888888888889
59072,0.0277777777777778
59075,0.0833333333333333
59076,0.0555555555555556
59077,0.1
59078,0.111111111111111
59087,0.388888888888889
59091,0.111111111111111
59095,0.0555555555555556
59102,0.323529411764706
59105,0.0666666666666667
59106,0.111111111111111
59109,0.0833333333333333
59110,0.222222222222222
59111,0.470588235294118
59116,0.4
59117,0.416666666666667
59120,0.111111111111111
59122,0.5
59124,0.0277777777777778
59125,0.114285714285714
59128,0.2
59133,0
59134,0.0606060606060606
59135,0.457142857142857
59140,0.111111111111111
59143,0.361111111111111
59146,0.0555555555555556
59148,0.0555555555555556
59149,0.0555555555555556
59151,0.166666666666667
59152,0.111111111111111
59157,0.194444444444444
59162,0.0277777777777778
59171,0.0833333333333333
59179,0.0277777777777778
59181,0.111111111111111
59185,0.111111111111111
59190,0.0833333333333333
59196,0.111111111111111
59197,0.0555555555555556
59199,0.444444444444444
59200,0.0555555555555556
59203,0.388888888888889
59204,0.0833333333333333
59205,0.0833333333333333
59206,0.111111111111111
59210,0.166666666666667
59211,0.388888888888889
59213,0.0277777777777778
59214,0.138888888888889
59217,0.194444444444444
59223,0.333333333333333
59226,0.25
59229,0.0666666666666667
59230,0.0833333333333333
59232,0.138888888888889
59236,0.166666666666667
59237,0.138888888888889
59239,0.277777777777778
59240,0.314285714285714
59248,0.0277777777777778
59249,0.166666666666667
59250,0.222222222222222
59260,0.285714285714286
59268,0.514285714285714
59274,0.166666666666667
59284,0.0555555555555556
59296,0.138888888888889
59316,0.138888888888889
59320,0.138888888888889
59321,0.194444444444444
59324,0.138888888888889
59326,0.166666666666667
59329,0.527777777777778
59332,0.222222222222222
59333,0.264705882352941
59334,0
59340,0.0833333333333333
59345,0.111111111111111
59346,0.0833333333333333
59348,0.1
59349,0.527777777777778
59352,0.4
59371,0.0555555555555556
59378,0.0277777777777778
59379,0.0277777777777778
59386,0.277777777777778
59388,0.111111111111111
59390,0
59391,0.166666666666667
59392,0.138888888888889
59393,0.285714285714286
59397,0.0882352941176471
59399,0.0833333333333333
59405,0.0833333333333333
59406,0.527777777777778
59412,0.388888888888889
59415,0.0555555555555556
59419,0.194444444444444
59420,0.333333333333333
59425,0.333333333333333
59427,0.333333333333333
59433,0.138888888888889
59434,0.25
59437,0.166666666666667
59441,0.0294117647058824
59444,0.194444444444444
59451,0.25
59461,0.0277777777777778
59463,0.111111111111111
59468,0.111111111111111
59469,0.166666666666667
59471,0.0555555555555556
59480,0.194444444444444
59482,0.303030303030303
59486,0.416666666666667
59493,0.0833333333333333
59495,0.0833333333333333
59499,0.0833333333333333
59502,0.277777777777778
59509,0.333333333333333
59515,0.1
59516,0.444444444444444
59521,0.0555555555555556
59527,0.194444444444444
59528,0.194444444444444
59537,0.0277777777777778
59542,0.0277777777777778
59547,0.388888888888889
59555,0.277777777777778
59560,0.0555555555555556
59561,0.111111111111111
59566,0.111111111111111
59570,0.305555555555556
59578,0.25
59580,0.277777777777778
59582,0.416666666666667
59586,0.305555555555556
59588,0.0277777777777778
59591,0.361111111111111
59600,0.0277777777777778
59603,0.0277777777777778
59604,0.0833333333333333
59607,0.222222222222222
59612,0.166666666666667
59615,0.222222222222222
59618,0.222222222222222
59622,0.0833333333333333
59626,0.28125
59627,0.166666666666667
59631,0.0555555555555556
59632,0.0277777777777778
59639,0.25
59640,0.0555555555555556
59643,0.305555555555556
59644,0.444444444444444
59651,0.194444444444444
59659,0.111111111111111
59666,0.0555555555555556
59667,0.142857142857143
59668,0.0555555555555556
59673,0.25
59674,0.0555555555555556
59675,0.222222222222222
59678,0
59692,0.0555555555555556
59693,0.111111111111111
59704,0.277777777777778
59707,0.111111111111111
59708,0.138888888888889
59713,0.0833333333333333
59725,0.166666666666667
59728,0.0833333333333333
59731,0.305555555555556
59733,0.3
59736,0
59739,0.138888888888889
59740,0.277777777777778
59741,0.222222222222222
59742,0.0555555555555556
59749,0.0555555555555556
59751,0
59754,0.194444444444444
59758,0
59760,0.228571428571429
59765,0
59768,0
59771,0.305555555555556
59780,0.194444444444444
59782,0.0857142857142857
59788,0.138888888888889
59792,0.0833333333333333
59795,0.194444444444444
59801,0.25
59803,0.138888888888889
59806,0.0285714285714286
59808,0.0555555555555556
59809,0.0277777777777778
59810,0.0277777777777778
59812,0.5
59816,0.305555555555556
59818,0.111111111111111
59826,0.0555555555555556
59827,0.194444444444444
59828,0.111111111111111
59829,0.111111111111111
59830,0.0555555555555556
59831,0.111111111111111
59833,0.314285714285714
59844,0.222222222222222
59855,0.0571428571428571
59857,0.0333333333333333
59862,0.0555555555555556
59863,0.166666666666667
59864,0
59865,0.166666666666667
59869,0.25
59873,0.111111111111111
59876,0.111111111111111
59878,0.0555555555555556
59879,0.222222222222222
59881,0.305555555555556
59888,0.0555555555555556
59908,0.25
59909,0.166666666666667
59910,0.138888888888889
59911,0.111111111111111
59914,0.0277777777777778
59921,0.111111111111111
59922,0.111111111111111
59924,0.0277777777777778
59925,0.25
59928,0.25
59931,0.166666666666667
59934,0.388888888888889
59935,0.0555555555555556
59938,0.0833333333333333
59943,0.361111111111111
59950,0.111111111111111
59951,0.166666666666667
59952,0.194444444444444
59956,0.0277777777777778
59966,0.194444444444444
59968,0.166666666666667
59972,0.0833333333333333
59980,0.0555555555555556
59982,0.111111111111111
59985,0.138888888888889
59989,0.342857142857143
59992,0.194444444444444
59996,0.142857142857143
59999,0.333333333333333
60004,0.0555555555555556
60011,0.222222222222222
60014,0.138888888888889
60015,0
60030,0.0833333333333333
60033,0.0555555555555556
60034,0.138888888888889
60036,0.111111111111111
60037,0.222222222222222
60039,0.0833333333333333
60044,0.111111111111111
60057,0.277777777777778
60058,0.0555555555555556
60060,0.0277777777777778
60061,0.0277777777777778
60062,0.222222222222222
60063,0.0277777777777778
60072,0.0555555555555556
60073,0.0277777777777778
60079,0.0909090909090909
60086,0.111111111111111
60088,0.138888888888889
60090,0.0555555555555556
60091,0.142857142857143
60094,0.25
60095,0.111111111111111
60101,0.114285714285714
60103,0.194444444444444
60104,0.194444444444444
60105,0.457142857142857
60108,0.0555555555555556
60111,0.222222222222222
60116,0.25
60119,0.222222222222222
60124,0.111111111111111
60125,0.0833333333333333
60131,0.416666666666667
60135,0.111111111111111
60138,0.0277777777777778
60144,0
60145,0.222222222222222
60146,0.194444444444444
60151,0.277777777777778
60154,0.0571428571428571
60155,0.0666666666666667
60158,0.0833333333333333
60159,0.0277777777777778
60160,0.277777777777778
60163,0.25
60166,0.0833333333333333
60170,0.111111111111111
60173,0.0555555555555556
60176,0
60179,0.361111111111111
60181,0.138888888888889
60183,0.166666666666667
60184,0.0555555555555556
60187,0.333333333333333
60192,0.0833333333333333
60194,0.0277777777777778
60195,0.257142857142857
60198,0.111111111111111
60201,0.114285714285714
60215,0.111111111111111
60218,0.166666666666667
60219,0.0833333333333333
60220,0.111111111111111
60223,0.0555555555555556
60226,0.222222222222222
60229,0.0857142857142857
60231,0.111111111111111
60232,0.472222222222222
60238,0.166666666666667
60241,0.416666666666667
60242,0.111111111111111
60249,0.0555555555555556
60259,0.25
60264,0.166666666666667
60265,0.212121212121212
60269,0.142857142857143
60270,0.416666666666667
60274,0.361111111111111
60283,0.277777777777778
60293,0.166666666666667
60299,0.0833333333333333
60300,0.285714285714286
60301,0.0833333333333333
60306,0.0833333333333333
60308,0.333333333333333
60312,0.0285714285714286
60316,0.333333333333333
60323,0
60324,0.0833333333333333
60326,0.575757575757576
60330,0.166666666666667
60331,0.166666666666667
60332,0.457142857142857
60337,0.0555555555555556
60344,0.111111111111111
60345,0.166666666666667
60351,0.416666666666667
60357,0.305555555555556
60359,0.257142857142857
60360,0.166666666666667
60361,0.333333333333333
60364,0.361111111111111
60367,0.0277777777777778
60370,0.212121212121212
60371,0.388888888888889
60374,0.111111111111111
60376,0.571428571428571
60377,0.111111111111111
60379,0.25
60384,0.277777777777778
60385,0.485714285714286
60387,0.0277777777777778
60388,0.0277777777777778
60400,0.194444444444444
60407,0.111111111111111
60408,0.166666666666667
60410,0.444444444444444
60421,0.222222222222222
60426,0.0555555555555556
60427,0.166666666666667
60432,0.529411764705882
60444,0.428571428571429
60454,0.111111111111111
60456,0.0833333333333333
60457,0
60459,0
60461,0.305555555555556
60471,0.166666666666667
60475,0.138888888888889
60477,0.25
60479,0.222222222222222
60485,0.0277777777777778
60489,0.111111111111111
60499,0.166666666666667
60501,0.0277777777777778
60502,0.0277777777777778
60506,0.361111111111111
60507,0.111111111111111
60513,0.194444444444444
60516,0.472222222222222
60517,0.0277777777777778
60519,0.111111111111111
60525,0.0555555555555556
60528,0.111111111111111
60533,0.166666666666667
60535,0.0555555555555556
60537,0.472222222222222
60545,0.0555555555555556
60551,0.194444444444444
60553,0.424242424242424
60555,0.0555555555555556
60556,0.0833333333333333
60557,0.277777777777778
60558,0.361111111111111
60564,0
60567,0.0555555555555556
60577,0.138888888888889
60583,0.166666666666667
60586,0.0555555555555556
60587,0.0833333333333333
60590,0.361111111111111
60598,0.416666666666667
60599,0.166666666666667
60601,0.0555555555555556
60607,0.257142857142857
60618,0.382352941176471
60628,0.166666666666667
60629,0.111111111111111
60635,0.333333333333333
60638,0.388888888888889
60640,0.138888888888889
60643,0.222222222222222
60644,0.111111111111111
60650,0.257142857142857
60653,0.428571428571429
60655,0.0555555555555556
60658,0.0277777777777778
60664,0.142857142857143
60666,0.0833333333333333
60667,0.166666666666667
60668,0.305555555555556
60673,0.0555555555555556
60676,0.222222222222222
60681,0.0555555555555556
60689,0.111111111111111
60698,0.0555555555555556
60705,0.228571428571429
60706,0
60709,0.111111111111111
60713,0.111111111111111
60719,0.277777777777778
60734,0.222222222222222
60735,0.0833333333333333
60737,0.257142857142857
60738,0.166666666666667
60748,0.285714285714286
60749,0.0277777777777778
60751,0.0606060606060606
60753,0.171428571428571
60754,0.25
60756,0
60758,0.0833333333333333
60759,0.111111111111111
60760,0.0555555555555556
60761,0.222222222222222
60772,0.0833333333333333
60778,0.166666666666667
60779,0.121212121212121
60788,0.111111111111111
60791,0.111111111111111
60799,0.194444444444444
60802,0.138888888888889
60803,0.0555555555555556
60805,0.416666666666667
60811,0.366666666666667
60812,0.277777777777778
60820,0.25
60827,0.361111111111111
60829,0.0833333333333333
60833,0.222222222222222
60840,0.222222222222222
60845,0.166666666666667
60847,0.0277777777777778
60848,0.138888888888889
60854,0.222222222222222
60863,0.277777777777778
60866,0.0555555555555556
60867,0
60870,0.0277777777777778
60873,0.0833333333333333
60875,0.277777777777778
60877,0.142857142857143
60893,0.114285714285714
60895,0.305555555555556
60896,0.25
60899,0.194444444444444
60901,0.0555555555555556
60903,0.371428571428571
60906,0
60908,0.25
60909,0.111111111111111
60914,0.138888888888889
60918,0.0833333333333333
60923,0.111111111111111
60940,0.444444444444444
60946,0.647058823529412
60948,0.222222222222222
60953,0.0833333333333333
60956,0.305555555555556
60958,0.411764705882353
60964,0.111111111111111
60969,0
60971,0.0555555555555556
60975,0.333333333333333
60976,0.194444444444444
60977,0.277777777777778
60982,0.0277777777777778
60986,0.0833333333333333
60994,0.0833333333333333
60998,0.194444444444444
61006,0.0833333333333333
61009,0.111111111111111
61011,0.138888888888889
61020,0.0277777777777778
61021,0.121212121212121
61026,0.0555555555555556
61029,0.222222222222222
61048,0.0277777777777778
61049,0.138888888888889
61053,0.222222222222222
61061,0.0555555555555556
61062,0.0833333333333333
61063,0.25
61071,0.0555555555555556
61072,0.2
61073,0.0555555555555556
61078,0.166666666666667
61081,0.0277777777777778
61085,0.0555555555555556
61088,0.0555555555555556
61091,0.0555555555555556
61098,0.388888888888889
61102,0.111111111111111
61106,0.0555555555555556
61108,0
61110,0.166666666666667
61119,0.0555555555555556
61121,0.0277777777777778
61123,0.194444444444444
61126,0.194444444444444
61133,0.222222222222222
61140,0.0555555555555556
61141,0
61144,0.194444444444444
61151,0.277777777777778
61155,0.166666666666667
61156,0.25
61157,0.111111111111111
61164,0.0277777777777778
61172,0.0833333333333333
61178,0.0285714285714286
61181,0.138888888888889
61183,0.625
61185,0.0277777777777778
61192,0.111111111111111
61193,0.151515151515152
61194,0.111111111111111
61200,0.444444444444444
61202,0.0833333333333333
61203,0.25
61204,0.382352941176471
61206,0.166666666666667
61207,0.4
61213,0.194444444444444
61219,0.205882352941176
61222,0
61224,0
61227,0.0555555555555556
61230,0.138888888888889
61232,0.222222222222222
61239,0.0833333333333333
61244,0.25
61248,0.111111111111111
61261,0.0277777777777778
61265,0.0555555555555556
61266,0.111111111111111
61273,0.194444444444444
61276,0.0833333333333333
61280,0
61291,0.194444444444444
61298,0.0555555555555556
61301,0.0689655172413793
61305,0.393939393939394
61306,0.166666666666667
61308,0.25
61311,0.25
61312,0
61323,0.277777777777778
61326,0.111111111111111
61327,0.6
61329,0.111111111111111
61336,0.0555555555555556
61338,0.111111111111111
61340,0.0555555555555556
61349,0.25
61353,0.2
61356,0.277777777777778
61362,0.194444444444444
61365,0.142857142857143
61366,0.277777777777778
61369,0.0555555555555556
61372,0.25
61377,0.542857142857143
61378,0.0555555555555556
61380,0.166666666666667
61382,0.388888888888889
61393,0.5
61394,0.441176470588235
61396,0.138888888888889
61405,0.0833333333333333
61411,0.257142857142857
61414,0.138888888888889
61421,0.342857142857143
61429,0.166666666666667
61435,0.0555555555555556
61436,0.277777777777778
61439,0.138888888888889
61441,0.166666666666667
61442,0.0833333333333333
61446,0.0833333333333333
61451,0
61453,0.0571428571428571
61458,0.305555555555556
61459,0.388888888888889
61460,0.194444444444444
61471,0.0555555555555556
61479,0.0277777777777778
61482,0.0833333333333333
61486,0.222222222222222
61487,0.0555555555555556
61499,0.0277777777777778
61507,0.25
61514,0.277777777777778
61517,0.25
61530,0.121212121212121
61531,0.138888888888889
61533,0.0277777777777778
61538,0.0277777777777778
61540,0.176470588235294
61541,0.138888888888889
61542,0.0555555555555556
61543,0.111111111111111
61548,0.2
61550,0.444444444444444
61555,0.0833333333333333
61561,0.166666666666667
61565,0.0277777777777778
61571,0.166666666666667
61573,0.264705882352941
61577,0.0555555555555556
61578,0.111111111111111
61579,0.111111111111111
61580,0.0833333333333333
61585,0.0277777777777778
61586,0.0303030303030303
61588,0.0277777777777778
61600,0.0555555555555556
61603,0.333333333333333
61609,0.111111111111111
61612,0.138888888888889
61625,0.305555555555556
61628,0.0833333333333333
61629,0.0285714285714286
61639,0.388888888888889
61642,0.0555555555555556
61647,0.333333333333333
61650,0.388888888888889
61652,0.457142857142857
61653,0.0555555555555556
61654,0
61661,0.0833333333333333
61664,0.0333333333333333
61666,0.0277777777777778
61667,0.4
61672,0.0833333333333333
61675,0.194444444444444
61677,0.0833333333333333
61680,0.111111111111111
61682,0.1
61683,0.277777777777778
61685,0.111111111111111
61686,0.166666666666667
61687,0.25
61696,0.194444444444444
61699,0.0277777777777778
61704,0
61706,0.566666666666667
61707,0.166666666666667
61713,0.0555555555555556
61716,0.0555555555555556
61717,0.222222222222222
61719,0.222222222222222
61727,0.0277777777777778
61730,0
61764,0.628571428571429
61772,0.138888888888889
61773,0.0833333333333333
61775,0.25
61777,0.111111111111111
61778,0.0833333333333333
61789,0
61790,0.138888888888889
61792,0.0555555555555556
61795,0
61805,0.361111111111111
61809,0.25
61817,0.194444444444444
61821,0.342857142857143
61822,0.0833333333333333
61823,0.277777777777778
61828,0
61830,0.0277777777777778
61831,0.472222222222222
61836,0.0555555555555556
61839,0.166666666666667
61843,0.235294117647059
61848,0.25
61850,0.228571428571429
61864,0.228571428571429
61866,0.194444444444444
61873,0.382352941176471
61874,0.25
61875,0
61878,0.111111111111111
61880,0.222222222222222
61885,0.0833333333333333
61890,0.111111111111111
61894,0.285714285714286
61903,0.0833333333333333
61904,0.277777777777778
61905,0.194444444444444
61907,0.361111111111111
61908,0.194444444444444
61913,0.333333333333333
61914,0.235294117647059
61928,0.138888888888889
61932,0.111111111111111
61943,0.0277777777777778
61947,0.138888888888889
61948,0.138888888888889
61949,0.138888888888889
61951,0.416666666666667
61953,0.0303030303030303
61958,0
61960,0.333333333333333
61962,0.166666666666667
61964,0.361111111111111
61967,0.305555555555556
61968,0.111111111111111
61974,0.0277777777777778
61979,0
61981,0.0833333333333333
61983,0.0277777777777778
61986,0.0833333333333333
61987,0.333333333333333
62000,0.166666666666667
62005,0.0833333333333333
62013,0.0555555555555556
62017,0.361111111111111
62019,0.361111111111111
62027,0.111111111111111
62030,0.0555555555555556
62035,0.166666666666667
62036,0.0285714285714286
62037,0.0555555555555556
62041,0.333333333333333
62045,0.277777777777778
62048,0.305555555555556
62049,0.0555555555555556
62050,0.138888888888889
62058,0.277777777777778
62060,0.305555555555556
62063,0.194444444444444
62064,0.166666666666667
62065,0.0555555555555556
62070,0.0606060606060606
62076,0.166666666666667
62081,0.0277777777777778
62085,0.111111111111111
62087,0.111111111111111
62091,0.194444444444444
62093,0.194444444444444
62097,0.0555555555555556
62102,0
62103,0
62107,0.166666666666667
62108,0.305555555555556
62112,0.166666666666667
62117,0.333333333333333
62122,0.305555555555556
62123,0.333333333333333
62125,0.0277777777777778
62126,0.0277777777777778
62130,0.138888888888889
62132,0.25
62136,0.0555555555555556
62142,0.111111111111111
62152,0.111111111111111
62158,0.194444444444444
62160,0.0833333333333333
62174,0.305555555555556
62177,0.111111111111111
62178,0.194444444444444
62179,0.0277777777777778
62191,0.257142857142857
62199,0
62209,0.25
62215,0.277777777777778
62217,0.371428571428571
62223,0.0555555555555556
62226,0.0277777777777778
62228,0.111111111111111
62230,0.194444444444444
62233,0.388888888888889
62236,0.0277777777777778
62237,0.0277777777777778
62248,0.352941176470588
62251,0.111111111111111
62255,0.277777777777778
62256,0.305555555555556
62259,0.361111111111111
62264,0.138888888888889
62265,0.0833333333333333
62266,0.305555555555556
62277,0.0833333333333333
62278,0.0555555555555556
62279,0.228571428571429
62280,0.264705882352941
62282,0.277777777777778
62284,0.0277777777777778
62287,0.111111111111111
62289,0.0555555555555556
62291,0.277777777777778
62292,0.558823529411765
62293,0.138888888888889
62295,0.441176470588235
62302,0.111111111111111
62303,0.25
62307,0.361111111111111
62308,0.0833333333333333
62312,0.166666666666667
62314,0.111111111111111
62320,0.2
62324,0.0285714285714286
62326,0.0277777777777778
62336,0.0277777777777778
62347,0.166666666666667
62353,0.333333333333333
62359,0.0833333333333333
62366,0.166666666666667
62367,0.0277777777777778
62368,0.4
62372,0.0555555555555556
62377,0.222222222222222
62378,0.333333333333333
62388,0.361111111111111
62397,0.194444444444444
62399,0.111111111111111
62409,0.472222222222222
62411,0.0833333333333333
62413,0.416666666666667
62418,0.333333333333333
62419,0.0555555555555556
62422,0.0833333333333333
62431,0.138888888888889
62434,0.0555555555555556
62439,0.166666666666667
62441,0.138888888888889
62450,0.5
62454,0.166666666666667
62457,0.0277777777777778
62467,0.0277777777777778
62471,0.361111111111111
62474,0.46875
62487,0.0277777777777778
62491,0
62500,0
62509,0.0555555555555556
62510,0.194444444444444
62517,0.228571428571429
62519,0.4
62521,0.133333333333333
62522,0.222222222222222
62526,0.0277777777777778
62527,0.166666666666667
62529,0.0833333333333333
62530,0.0555555555555556
62539,0.194444444444444
62546,0.0555555555555556
62548,0.0277777777777778
62549,0
62560,0
62567,0.323529411764706
62569,0.393939393939394
62572,0.242424242424242
62576,0.111111111111111
62577,0.0555555555555556
62579,0.166666666666667
62585,0.171428571428571
62586,0.0857142857142857
62587,0.0555555555555556
62589,0.111111111111111
62593,0.277777777777778
62596,0
62597,0.222222222222222
62599,0.222222222222222
62601,0.138888888888889
62602,0.0833333333333333
62604,0.388888888888889
62619,0.333333333333333
62623,0.0833333333333333
62625,0.138888888888889
62630,0.138888888888889
62633,0.0277777777777778
62634,0.111111111111111
62644,0.388888888888889
62646,0
62648,0.470588235294118
62649,0.138888888888889
62650,0.194444444444444
62651,0.138888888888889
62658,0.0277777777777778
62664,0.25
62665,0.0833333333333333
62671,0.111111111111111
62678,0.111111111111111
62682,0.194444444444444
62683,0.0277777777777778
62686,0.416666666666667
62693,0.444444444444444
62704,0.277777777777778
62708,0.0555555555555556
62714,0.361111111111111
62718,0.0277777777777778
62719,0.0555555555555556
62720,0.0277777777777778
62724,0.0277777777777778
62727,0.388888888888889
62732,0.171428571428571
62734,0.424242424242424
62737,0.121212121212121
62739,0.133333333333333
62742,0.25
62745,0.0277777777777778
62747,0.111111111111111
62757,0.0857142857142857
62761,0.138888888888889
62764,0.388888888888889
62773,0
62792,0.0277777777777778
62793,0.111111111111111
62798,0
62804,0.166666666666667
62806,0.138888888888889
62807,0.0555555555555556
62809,0.111111111111111
62812,0.0277777777777778
62813,0.138888888888889
62814,0.0833333333333333
62818,0.294117647058824
62819,0
62820,0.305555555555556
62821,0.277777777777778
62835,0.222222222222222
62840,0.303030303030303
62859,0.0833333333333333
62860,0.0277777777777778
62861,0.222222222222222
62864,0.25
62876,0.0833333333333333
62880,0.0833333333333333
62881,0.0555555555555556
62882,0.0833333333333333
62883,0.222222222222222
62885,0.0606060606060606
62887,0.194444444444444
62891,0.194444444444444
62892,0.222222222222222
62900,0.0833333333333333
62901,0.0277777777777778
62924,0.361111111111111
62927,0.111111111111111
62929,0.111111111111111
62935,0.0277777777777778
62937,0.0606060606060606
62940,0.0833333333333333
62941,0.0555555555555556
62948,0.444444444444444
62958,0.277777777777778
62971,0.111111111111111
62979,0.0833333333333333
62982,0.277777777777778
62985,0.0277777777777778
62990,0.138888888888889
62997,0.111111111111111
63002,0.166666666666667
63006,0.0666666666666667
63007,0.222222222222222
63010,0.457142857142857
63012,0.0833333333333333
63013,0.527777777777778
63015,0.0571428571428571
63019,0.342857142857143
63024,0.305555555555556
63036,0.305555555555556
63040,0.0303030303030303
63045,0.0555555555555556
63064,0.0833333333333333
63070,0.333333333333333
63071,0.0833333333333333
63076,0.0555555555555556
63081,0.0277777777777778
63082,0.277777777777778
63083,0.25
63086,0.222222222222222
63091,0.111111111111111
63094,0.166666666666667
63097,0.111111111111111
63106,0.305555555555556
63107,0.0833333333333333
63112,0.166666666666667
63123,0.277777777777778
63124,0.138888888888889
63132,0.166666666666667
63134,0.361111111111111
63142,0.138888888888889
63143,0.194444444444444
63145,0.0833333333333333
63152,0.0277777777777778
63156,0.222222222222222
63160,0.0833333333333333
63162,0.111111111111111
63164,0
63170,0.138888888888889
63172,0.138888888888889
63177,0.314285714285714
63180,0
63181,0.138888888888889
63187,0.277777777777778
63188,0.277777777777778
63190,0.0833333333333333
63194,0.0857142857142857
63195,0.0277777777777778
63198,0.194444444444444
63200,0.194444444444444
63203,0.5
63205,0.277777777777778
63212,0.472222222222222
63215,0.305555555555556
63216,0
63221,0.25
63222,0
63223,0.0277777777777778
63225,0.111111111111111
63236,0.138888888888889
63238,0.222222222222222
63242,0.314285714285714
63248,0.25
63249,0.0833333333333333
63251,0.444444444444444
63254,0.0833333333333333
63262,0.151515151515152
63263,0.138888888888889
63267,0.416666666666667
63269,0.111111111111111
63273,0.166666666666667
63276,0.111111111111111
63284,0.166666666666667
63285,0.111111111111111
63287,0.25
63288,0.166666666666667
63293,0.0555555555555556
63294,0.0833333333333333
63295,0.0833333333333333
63296,0
63297,0.0277777777777778
63301,0.166666666666667
63310,0.305555555555556
63311,0.194444444444444
63312,0.111111111111111
63313,0.194444444444444
63315,0
63326,0.0555555555555556
63328,0.0285714285714286
63329,0.0833333333333333
63330,0.111111111111111
63333,0.0555555555555556
63345,0.0277777777777778
63352,0.111111111111111
63360,0.571428571428571
63361,0.0555555555555556
63363,0.305555555555556
63365,0.111111111111111
63374,0
63383,0.0277777777777778
63385,0.0555555555555556
63389,0.0833333333333333
63390,0.222222222222222
63391,0.0555555555555556
63396,0.194444444444444
63397,0.0285714285714286
63398,0.314285714285714
63405,0.0555555555555556
63409,0.138888888888889
63413,0.166666666666667
63420,0.277777777777778
63422,0.166666666666667
63425,0.166666666666667
63426,0.0833333333333333
63436,0.222222222222222
63438,0.111111111111111
63439,0.25
63440,0.151515151515152
63442,0.222222222222222
63448,0.25
63456,0.111111111111111
63459,0.2
63463,0.111111111111111
63465,0.0277777777777778
63468,0.111111111111111
63471,0.444444444444444
63473,0.388888888888889
63474,0.25
63484,0.111111111111111
63491,0.0555555555555556
63493,0.0555555555555556
63496,0.0909090909090909
63498,0.222222222222222
63502,0.277777777777778
63504,0.0833333333333333
63506,0.0333333333333333
63507,0.277777777777778
63510,0.0277777777777778
63512,0.166666666666667
63514,0.305555555555556
63515,0.0277777777777778
63516,0.0833333333333333
63519,0.0555555555555556
63524,0.166666666666667
63530,0.166666666666667
63532,0.194444444444444
63538,0.0833333333333333
63540,0.305555555555556
63541,0.0833333333333333
63543,0.176470588235294
63544,0.138888888888889
63545,0.0555555555555556
63546,0.171428571428571
63550,0.305555555555556
63551,0
63552,0
63553,0.277777777777778
63554,0.194444444444444
63556,0.0555555555555556
63566,0.333333333333333
63579,0.416666666666667
63582,0.111111111111111
63583,0.138888888888889
63588,0.25
63589,0.25
63593,0.222222222222222
63596,0.0555555555555556
63608,0.0555555555555556
63609,0.111111111111111
63611,0.529411764705882
63614,0.0588235294117647
63620,0.305555555555556
63621,0.0555555555555556
63623,0.242424242424242
63627,0.222222222222222
63632,0.277777777777778
63635,0.388888888888889
63639,0.0833333333333333
63659,0.361111111111111
63662,0.111111111111111
63664,0.166666666666667
63665,0.0555555555555556
63666,0.138888888888889
63680,0.0277777777777778
63683,0.25
63684,0.0277777777777778
63685,0
63686,0.0277777777777778
63687,0.1
63689,0.0833333333333333
63701,0.0555555555555556
63704,0.428571428571429
63707,0.0555555555555556
63708,0.277777777777778
63713,0.0833333333333333
63717,0.0555555555555556
63718,0.0555555555555556
63723,0.305555555555556
63729,0.0277777777777778
63731,0.0303030303030303
63732,0.194444444444444
63733,0.0555555555555556
63739,0.323529411764706
63741,0.0555555555555556
63744,0.0277777777777778
63752,0.2
63759,0.0555555555555556
63765,0.75
63766,0.0555555555555556
63767,0.111111111111111
63768,0
63772,0.0277777777777778
63773,0.0833333333333333
63781,0.0833333333333333
63795,0.5
63799,0.222222222222222
63801,0.388888888888889
63804,0.0833333333333333
63805,0.333333333333333
63806,0.194444444444444
63807,0.194444444444444
63813,0.138888888888889
63820,0.0277777777777778
63827,0.194444444444444
63828,0.166666666666667
63830,0.314285714285714
63834,0.138888888888889
63835,0.366666666666667
63837,0.138888888888889
63838,0.138888888888889
63839,0.277777777777778
63844,0.275862068965517
63847,0
63852,0.0277777777777778
63859,0.0555555555555556
63860,0.0277777777777778
63861,0.0277777777777778
63862,0.25
63868,0.0555555555555556
63873,0.111111111111111
63875,0.194444444444444
63879,0.5
63880,0.133333333333333
63884,0.0606060606060606
63887,0.194444444444444
63890,0.361111111111111
63891,0.222222222222222
63898,0
63902,0.138888888888889
63907,0.0833333333333333
63908,0.0277777777777778
63909,0.194444444444444
63911,0.25
63917,0.416666666666667
63923,0.0555555555555556
63939,0.0277777777777778
63941,0.0833333333333333
63948,0.111111111111111
63949,0.0277777777777778
63955,0.138888888888889
63957,0.25
63958,0.0555555555555556
63963,0.0555555555555556
63965,0.2
63968,0.303030303030303
63974,0
63982,0.25
63986,0.428571428571429
63989,0.294117647058824
63995,0.111111111111111
63997,0.111111111111111
64011,0.4
64013,0.138888888888889
64021,0.0833333333333333
64024,0.222222222222222
64034,0.166666666666667
64036,0.333333333333333
64048,0
64052,0.111111111111111
64055,0.361111111111111
64058,0.0277777777777778
64059,0.138888888888889
64063,0.361111111111111
64071,0.111111111111111
64072,0.0555555555555556
64082,0.0555555555555556
64083,0.361111111111111
64084,0.342857142857143
64089,0.0555555555555556
64091,0
64098,0.138888888888889
64099,0.194444444444444
64102,0.424242424242424
64107,0.257142857142857
64113,0.314285714285714
64120,0.181818181818182
64122,0.166666666666667
64127,0.25
64128,0.222222222222222
64130,0.222222222222222
64131,0.166666666666667
64137,0.266666666666667
64141,0.342857142857143
64142,0.0833333333333333
64143,0.382352941176471
64154,0.111111111111111
64157,0.0555555555555556
64159,0.277777777777778
64161,0.111111111111111
64172,0.444444444444444
64175,0.222222222222222
64176,0.0606060606060606
64179,0.0277777777777778
64181,0.166666666666667
64182,0.138888888888889
64184,0.138888888888889
64186,0.166666666666667
64191,0.138888888888889
64194,0
64197,0.342857142857143
64198,0.138888888888889
64206,0.441176470588235
64215,0.294117647058824
64217,0
64219,0.361111111111111
64226,0.305555555555556
64227,0.111111111111111
64229,0.0277777777777778
64231,0.222222222222222
64235,0.0555555555555556
64245,0
64252,0.194444444444444
64256,0.138888888888889
64261,0.0555555555555556
64263,0.0833333333333333
64276,0.138888888888889
64284,0.222222222222222
64286,0.0555555555555556
64290,0.111111111111111
64291,0.433333333333333
64298,0.171428571428571
64299,0.0555555555555556
64301,0.0606060606060606
64309,0.388888888888889
64312,0.194444444444444
64313,0.0833333333333333
64315,0
64328,0.342857142857143
64329,0.0833333333333333
64341,0
64343,0.222222222222222
64347,0.222222222222222
64354,0.138888888888889
64360,0.0833333333333333
64362,0.305555555555556
64364,0.25
64368,0.138888888888889
64369,0.0833333333333333
64374,0.0555555555555556
64376,0.277777777777778
64377,0.0277777777777778
64381,0.0277777777777778
64388,0.0277777777777778
64396,0.0277777777777778
64397,0.133333333333333
64405,0.121212121212121
64407,0
64412,0.333333333333333
64415,0.138888888888889
64419,0.264705882352941
64420,0.0833333333333333
64430,0.5
64433,0.361111111111111
64439,0.0833333333333333
64450,0.111111111111111
64459,0.194444444444444
64463,0.0833333333333333
64472,0.444444444444444
64473,0.416666666666667
64475,0.0555555555555556
64489,0.333333333333333
64495,0.194444444444444
64497,0.333333333333333
64499,0.0833333333333333
64501,0.416666666666667
64503,0.388888888888889
64504,0.138888888888889
64507,0.3
64511,0.0555555555555556
64530,0.0555555555555556
64536,0.222222222222222
64540,0.333333333333333
64544,0.0555555555555556
64548,0.121212121212121
64550,0.138888888888889
64552,0.111111111111111
64553,0.138888888888889
64558,0.0277777777777778
64559,0.305555555555556
64564,0.0833333333333333
64576,0.222222222222222
64582,0.138888888888889
64591,0.138888888888889
64598,0.0277777777777778
64602,0
64604,0.0833333333333333
64606,0.111111111111111
64609,0.0555555555555556
64610,0.0277777777777778
64611,0.0555555555555556
64617,0.0303030303030303
64625,0.138888888888889
64634,0.222222222222222
64637,0.2
64639,0.222222222222222
64640,0.457142857142857
64643,0.0571428571428571
64646,0.25
64651,0.25
64656,0.0277777777777778
64658,0.0555555555555556
64667,0.0666666666666667
64669,0.0833333333333333
64676,0.0555555555555556
64701,0.0833333333333333
64704,0.305555555555556
64705,0.194444444444444
64709,0.305555555555556
64721,0.25
64726,0.0277777777777778
64727,0.142857142857143
64734,0.111111111111111
64742,0
64752,0.194444444444444
64753,0.114285714285714
64756,0.138888888888889
64759,0.314285714285714
64769,0.0555555555555556
64771,0.138888888888889
64777,0.0277777777777778
64782,0.314285714285714
64785,0.379310344827586
64789,0.0555555555555556
64795,0.366666666666667
64800,0.0277777777777778
64801,0.0277777777777778
64806,0.194444444444444
64813,0.388888888888889
64821,0.166666666666667
64822,0.277777777777778
64824,0.277777777777778
64825,0.138888888888889
64828,0.111111111111111
64843,0.0555555555555556
64848,0.25
64854,0.138888888888889
64857,0.333333333333333
64858,0.388888888888889
64860,0.0833333333333333
64867,0.515151515151515
64870,0.533333333333333
64880,0.0555555555555556
64882,0
64886,0.388888888888889
64889,0.388888888888889
64895,0.111111111111111
64904,0.0555555555555556
64906,0.416666666666667
64908,0.0555555555555556
64909,0.138888888888889
64923,0.222222222222222
64928,0.444444444444444
64930,0.472222222222222
64931,0.277777777777778
64937,0.111111111111111
64942,0.257142857142857
64946,0.416666666666667
64948,0.222222222222222
64954,0.181818181818182
64961,0.138888888888889
64963,0.0833333333333333
64964,0.138888888888889
64968,0
64971,0.138888888888889
64972,0
64973,0.285714285714286
64976,0.222222222222222
64977,0.0833333333333333
64978,0.0555555555555556
64980,0.222222222222222
64983,0.25
64985,0.194444444444444
64992,0.194444444444444
64995,0.388888888888889
64998,0.0833333333333333
65002,0.194444444444444
65005,0.0555555555555556
65009,0.416666666666667
65012,0.382352941176471
65014,0.138888888888889
65020,0.0833333333333333
65028,0.166666666666667
65032,0.0833333333333333
65040,0.111111111111111
65045,0.242424242424242
65046,0.166666666666667
65048,0.25
65050,0.303030303030303
65051,0.361111111111111
65056,0.6
65058,0.388888888888889
65069,0.138888888888889
65071,0.114285714285714
65076,0.0277777777777778
65078,0.233333333333333
65080,0.111111111111111
65085,0.0277777777777778
65087,0.114285714285714
65097,0.305555555555556
65098,0.138888888888889
65101,0.305555555555556
65112,0.0555555555555556
65126,0.111111111111111
65135,0.0555555555555556
65143,0.0277777777777778
65145,0.166666666666667
65150,0.166666666666667
65153,0.277777777777778
65157,0.194444444444444
65161,0.371428571428571
65163,0.138888888888889
65165,0.111111111111111
65169,0.0555555555555556
65183,0.0857142857142857
65184,0
65188,0.138888888888889
65189,0.147058823529412
65190,0.277777777777778
65192,0
65199,0.0555555555555556
65201,0.222222222222222
65205,0.0833333333333333
65209,0.166666666666667
65213,0.222222222222222
65218,0.25
65220,0.457142857142857
65234,0.225806451612903
65236,0.428571428571429
65239,0.0909090909090909
65240,0.0277777777777778
65248,0.138888888888889
65255,0.0555555555555556
65260,0.1
65265,0.0277777777777778
65266,0
65280,0.371428571428571
65289,0.194444444444444
65293,0.444444444444444
65296,0.277777777777778
65297,0.0303030303030303
65308,0.111111111111111
65316,0.0277777777777778
65318,0.2
65319,0.138888888888889
65325,0.25
65328,0.0555555555555556
65331,0.0555555555555556
65334,0.542857142857143
65335,0.0277777777777778
65337,0.138888888888889
65339,0.361111111111111
65344,0.0833333333333333
65352,0.0555555555555556
65366,0.0555555555555556
65374,0.5
65375,0.0555555555555556
65384,0.222222222222222
65391,0.0303030303030303
65393,0.4
65394,0.0277777777777778
65395,0.111111111111111
65396,0.0833333333333333
65398,0.138888888888889
65399,0.0277777777777778
65401,0.333333333333333
65403,0.194444444444444
65410,0.138888888888889
65417,0.342857142857143
65421,0.0555555555555556
65423,0.0277777777777778
65427,0.388888888888889
65431,0.25
65433,0.393939393939394
65440,0.472222222222222
65446,0.0833333333333333
65448,0.484848484848485
65458,0.111111111111111
65460,0.0277777777777778
65461,0.111111111111111
65469,0.166666666666667
65473,0.0833333333333333
65474,0.0555555555555556
65477,0
65478,0.111111111111111
65479,0.111111111111111
65481,0.342857142857143
65492,0.0277777777777778
65505,0.0833333333333333
65506,0.0833333333333333
65510,0.142857142857143
65514,0.0833333333333333
65522,0.361111111111111
65524,0.0303030303030303
65525,0.194444444444444
65536,0.0833333333333333
65547,0.25
65549,0.222222222222222
65561,0.470588235294118
65562,0.25
65571,0.228571428571429
65572,0.166666666666667
65577,0
65587,0.138888888888889
65589,0.166666666666667
65592,0.228571428571429
65593,0
65594,0.305555555555556
65596,0.194444444444444
65599,0.416666666666667
65603,0.0833333333333333
65605,0.0666666666666667
65613,0
65621,0.444444444444444
65628,0.416666666666667
65629,0
65633,0.0555555555555556
65634,0.111111111111111
65636,0.0555555555555556
65637,0.0555555555555556
65640,0.222222222222222
65645,0.0277777777777778
65648,0.583333333333333
65650,0.194444444444444
65655,0.0833333333333333
65659,0
65660,0.277777777777778
65674,0.444444444444444
65675,0.114285714285714
65679,0.314285714285714
65682,0.0277777777777778
65683,0.0277777777777778
65687,0.371428571428571
65688,0.166666666666667
65699,0.0277777777777778
65702,0.111111111111111
65705,0.444444444444444
65707,0.111111111111111
65708,0.0857142857142857
65712,0.138888888888889
65713,0.0285714285714286
65714,0.2
65716,0.472222222222222
65730,0.0833333333333333
65735,0.111111111111111
65736,0.303030303030303
65737,0.111111111111111
65739,0.277777777777778
65740,0.166666666666667
65748,0.151515151515152
65751,0.0277777777777778
65754,0.342857142857143
65758,0.285714285714286
65763,0.0555555555555556
65764,0.352941176470588
65768,0.0555555555555556
65771,0.0277777777777778
65772,0.514285714285714
65782,0.0277777777777778
65784,0.111111111111111
65796,0.0666666666666667
65797,0
65800,0.277777777777778
65804,0.111111111111111
65808,0.194444444444444
65820,0.527777777777778
65822,0.0277777777777778
65824,0.194444444444444
65837,0.333333333333333
65838,0.194444444444444
65841,0.0833333333333333
65844,0.766666666666667
65846,0.0277777777777778
65849,0.166666666666667
65850,0.371428571428571
65854,0.0833333333333333
65856,0
65857,0.138888888888889
65862,0.25
65867,0.0555555555555556
65868,0.111111111111111
65869,0.277777777777778
65883,0.138888888888889
65885,0.194444444444444
65892,0.277777777777778
65893,0.111111111111111
65895,0.0333333333333333
65898,0.0555555555555556
65905,0.111111111111111
65911,0.277777777777778
65914,0.366666666666667
65923,0
65927,0.111111111111111
65929,0.0555555555555556
65930,0.111111111111111
65937,0.466666666666667
65944,0.0277777777777778
65951,0.0555555555555556
65954,0.111111111111111
65955,0.114285714285714
65962,0.314285714285714
65963,0.0555555555555556
65974,0.138888888888889
65978,0
65990,0.166666666666667
65992,0.111111111111111
65993,0.0833333333333333
65994,0.2
65998,0.166666666666667
65999,0.194444444444444
66000,0.0277777777777778
66001,0.222222222222222
66015,0.0277777777777778
66026,0.0833333333333333
66031,0.303030303030303
66036,0.111111111111111
66041,0.0555555555555556
66043,0.0555555555555556
66045,0.4
66049,0.166666666666667
66050,0.114285714285714
66053,0.0555555555555556
66056,0.138888888888889
66058,0.0277777777777778
66059,0.111111111111111
66066,0.583333333333333
66068,0.257142857142857
66070,0.25
66071,0.166666666666667
66077,0.111111111111111
66079,0.305555555555556
66084,0.25
66092,0.111111111111111
66095,0.0833333333333333
66104,0.138888888888889
66108,0.242424242424242
66110,0.0833333333333333
66115,0.0277777777777778
66126,0.0277777777777778
66127,0.0277777777777778
66129,0
66140,0.222222222222222
66141,0.138888888888889
66147,0.0333333333333333
66150,0.586206896551724
66152,0.0833333333333333
66153,0.171428571428571
66154,0.138888888888889
66157,0.194444444444444
66161,0.375
66162,0.111111111111111
66169,0.138888888888889
66178,0.166666666666667
66191,0.222222222222222
66192,0.166666666666667
66194,0.0555555555555556
66197,0.194444444444444
66199,0.0277777777777778
66202,0.111111111111111
66206,0.0555555555555556
66207,0.138888888888889
66208,0.0277777777777778
66210,0.416666666666667
66214,0.277777777777778
66217,0.111111111111111
66224,0.0277777777777778
66227,0.111111111111111
66229,0.0833333333333333
66230,0.111111111111111
66237,0
66238,0.194444444444444
66239,0.111111111111111
66241,0.0833333333333333
66247,0.0833333333333333
66254,0.111111111111111
66261,0.111111111111111
66263,0.0833333333333333
66264,0.0555555555555556
66268,0.111111111111111
66270,0.166666666666667
66271,0.5
66279,0
66280,0.2
66281,0.0555555555555556
66285,0.0277777777777778
66290,0.0555555555555556
66294,0.416666666666667
66295,0.388888888888889
66297,0.166666666666667
66306,0.0277777777777778
66308,0.138888888888889
66310,0.0277777777777778
66312,0.166666666666667
66321,0.111111111111111
66327,0.111111111111111
66331,0.314285714285714
66336,0.0833333333333333
66341,0.111111111111111
66347,0.2
66351,0.138888888888889
66355,0.0833333333333333
66358,0.0277777777777778
66362,0.0555555555555556
66371,0.111111111111111
66373,0.361111111111111
66378,0
66381,0.138888888888889
66386,0.0303030303030303
66389,0.166666666666667
66397,0.0666666666666667
66399,0.166666666666667
66402,0.0833333333333333
66405,0.0833333333333333
66416,0.111111111111111
66421,0.222222222222222
66425,0.212121212121212
66427,0.111111111111111
66429,0.222222222222222
66436,0.111111111111111
66449,0.0555555555555556
66451,0.0555555555555556
66456,0.0833333333333333
66457,0.166666666666667
66458,0.333333333333333
66462,0.111111111111111
66472,0.277777777777778
66473,0.0277777777777778
66475,0.0555555555555556
66476,0.0555555555555556
66503,0.0277777777777778
66504,0.138888888888889
66507,0.25
66509,0.133333333333333
66511,0.314285714285714
66513,0.257142857142857
66515,0
66518,0.138888888888889
66520,0.0277777777777778
66524,0.166666666666667
66527,0.0555555555555556
66531,0.0277777777777778
66533,0.314285714285714
66536,0.0833333333333333
66538,0.2
66541,0.0555555555555556
66542,0.305555555555556
66543,0.0666666666666667
66547,0.0277777777777778
66553,0.138888888888889
66554,0
66556,0.111111111111111
66558,0.0277777777777778
66563,0.138888888888889
66565,0
66568,0.0277777777777778
66569,0.0333333333333333
66573,0.166666666666667
66582,0
66583,0.0277777777777778
66594,0.5
66597,0.138888888888889
66600,0.0555555555555556
66612,0.0833333333333333
66619,0.0555555555555556
66620,0.138888888888889
66623,0.342857142857143
66630,0
66631,0.111111111111111
66635,0.222222222222222
66644,0.0555555555555556
66646,0.0277777777777778
66649,0.205882352941176
66661,0.0277777777777778
66663,0.0555555555555556
66668,0.0555555555555556
66669,0.166666666666667
66670,0.0555555555555556
66672,0.0277777777777778
66674,0.5
66680,0.138888888888889
66686,0.0277777777777778
66687,0.171428571428571
66690,0.264705882352941
66695,0.194444444444444
66701,0.194444444444444
66708,0.0277777777777778
66710,0.0555555555555556
66713,0.138888888888889
66715,0.433333333333333
66718,0.222222222222222
66720,0.0555555555555556
66725,0.0277777777777778
66728,0.194444444444444
66729,0.0833333333333333
66736,0
66738,0.0277777777777778
66741,0.194444444444444
66743,0.0571428571428571
66744,0.484848484848485
66747,0.0277777777777778
66749,0.5
66750,0.138888888888889
66752,0.142857142857143
66758,0.416666666666667
66759,0.25
66763,0.333333333333333
66765,0.533333333333333
66781,0.0555555555555556
66785,0
66793,0.25
66796,0.138888888888889
66798,0.138888888888889
66804,0.138888888888889
66808,0
66817,0.166666666666667
66826,0
66832,0.305555555555556
66835,0.0967741935483871
66838,0.222222222222222
66848,0.0555555555555556
66863,0.138888888888889
66869,0.0833333333333333
66873,0.138888888888889
66875,0.371428571428571
66876,0.222222222222222
66877,0.444444444444444
66885,0.194444444444444
66889,0
66893,0.138888888888889
66896,0.138888888888889
66901,0.222222222222222
66908,0.393939393939394
66914,0
66915,0.194444444444444
66918,0.111111111111111
66920,0.111111111111111
66926,0.0277777777777778
66928,0.151515151515152
66929,0.111111111111111
66932,0.25
66938,0.138888888888889
66944,0.166666666666667
66945,0.111111111111111
66947,0.0277777777777778
66949,0.0666666666666667
66957,0.194444444444444
66958,0.0833333333333333
66974,0.138888888888889
66982,0.388888888888889
66984,0.111111111111111
66985,0.388888888888889
66994,0.0833333333333333
67001,0.0277777777777778
67003,0.111111111111111
67011,0.25
67020,0.222222222222222
67021,0.0277777777777778
67022,0.257142857142857
67025,0.416666666666667
67037,0.166666666666667
67046,0.25
67047,0.166666666666667
67049,0.551724137931034
67052,0.361111111111111
67053,0.111111111111111
67055,0.277777777777778
67056,0.0555555555555556
67066,0.111111111111111
67070,0.111111111111111
67078,0.366666666666667
67081,0
67088,0.470588235294118
67092,0.138888888888889
67094,0.166666666666667
67095,0.0833333333333333
67098,0.0833333333333333
67107,0.413793103448276
67112,0.0606060606060606
67113,0.0909090909090909
67115,0.0277777777777778
67137,0.194444444444444
67141,0.194444444444444
67144,0
67148,0.310344827586207
67149,0.166666666666667
67159,0.138888888888889
67171,0.0294117647058824
67177,0.194444444444444
67180,0.371428571428571
67183,0.0277777777777778
67189,0.194444444444444
67192,0.212121212121212
67194,0.0833333333333333
67197,0.5
67198,0.0833333333333333
67208,0.111111111111111
67209,0.277777777777778
67210,0.138888888888889
67222,0.138888888888889
67225,0.416666666666667
67229,0.166666666666667
67230,0.0833333333333333
67237,0.0555555555555556
67239,0.0833333333333333
67243,0.25
67249,0.0277777777777778
67258,0.222222222222222
67264,0.194444444444444
67269,0.0833333333333333
67275,0.111111111111111
67276,0.111111111111111
67283,0.0277777777777778
67285,0.111111111111111
67291,0.0833333333333333
67293,0.0833333333333333
67306,0.0277777777777778
67309,0.138888888888889
67314,0.166666666666667
67315,0.0277777777777778
67321,0.222222222222222
67327,0.138888888888889
67329,0.194444444444444
67337,0.0833333333333333
67339,0.333333333333333
67341,0.111111111111111
67343,0.0277777777777778
67346,0.142857142857143
67347,0.333333333333333
67353,0.111111111111111
67359,0.138888888888889
67361,0.272727272727273
67363,0.0277777777777778
67365,0.194444444444444
67373,0.194444444444444
67376,0.4
67380,0.2
67381,0.194444444444444
67389,0.166666666666667
67390,0.166666666666667
67395,0.138888888888889
67399,0.0277777777777778
67400,0.0555555555555556
67402,0.472222222222222
67407,0
67408,0.111111111111111
67412,0.515151515151515
67413,0.333333333333333
67414,0.166666666666667
67417,0.0833333333333333
67418,0.138888888888889
67429,0.138888888888889
67431,0
67433,0.138888888888889
67434,0.0277777777777778
67435,0.0277777777777778
67438,0.25
67441,0.0555555555555556
67447,0
67450,0.0277777777777778
67452,0
67454,0.0555555555555556
67455,0.0833333333333333
67460,0.25
67466,0.0833333333333333
67473,0.233333333333333
67475,0.111111111111111
67477,0.0555555555555556
67480,0.111111111111111
67481,0.111111111111111
67483,0.111111111111111
67487,0.444444444444444
67489,0.222222222222222
67493,0.114285714285714
67499,0.0833333333333333
67501,0.194444444444444
67502,0.0606060606060606
67505,0.0277777777777778
67509,0.194444444444444
67513,0.305555555555556
67515,0.0833333333333333
67519,0.277777777777778
67520,0.5
67521,0.222222222222222
67525,0.0277777777777778
67530,0.138888888888889
67532,0.0833333333333333
67534,0.0571428571428571
67535,0.444444444444444
67544,0.0606060606060606
67548,0.277777777777778
67555,0.222222222222222
67560,0.222222222222222
67563,0.352941176470588
67566,0.366666666666667
67567,0.361111111111111
67573,0.457142857142857
67577,0.0277777777777778
67580,0.25
67585,0.138888888888889
67586,0.228571428571429
67587,0.194444444444444
67589,0.111111111111111
67596,0.0833333333333333
67598,0.222222222222222
67603,0.0555555555555556
67607,0
67614,0.111111111111111
67616,0.138888888888889
67618,0.222222222222222
67619,0.0833333333333333
67620,0.366666666666667
67625,0.5
67629,0.0555555555555556
67632,0.0277777777777778
67635,0.166666666666667
67640,0.111111111111111
67643,0.166666666666667
67644,0.0833333333333333
67647,0.277777777777778
67658,0.25
67661,0.0833333333333333
67666,0.0833333333333333
67668,0.277777777777778
67675,0.0857142857142857
67683,0.0833333333333333
67694,0.25
67696,0.0555555555555556
67698,0
67700,0.333333333333333
67701,0.0277777777777778
67703,0.111111111111111
67709,0.0833333333333333
67710,0.0833333333333333
67713,0.194444444444444
67714,0.138888888888889
67716,0.111111111111111
67717,0.0833333333333333
67720,0.0277777777777778
67721,0.361111111111111
67726,0.111111111111111
67728,0.114285714285714
67732,0.0555555555555556
67740,0.0303030303030303
67743,0.0555555555555556
67745,0.25
67764,0.305555555555556
67766,0.166666666666667
67767,0.0303030303030303
67769,0.0833333333333333
67772,0.222222222222222
67773,0.0277777777777778
67776,0.111111111111111
67779,0
67788,0.0555555555555556
67791,0.222222222222222
67794,0.0555555555555556
67798,0.0277777777777778
67808,0.444444444444444
67812,0.166666666666667
67813,0.222222222222222
67817,0.0555555555555556
67819,0.0833333333333333
67822,0.114285714285714
67826,0.0277777777777778
67827,0.0555555555555556
67828,0.416666666666667
67832,0.5
67833,0.305555555555556
67838,0.111111111111111
67839,0
67841,0.138888888888889
67842,0.485714285714286
67848,0.2
67850,0.138888888888889
67854,0.166666666666667
67855,0.0833333333333333
67858,0.0833333333333333
67861,0.0277777777777778
67863,0
67865,0.166666666666667
67866,0.138888888888889
67872,0.342857142857143
67873,0.0833333333333333
67874,0.125
67877,0.0277777777777778
67885,0.142857142857143
67887,0.0833333333333333
67894,0.333333333333333
67897,0.142857142857143
67898,0.138888888888889
67899,0.0555555555555556
67912,0.0833333333333333
67919,0.305555555555556
67921,0.285714285714286
67925,0.25
67930,0.0277777777777778
67939,0.0555555555555556
67940,0.111111111111111
67947,0.111111111111111
67951,0.142857142857143
67952,0.0833333333333333
67957,0.133333333333333
67965,0.111111111111111
67967,0
67970,0.25
67975,0.114285714285714
67977,0.388888888888889
67978,0.194444444444444
67979,0.0555555555555556
67986,0.166666666666667
67991,0.0277777777777778
67993,0.166666666666667
67995,0.166666666666667
67998,0.0333333333333333
67999,0.138888888888889
68000,0.277777777777778
68003,0.0833333333333333
68008,0.103448275862069
68010,0.166666666666667
68012,0.314285714285714
68013,0.0555555555555556
68016,0.222222222222222
68017,0.111111111111111
68020,0.166666666666667
68022,0.0555555555555556
68028,0.194444444444444
68029,0.277777777777778
68032,0.0833333333333333
68034,0.222222222222222
68035,0.194444444444444
68038,0.111111111111111
68041,0.0833333333333333
68044,0.0555555555555556
68046,0.133333333333333
68058,0.0909090909090909
68063,0.0555555555555556
68064,0.472222222222222
68066,0.444444444444444
68068,0.25
68069,0.305555555555556
68073,0.25
68075,0.0277777777777778
68077,0.111111111111111
68091,0.25
68100,0.344827586206897
68101,0.166666666666667
68102,0.222222222222222
68105,0.111111111111111
68106,0.111111111111111
68110,0.111111111111111
68112,0.0833333333333333
68115,0.277777777777778
68121,0.166666666666667
68122,0.277777777777778
68123,0.361111111111111
68127,0.0277777777777778
68128,0.0833333333333333
68135,0.0555555555555556
68137,0.171428571428571
68139,0.138888888888889
68143,0.416666666666667
68145,0.0833333333333333
68147,0.111111111111111
68152,0.138888888888889
68154,0.0555555555555556
68156,0
68159,0.0277777777777778
68171,0.194444444444444
68176,0.0277777777777778
68177,0.111111111111111
68181,0.0555555555555556
68188,0.166666666666667
68191,0.305555555555556
68195,0.138888888888889
68197,0
68200,0.0833333333333333
68203,0.305555555555556
68205,0
68212,0.323529411764706
68227,0.305555555555556
68234,0.277777777777778
68235,0.3125
68237,0
68247,0.0833333333333333
68249,0.0277777777777778
68250,0.111111111111111
68254,0.0833333333333333
68255,0
68260,0.25
68261,0.138888888888889
68262,0.388888888888889
68263,0.0833333333333333
68275,0.111111111111111
68276,0.25
68277,0
68282,0.0555555555555556
68283,0.0555555555555556
68290,0.277777777777778
68291,0.222222222222222
68293,0.0833333333333333
68296,0.454545454545455
68301,0.111111111111111
68309,0
68316,0.1
68321,0.257142857142857
68327,0.138888888888889
68330,0.222222222222222
68331,0
68338,0.111111111111111
68341,0.138888888888889
68342,0.0555555555555556
68343,0
68352,0.228571428571429
68356,0.151515151515152
68364,0
68365,0.166666666666667
68367,0.138888888888889
68375,0.222222222222222
68376,0.333333333333333
68377,0.277777777777778
68387,0.194444444444444
68394,0.0833333333333333
68404,0.25
68416,0.111111111111111
68418,0.138888888888889
68419,0.166666666666667
68422,0.466666666666667
68424,0.25
68425,0.0833333333333333
68432,0.222222222222222
68434,0.0277777777777778
68436,0.166666666666667
68441,0
68445,0.194444444444444
68446,0.333333333333333
68447,0.472222222222222
68452,0.285714285714286
68453,0.166666666666667
68464,0.222222222222222
68465,0.363636363636364
68468,0
68470,0.0555555555555556
68482,0.25
68485,0.0277777777777778
68488,0.0909090909090909
68491,0.277777777777778
68495,0.361111111111111
68496,0.428571428571429
68498,0.222222222222222
68499,0.138888888888889
68500,0.0833333333333333
68501,0.0555555555555556
68505,0.275862068965517
68506,0.235294117647059
68512,0
68513,0.0555555555555556
68528,0.25
68529,0.222222222222222
68531,0.171428571428571
68536,0.388888888888889
68538,0.361111111111111
68544,0.0833333333333333
68545,0.444444444444444
68549,0.205882352941176
68551,0.527777777777778
68553,0.277777777777778
68556,0
68557,0.0606060606060606
68558,0.323529411764706
68559,0.466666666666667
68561,0.2
68565,0.111111111111111
68567,0.133333333333333
68569,0.470588235294118
68571,0.0277777777777778
68573,0
68589,0.0555555555555556
68591,0.166666666666667
68593,0.0833333333333333
68594,0.25
68595,0.0277777777777778
68597,0.138888888888889
68612,0
68613,0.138888888888889
68614,0.6
68622,0.2
68626,0.472222222222222
68627,0.0833333333333333
68632,0.0555555555555556
68635,0.0277777777777778
68645,0.361111111111111
68647,0.0277777777777778
68657,0.194444444444444
68661,0.222222222222222
68665,0.305555555555556
68669,0.166666666666667
68673,0.111111111111111
68675,0.0833333333333333
68676,0.0277777777777778
68681,0.419354838709677
68682,0.388888888888889
68689,0.222222222222222
68694,0.111111111111111
68702,0
68703,0.0555555555555556
68707,0.138888888888889
68708,0.342857142857143
68714,0.0555555555555556
68715,0
68717,0.305555555555556
68720,0.0833333333333333
68726,0.111111111111111
68730,0.305555555555556
68733,0.277777777777778
68740,0.0277777777777778
68745,0.138888888888889
68748,0.0833333333333333
68754,0
68758,0.628571428571429
68767,0.25
68768,0.310344827586207
68769,0
68772,0.5625
68773,0.0555555555555556
68780,0.111111111111111
68787,0.138888888888889
68790,0
68793,0.111111111111111
68794,0.194444444444444
68799,0.222222222222222
68808,0.0833333333333333
68810,0.2
68816,0.441176470588235
68818,0.277777777777778
68823,0.222222222222222
68824,0.472222222222222
68825,0
68831,0.166666666666667
68836,0
68839,0.111111111111111
68843,0.0277777777777778
68845,0.111111111111111
68854,0.444444444444444
68855,0.0833333333333333
68864,0.166666666666667
68868,0.166666666666667
68869,0.0277777777777778
68874,0.0277777777777778
68875,0.138888888888889
68876,0.166666666666667
68884,0.0277777777777778
68892,0.361111111111111
68902,0.25
68908,0.111111111111111
68910,0
68912,0.333333333333333
68914,0.0606060606060606
68916,0.277777777777778
68918,0.0833333333333333
68922,0.111111111111111
68925,0.371428571428571
68933,0.333333333333333
68944,0.333333333333333
68946,0.0303030303030303
68947,0.222222222222222
68949,0.0555555555555556
68952,0.25
68955,0
68961,0.0555555555555556
68966,0.166666666666667
68972,0.138888888888889
68977,0.222222222222222
68981,0.222222222222222
68983,0.166666666666667
68988,0.305555555555556
68990,0.0555555555555556
68992,0.342857142857143
68995,0.166666666666667
69001,0.0833333333333333
69005,0.111111111111111
69007,0.277777777777778
69009,0.0277777777777778
69011,0.0555555555555556
69014,0.333333333333333
69017,0.0555555555555556
69024,0.361111111111111
69025,0.0277777777777778
69032,0.111111111111111
69035,0.0857142857142857
69036,0.257142857142857
69045,0.0833333333333333
69047,0.0555555555555556
69049,0.285714285714286
69062,0.277777777777778
69066,0.0555555555555556
69067,0.0303030303030303
69077,0.194444444444444
69078,0.0833333333333333
69088,0.194444444444444
69089,0
69091,0.0833333333333333
69101,0.0555555555555556
69102,0.527777777777778
69105,0.0555555555555556
69107,0.0833333333333333
69110,0.0277777777777778
69115,0.138888888888889
69123,0.0833333333333333
69137,0.0555555555555556
69140,0.222222222222222
69141,0.166666666666667
69142,0.457142857142857
69144,0.333333333333333
69149,0.111111111111111
69151,0.111111111111111
69154,0.0555555555555556
69162,0.222222222222222
69164,0.166666666666667
69165,0.138888888888889
69166,0.194444444444444
69167,0.305555555555556
69168,0.305555555555556
69170,0.138888888888889
69172,0.0555555555555556
69176,0.0555555555555556
69177,0.0555555555555556
69184,0.285714285714286
69185,0.277777777777778
69190,0.323529411764706
69199,0.25
69203,0.166666666666667
69208,0.4
69221,0.0277777777777778
69224,0.277777777777778
69227,0.0277777777777778
69247,0.138888888888889
69250,0.166666666666667
69255,0.138888888888889
69256,0.111111111111111
69258,0.0833333333333333
69261,0.333333333333333
69264,0.111111111111111
69270,0
69278,0.0277777777777778
69279,0.0555555555555556
69280,0.277777777777778
69284,0.25
69287,0.0277777777777778
69288,0.166666666666667
69299,0.444444444444444
69301,0.111111111111111
69307,0.0833333333333333
69314,0.0555555555555556
69320,0.111111111111111
69321,0
69328,0.2
69329,0.142857142857143
69333,0.2
69334,0.305555555555556
69335,0.0277777777777778
69349,0.25
69361,0.0833333333333333
69365,0.0555555555555556
69366,0.25
69369,0.333333333333333
69386,0.138888888888889
69388,0.485714285714286
69390,0.0277777777777778
69391,0
69402,0
69403,0.0303030303030303
69404,0.0277777777777778
69405,0.0555555555555556
69409,0.0277777777777778
69411,0.222222222222222
69412,0.277777777777778
69413,0.0277777777777778
69418,0.138888888888889
69419,0.0555555555555556
69420,0.233333333333333
69421,0.111111111111111
69425,0.111111111111111
69430,0.166666666666667
69431,0.222222222222222
69433,0
69439,0.444444444444444
69452,0.0555555555555556
69453,0
69455,0.166666666666667
69456,0.0833333333333333
69457,0.472222222222222
69458,0.0277777777777778
69459,0.0277777777777778
69460,0.0277777777777778
69465,0.0833333333333333
69468,0.138888888888889
69471,0.0833333333333333
69473,0.138888888888889
69474,0.111111111111111
69486,0.222222222222222
69488,0.138888888888889
69489,0.111111111111111
69491,0.166666666666667
69502,0
69504,0.0277777777777778
69505,0.114285714285714
69506,0.361111111111111
69509,0.138888888888889
69511,0.222222222222222
69514,0
69515,0.142857142857143
69516,0.0833333333333333
69521,0.138888888888889
69523,0.0857142857142857
69524,0.166666666666667
69528,0.361111111111111
69536,0.0833333333333333
69539,0.388888888888889
69547,0.0277777777777778
69550,0.194444444444444
69552,0.388888888888889
69553,0.285714285714286
69556,0.0833333333333333
69562,0.583333333333333
69566,0.166666666666667
69569,0.0277777777777778
69573,0.0833333333333333
69577,0.111111111111111
69587,0.0277777777777778
69596,0.111111111111111
69600,0.0277777777777778
69608,0.371428571428571
69618,0.0833333333333333
69622,0.2
69624,0.0277777777777778
69626,0.166666666666667
69631,0.583333333333333
69635,0.361111111111111
69637,0.0833333333333333
69644,0.161290322580645
69645,0.0833333333333333
69648,0.222222222222222
69652,0.222222222222222
69655,0.205882352941176
69656,0.111111111111111
69658,0.0833333333333333
69660,0.305555555555556
69661,0.0555555555555556
69665,0.194444444444444
69666,0.166666666666667
69667,0.138888888888889
69668,0.0833333333333333
69669,0.0555555555555556
69670,0.166666666666667
69671,0.416666666666667
69672,0.0555555555555556
69674,0.0555555555555556
69675,0.361111111111111
69682,0.472222222222222
69684,0.0555555555555556
69689,0.0833333333333333
69692,0.0277777777777778
69695,0.166666666666667
69701,0
69709,0.222222222222222
69711,0.0555555555555556
69716,0
69724,0.277777777777778
69730,0.222222222222222
69738,0.0555555555555556
69740,0.138888888888889
69745,0.363636363636364
69748,0
69752,0.0277777777777778
69753,0.416666666666667
69754,0.0833333333333333
69755,0.0277777777777778
69759,0.285714285714286
69765,0.25
69767,0.194444444444444
69774,0
69776,0.0555555555555556
69777,0.305555555555556
69782,0.181818181818182
69783,0.0277777777777778
69784,0.166666666666667
69785,0.305555555555556
69787,0.0833333333333333
69789,0.0555555555555556
69806,0.138888888888889
69807,0.166666666666667
69811,0.166666666666667
69812,0.206896551724138
69815,0.333333333333333
69822,0.0833333333333333
69823,0.0555555555555556
69824,0.0277777777777778
69831,0.171428571428571
69832,0.111111111111111
69833,0.361111111111111
69835,0.294117647058824
69840,0.222222222222222
69847,0.111111111111111
69848,0.0555555555555556
69852,0.0555555555555556
69854,0.166666666666667
69858,0.0833333333333333
69861,0.111111111111111
69864,0.0833333333333333
69866,0.371428571428571
69867,0.138888888888889
69870,0.166666666666667
69884,0.0555555555555556
69891,0.428571428571429
69892,0.222222222222222
69898,0.138888888888889
69905,0.266666666666667
69911,0.323529411764706
69921,0.472222222222222
69923,0.0277777777777778
69924,0.166666666666667
69925,0.166666666666667
69928,0.472222222222222
69934,0.0833333333333333
69935,0.333333333333333
69936,0.0555555555555556
69940,0.111111111111111
69941,0.0833333333333333
69959,0.194444444444444
69962,0.25
69964,0.25
69972,0.0833333333333333
69973,0.138888888888889
69975,0.388888888888889
69976,0
69981,0.0285714285714286
69985,0.388888888888889
69989,0.333333333333333
69991,0.0555555555555556
70000,0.0833333333333333
70005,0.181818181818182
70008,0
70010,0.133333333333333
70013,0.138888888888889
70015,0.166666666666667
70016,0.121212121212121
70031,0.138888888888889
70032,0.361111111111111
70033,0.0277777777777778
70035,0.222222222222222
70046,0.0555555555555556
70059,0.0833333333333333
70062,0.0277777777777778
70069,0.121212121212121
70072,0.111111111111111
70077,0.0277777777777778
70084,0.361111111111111
70095,0.1
70096,0.303030303030303
70102,0.0833333333333333
70103,0
70109,0
70111,0.111111111111111
70118,0.166666666666667
70120,0.194444444444444
70131,0.0277777777777778
70132,0.0555555555555556
70142,0.166666666666667
70151,0.333333333333333
70152,0
70156,0.166666666666667
70158,0.0666666666666667
70160,0.0833333333333333
70163,0.111111111111111
70168,0.222222222222222
70170,0.388888888888889
70175,0.0555555555555556
70191,0
70195,0.25
70198,0.138888888888889
70200,0.194444444444444
70211,0.277777777777778
70215,0.363636363636364
70219,0.333333333333333
70222,0.0277777777777778
70226,0.382352941176471
70228,0.25
70234,0.142857142857143
70235,0.194444444444444
70244,0.194444444444444
70247,0.0277777777777778
70248,0.0277777777777778
70259,0.0833333333333333
70266,0.0555555555555556
70274,0.257142857142857
70276,0.0555555555555556
70279,0.294117647058824
70290,0.277777777777778
70293,0.0833333333333333
70294,0.366666666666667
70297,0.111111111111111
70299,0.1
70301,0.0555555555555556
70303,0.0555555555555556
70304,0.0277777777777778
70312,0.277777777777778
70317,0.0303030303030303
70321,0.305555555555556
70327,0.0555555555555556
70329,0.111111111111111
70330,0.388888888888889
70331,0.111111111111111
70332,0.305555555555556
70335,0.138888888888889
70336,0.4
70339,0.138888888888889
70341,0.0833333333333333
70342,0.0857142857142857
70347,0.0277777777777778
70349,0.277777777777778
70351,0.166666666666667
70352,0.428571428571429
70355,0.0833333333333333
70359,0.138888888888889
70361,0.305555555555556
70362,0.142857142857143
70363,0.0833333333333333
70364,0.222222222222222
70368,0.305555555555556
70372,0
70378,0.0555555555555556
70385,0.0277777777777778
70387,0.0555555555555556
70389,0.181818181818182
70391,0.194444444444444
70398,0
70402,0.222222222222222
70405,0.111111111111111
70413,0.0277777777777778
70415,0.222222222222222
70417,0.0277777777777778
70420,0.0833333333333333
70421,0
70423,0.0555555555555556
70425,0.277777777777778
70426,0.138888888888889
70442,0
70443,0.25
70445,0.151515151515152
70464,0.0833333333333333
70473,0
70480,0.0555555555555556
70487,0.0555555555555556
70493,0.388888888888889
70495,0.111111111111111
70498,0.0833333333333333
70502,0.0833333333333333
70507,0.111111111111111
70520,0.138888888888889
70521,0.0277777777777778
70525,0.0833333333333333
70527,0.0555555555555556
70533,0.0277777777777778
70543,0.416666666666667
70544,0.166666666666667
70550,0.111111111111111
70562,0.285714285714286
70564,0.305555555555556
70565,0.0833333333333333
70567,0.151515151515152
70568,0.138888888888889
70575,0.111111111111111
70577,0.25
70580,0.0555555555555556
70581,0.0277777777777778
70586,0.0666666666666667
70587,0.0277777777777778
70590,0.0555555555555556
70593,0.25
70595,0.111111111111111
70599,0.25
70600,0.555555555555556
70603,0
70605,0.138888888888889
70613,0.0555555555555556
70622,0.222222222222222
70623,0.171428571428571
70627,0
70628,0.25
70633,0.0555555555555556
70635,0.0277777777777778
70638,0
70641,0.277777777777778
70646,0.222222222222222
70649,0.277777777777778
70661,0.194444444444444
70664,0.361111111111111
70670,0.194444444444444
70674,0.1
70675,0.0833333333333333
70676,0.194444444444444
70681,0
70684,0.222222222222222
70687,0.0833333333333333
70689,0.15625
70703,0.111111111111111
70708,0.0555555555555556
70710,0.222222222222222
70715,0.138888888888889
70717,0.0277777777777778
70718,0.277777777777778
70721,0.166666666666667
70725,0.138888888888889
70729,0.333333333333333
70730,0.138888888888889
70732,0.166666666666667
70733,0.428571428571429
70735,0.257142857142857
70739,0.361111111111111
70745,0.333333333333333
70746,0.0277777777777778
70747,0.416666666666667
70755,0.111111111111111
70756,0.655172413793103
70763,0.166666666666667
70765,0.194444444444444
70772,0.277777777777778
70775,0.0833333333333333
70776,0.111111111111111
70779,0.166666666666667
70782,0.0277777777777778
70784,0.133333333333333
70786,0.222222222222222
70787,0.277777777777778
70793,0.333333333333333
70794,0.194444444444444
70804,0
70805,0.0333333333333333
70808,0.138888888888889
70821,0.0833333333333333
70826,0.444444444444444
70835,0.138888888888889
70837,0.0277777777777778
70848,0.611111111111111
70862,0.166666666666667
70863,0.166666666666667
70874,0.0555555555555556
70877,0.0833333333333333
70887,0.0833333333333333
70890,0.111111111111111
70894,0.166666666666667
70895,0.3
70897,0.0277777777777778
70898,0.166666666666667
70899,0.222222222222222
70900,0.0857142857142857
70911,0.111111111111111
70912,0.25
70916,0.166666666666667
70925,0
70927,0.257142857142857
70949,0.222222222222222
70950,0
70954,0.424242424242424
70959,0.166666666666667
70961,0.111111111111111
70972,0.0555555555555556
70981,0.0833333333333333
70984,0.0571428571428571
70985,0.257142857142857
70991,0.142857142857143
70997,0.228571428571429
70999,0.0555555555555556
71003,0.114285714285714
71004,0.4
71005,0.0555555555555556
71008,0
71011,0.0277777777777778
71020,0.388888888888889
71021,0.111111111111111
71025,0.0833333333333333
71037,0
71038,0.257142857142857
71040,0.305555555555556
71045,0.441176470588235
71046,0.0555555555555556
71047,0.142857142857143
71048,0.4
71051,0.0606060606060606
71053,0.0555555555555556
71054,0.111111111111111
71057,0.0277777777777778
71059,0.0555555555555556
71061,0
71062,0.361111111111111
71065,0.111111111111111
71066,0.0857142857142857
71069,0.0833333333333333
71072,0.138888888888889
71076,0.0277777777777778
71083,0.138888888888889
71084,0.0555555555555556
71087,0.444444444444444
71092,0.2
71093,0.0277777777777778
71094,0
71099,0.111111111111111
71100,0.305555555555556
71101,0.222222222222222
71103,0.166666666666667
71105,0.222222222222222
71111,0.555555555555556
71112,0.111111111111111
71120,0.138888888888889
71122,0.0555555555555556
71127,0.166666666666667
71130,0.305555555555556
71132,0.0857142857142857
71135,0.371428571428571
71137,0.388888888888889
71141,0.121212121212121
71143,0.0277777777777778
71152,0.527777777777778
71166,0.555555555555556
71171,0.0555555555555556
71175,0.0555555555555556
71176,0.277777777777778
71180,0.266666666666667
71184,0.0555555555555556
71189,0.0277777777777778
71194,0.566666666666667
71200,0
71201,0.0277777777777778
71202,0.366666666666667
71203,0.0277777777777778
71212,0.233333333333333
71215,0.0555555555555556
71219,0.0833333333333333
71222,0
71224,0.0277777777777778
71231,0.382352941176471
71232,0.25
71238,0.0555555555555556
71240,0.166666666666667
71244,0.0277777777777778
71245,0
71254,0
71261,0.4
71266,0.138888888888889
71271,0.138888888888889
71278,0.0555555555555556
71284,0.393939393939394
71286,0.0833333333333333
71288,0.0555555555555556
71291,0.0555555555555556
71302,0.25
71306,0.0833333333333333
71307,0.138888888888889
71308,0.0555555555555556
71310,0.194444444444444
71311,0.138888888888889
71312,0.111111111111111
71313,0.0555555555555556
71314,0
71316,0.0833333333333333
71321,0.166666666666667
71328,0.138888888888889
71334,0.194444444444444
71339,0
71341,0.0277777777777778
71342,0.222222222222222
71344,0.0555555555555556
71346,0.222222222222222
71348,0.138888888888889
71351,0
71353,0.194444444444444
71354,0.0555555555555556
71356,0.0555555555555556
71371,0.138888888888889
71374,0
71375,0.138888888888889
71377,0.484848484848485
71379,0.0555555555555556
71382,0.314285714285714
71390,0.5
71399,0.111111111111111
71401,0.228571428571429
71405,0.0833333333333333
71417,0.138888888888889
71420,0.0555555555555556
71430,0.0833333333333333
71436,0.25
71438,0.333333333333333
71451,0.138888888888889
71455,0.277777777777778
71457,0.333333333333333
71468,0.166666666666667
71470,0.138888888888889
71477,0.0833333333333333
71483,0.166666666666667
71496,0.138888888888889
71497,0.527777777777778
71509,0.0555555555555556
71511,0.138888888888889
71515,0.0833333333333333
71517,0.0555555555555556
71522,0.583333333333333
71525,0.194444444444444
71527,0.305555555555556
71530,0.0555555555555556
71534,0.305555555555556
71538,0.3125
71540,0.303030303030303
71542,0.257142857142857
71549,0.2
71555,0.0833333333333333
71559,0.0555555555555556
71560,0.166666666666667
71569,0.194444444444444
71571,0.0277777777777778
71580,0.0277777777777778
71583,0.166666666666667
71584,0.111111111111111
71591,0.305555555555556
71595,0.0555555555555556
71599,0.138888888888889
71613,0.194444444444444
71619,0.0555555555555556
71620,0.0277777777777778
71622,0.361111111111111
71626,0.0833333333333333
71628,0.0666666666666667
71633,0.342857142857143
71640,0.0277777777777778
71644,0.305555555555556
71650,0.371428571428571
71655,0.0277777777777778
71656,0.111111111111111
71662,0.222222222222222
71666,0.314285714285714
71671,0.194444444444444
71675,0.0833333333333333
71676,0.222222222222222
71678,0.2
71682,0.25
71688,0.0555555555555556
71691,0.411764705882353
71697,0.0833333333333333
71702,0.361111111111111
71703,0.181818181818182
71704,0.138888888888889
71705,0.285714285714286
71708,0.314285714285714
71710,0
71712,0.0833333333333333
71714,0.0277777777777778
71719,0.228571428571429
71724,0.2
71728,0.138888888888889
71732,0.0555555555555556
71733,0.333333333333333
71735,0.194444444444444
71736,0.305555555555556
71739,0.416666666666667
71741,0.111111111111111
71750,0.166666666666667
71753,0.323529411764706
71756,0.0277777777777778
71760,0.0857142857142857
71770,0.361111111111111
71773,0.361111111111111
71775,0.194444444444444
71777,0.342857142857143
71781,0.333333333333333
71785,0.111111111111111
71787,0.333333333333333
71789,0.0277777777777778
71793,0.0277777777777778
71797,0.472222222222222
71798,0.166666666666667
71799,0.111111111111111
71802,0.0833333333333333
71803,0.222222222222222
71811,0.0277777777777778
71821,0.0833333333333333
71825,0.0833333333333333
71826,0.388888888888889
71829,0.166666666666667
71836,0.194444444444444
71839,0.361111111111111
71846,0.0277777777777778
71849,0.0555555555555556
71855,0.657142857142857
71861,0.555555555555556
71869,0.111111111111111
71872,0.277777777777778
71877,0.166666666666667
71882,0.166666666666667
71886,0.0277777777777778
71887,0.0555555555555556
71888,0.0833333333333333
71891,0.0277777777777778
71897,0.133333333333333
71898,0.138888888888889
71902,0.138888888888889
71907,0.111111111111111
71908,0.0277777777777778
71915,0.111111111111111
73557,0.166666666666667
73558,0.166666666666667
73559,0.171428571428571
73561,0.305555555555556
73562,0.388888888888889
73564,0.111111111111111
73566,0.0555555555555556
73567,0.138888888888889
73571,0.111111111111111
73581,0
73595,0.0555555555555556
73596,0.0833333333333333
73604,0.111111111111111
73607,0.305555555555556
73613,0.138888888888889
73614,0.228571428571429
73615,0.444444444444444
73616,0.0833333333333333
73618,0.0555555555555556
73621,0.0833333333333333
73622,0.0833333333333333
73628,0.361111111111111
73631,0.0833333333333333
73638,0.5
73639,0.388888888888889
73640,0.166666666666667
73641,0.0909090909090909
73642,0.0555555555555556
73643,0.166666666666667
73645,0.138888888888889
73647,0.25
73656,0
73659,0.25
73660,0
73665,0.257142857142857
73666,0.222222222222222
73670,0.114285714285714
73672,0.0555555555555556
73677,0.305555555555556
73678,0.0555555555555556
73684,0.111111111111111
73688,0
73690,0.277777777777778
73692,0.111111111111111
73693,0.193548387096774
73694,0.0833333333333333
73697,0.0333333333333333
73706,0.111111111111111
73708,0.194444444444444
73709,0.361111111111111
73717,0.228571428571429
73718,0.0277777777777778
73723,0.388888888888889
73725,0.472222222222222
73726,0.138888888888889
73732,0.166666666666667
73736,0.0277777777777778
73740,0.0555555555555556
73746,0.111111111111111
73747,0.25
73751,0.0555555555555556
73755,0.138888888888889
73756,0.0833333333333333
73760,0.0555555555555556
73765,0.0555555555555556
73766,0.257142857142857
73770,0.0833333333333333
73774,0.25
73778,0.555555555555556
73779,0.166666666666667
73780,0.277777777777778
73782,0.194444444444444
73787,0.111111111111111
73790,0.114285714285714
73792,0.111111111111111
73795,0.111111111111111
73797,0.685714285714286
73800,0.361111111111111
73804,0.0277777777777778
73806,0.25
73807,0
73808,0.25
73809,0.138888888888889
73815,0.333333333333333
73816,0.0833333333333333
73820,0.111111111111111
73825,0.0666666666666667
73834,0.111111111111111
73839,0.138888888888889
73840,0.25
73842,0.0833333333333333
73845,0.166666666666667
73848,0.138888888888889
73858,0.138888888888889
73860,0.333333333333333
73861,0.166666666666667
73862,0.111111111111111
73864,0.0277777777777778
73872,0.138888888888889
73873,0.285714285714286
73879,0.388888888888889
73880,0.0555555555555556
73883,0.222222222222222
73886,0.0833333333333333
73888,0.0555555555555556
73899,0.555555555555556
73900,0.0833333333333333
73901,0
73908,0.111111111111111
73910,0.0277777777777778
73914,0.277777777777778
73922,0.393939393939394
73925,0.4
73926,0.0277777777777778
73930,0.194444444444444
73935,0.0555555555555556
73938,0.166666666666667
73945,0.314285714285714
73975,0.333333333333333
73979,0.138888888888889
73987,0.388888888888889
73990,0.0277777777777778
73993,0.0555555555555556
73999,0.0555555555555556
74002,0.114285714285714
74003,0.388888888888889
74007,0.0555555555555556
74011,0.194444444444444
74012,0.257142857142857
74013,0.0277777777777778
74014,0.333333333333333
74022,0.194444444444444
74028,0.333333333333333
74033,0.25
74038,0.342857142857143
74041,0.0833333333333333
74044,0.111111111111111
74048,0.111111111111111
74049,0
74057,0.0555555555555556
74058,0.0555555555555556
74059,0.0555555555555556
74062,0.484848484848485
74065,0.111111111111111
74066,0.133333333333333
74070,0.0833333333333333
74072,0.0833333333333333
74075,0.111111111111111
74078,0.222222222222222
74081,0.0277777777777778
74083,0.138888888888889
74085,0.285714285714286
74087,0.111111111111111
74090,0.194444444444444
74109,0.0277777777777778
74110,0
74111,0.0277777777777778
74120,0
74122,0.0277777777777778
74126,0.194444444444444
74128,0.0833333333333333
74129,0.0833333333333333
74132,0.194444444444444
74134,0.111111111111111
74138,0.166666666666667
74139,0.194444444444444
74141,0.222222222222222
74142,0.194444444444444
74144,0.0277777777777778
74146,0.0277777777777778
74147,0.166666666666667
74149,0.2
74152,0.222222222222222
74153,0.0833333333333333
74154,0.0555555555555556
74160,0.0833333333333333
74170,0.0833333333333333
74175,0.333333333333333
74176,0.0277777777777778
74178,0.0277777777777778
74180,0.111111111111111
74184,0.0833333333333333
74188,0.371428571428571
74190,0.0277777777777778
74193,0.129032258064516
74198,0.0555555555555556
74203,0.138888888888889
74205,0.111111111111111
74211,0.285714285714286
74219,0.0833333333333333
74224,0.0833333333333333
74225,0.25
74227,0.111111111111111
74231,0.194444444444444
74237,0.166666666666667
74241,0.0555555555555556
74247,0.228571428571429
74253,0.166666666666667
74254,0.388888888888889
74262,0.472222222222222
74268,0.0555555555555556
74270,0.333333333333333
74276,0.361111111111111
74280,0.194444444444444
74284,0.111111111111111
74287,0.166666666666667
74292,0.25
74298,0.222222222222222
74301,0.0277777777777778
74302,0.472222222222222
74304,0.361111111111111
74305,0.111111111111111
74306,0.472222222222222
74310,0.0833333333333333
74313,0.25
74314,0
74318,0.0277777777777778
74319,0.0277777777777778
74324,0.222222222222222
74341,0.0277777777777778
74345,0.0555555555555556
74346,0.194444444444444
74349,0.0555555555555556
74350,0.121212121212121
74352,0.0555555555555556
74355,0
74359,0.138888888888889
74366,0.2
74367,0.257142857142857
74368,0.0833333333333333
74374,0.444444444444444
74375,0.277777777777778
74383,0.111111111111111
74385,0.222222222222222
74388,0.111111111111111
74394,0
74395,0.166666666666667
74413,0.285714285714286
74417,0.138888888888889
74419,0.166666666666667
74425,0
74432,0
74436,0.0555555555555556
74442,0.138888888888889
74446,0.305555555555556
74451,0.28125
74459,0.277777777777778
74462,0.111111111111111
74465,0.444444444444444
74473,0.354838709677419
74476,0.0833333333333333
74479,0.0555555555555556
74486,0.305555555555556
74487,0.194444444444444
74490,0.151515151515152
74499,0.0555555555555556
74508,0.0555555555555556
74510,0.194444444444444
74512,0.472222222222222
74519,0.484848484848485
74523,0.138888888888889
74529,0.0277777777777778
74531,0.466666666666667
74534,0.138888888888889
74536,0.0555555555555556
74538,0.233333333333333
74539,0.314285714285714
74548,0.0833333333333333
74549,0.0833333333333333
74562,0.0833333333333333
74565,0.228571428571429
74566,0.388888888888889
74567,0.0555555555555556
74570,0.138888888888889
74571,0.0277777777777778
74574,0.0833333333333333
74576,0.25
74579,0.277777777777778
74581,0.222222222222222
74583,0.444444444444444
74587,0.285714285714286
74588,0.0277777777777778
74589,0.0277777777777778
74591,0.138888888888889
74594,0.0833333333333333
74598,0.6
74600,0.171428571428571
74605,0.111111111111111
74607,0
74611,0.586206896551724
74619,0.472222222222222
74628,0.0555555555555556
74633,0.0555555555555556
74636,0
74639,0.166666666666667
74645,0.25
74650,0.0285714285714286
74654,0.111111111111111
74656,0.138888888888889
74661,0.305555555555556
74663,0.0555555555555556
74668,0.371428571428571
74669,0.361111111111111
74670,0.333333333333333
74676,0.363636363636364
74683,0.0277777777777778
74685,0.166666666666667
74694,0.0833333333333333
74695,0.0833333333333333
74696,0.222222222222222
74702,0.25
74704,0.342857142857143
74705,0.0555555555555556
74707,0.111111111111111
74708,0.111111111111111
74714,0.25
74718,0.138888888888889
74721,0.222222222222222
74723,0.333333333333333
74732,0.138888888888889
74733,0.0277777777777778
74734,0.314285714285714
74737,0.222222222222222
74741,0.166666666666667
74742,0.0833333333333333
74746,0.111111111111111
74747,0.138888888888889
74751,0.166666666666667
74756,0.305555555555556
74760,0.285714285714286
74769,0.0555555555555556
74772,0.0833333333333333
74773,0.285714285714286
74779,0.0277777777777778
74781,0.416666666666667
74782,0.25
74790,0.194444444444444
74791,0.388888888888889
74797,0.0833333333333333
74804,0.114285714285714
74807,0.366666666666667
74812,0.4
74815,0.0833333333333333
74823,0.411764705882353
74831,0.171428571428571
74837,0.111111111111111
74841,0.545454545454545
74851,0.181818181818182
74859,0.277777777777778
74861,0.485714285714286
74865,0.0277777777777778
74867,0.0277777777777778
74869,0.138888888888889
74872,0.0277777777777778
74878,0.138888888888889
74885,0.333333333333333
74889,0.0277777777777778
74893,0.111111111111111
74900,0.242424242424242
74901,0.0555555555555556
74909,0.0277777777777778
74916,0.111111111111111
74919,0.111111111111111
74928,0.0555555555555556
74929,0.222222222222222
74931,0.111111111111111
74933,0.194444444444444
74937,0.222222222222222
74938,0.0277777777777778
74940,0.111111111111111
74941,0.111111111111111
74946,0.114285714285714
74953,0.222222222222222
74958,0.305555555555556
74960,0.111111111111111
74961,0.0833333333333333
74978,0.484848484848485
74979,0.515151515151515
74983,0.166666666666667
74984,0.111111111111111
74985,0.305555555555556
74989,0.25
74996,0
75003,0.111111111111111
75004,0.111111111111111
75010,0.222222222222222
75011,0.138888888888889
75012,0.0833333333333333
75013,0.166666666666667
75016,0.472222222222222
75017,0.111111111111111
75018,0
75020,0.457142857142857
75030,0.194444444444444
75042,0.25
75044,0.444444444444444
75049,0.0555555555555556
75056,0.416666666666667
75057,0.277777777777778
75058,0.0833333333333333
75061,0.0833333333333333
75065,0.222222222222222
75068,0.138888888888889
75070,0.222222222222222
75076,0.194444444444444
75078,0.606060606060606
75081,0.138888888888889
75089,0.314285714285714
75090,0.194444444444444
75103,0.25
75105,0.0833333333333333
75108,0.25
75112,0.333333333333333
75117,0.111111111111111
75118,0.0833333333333333
75127,0.222222222222222
75129,0.416666666666667
75136,0.0555555555555556
75150,0.138888888888889
75157,0.0277777777777778
75158,0.194444444444444
75159,0
75160,0.0303030303030303
75162,0.0277777777777778
75174,0.212121212121212
75179,0.416666666666667
75181,0.138888888888889
75189,0.0277777777777778
75191,0.361111111111111
75193,0.166666666666667
75195,0.416666666666667
75196,0.277777777777778
75203,0.25
75207,0.416666666666667
75212,0.111111111111111
75216,0.0555555555555556
75217,0.138888888888889
75222,0.0833333333333333
75223,0.171428571428571
75231,0.411764705882353
75232,0.194444444444444
75237,0.416666666666667
75244,0.388888888888889
75259,0.111111111111111
75262,0.138888888888889
75263,0.361111111111111
75264,0.305555555555556
75273,0.138888888888889
75277,0.277777777777778
75279,0.457142857142857
75282,0.228571428571429
75285,0.277777777777778
75287,0.121212121212121
75293,0.194444444444444
75295,0.424242424242424
75298,0.166666666666667
75299,0.0555555555555556
75306,0.25
75311,0.111111111111111
75315,0.0833333333333333
75324,0.111111111111111
75325,0.305555555555556
75326,0.0555555555555556
75330,0.111111111111111
75334,0.0909090909090909
75337,0.2
75338,0.257142857142857
75342,0.277777777777778
75343,0.323529411764706
75344,0.0277777777777778
75345,0.194444444444444
75347,0.0555555555555556
75349,0.0277777777777778
75350,0.5
75356,0.125
75359,0.194444444444444
75361,0.111111111111111
75364,0.0277777777777778
75374,0.0833333333333333
75375,0.194444444444444
75377,0.0277777777777778
75379,0.0277777777777778
75381,0.166666666666667
75382,0.111111111111111
75384,0.138888888888889
75395,0
75397,0.314285714285714
75400,0.333333333333333
75406,0.212121212121212
75414,0.0277777777777778
75416,0.416666666666667
75418,0.138888888888889
75423,0.0277777777777778
75435,0.0277777777777778
75440,0.0277777777777778
75443,0.111111111111111
75449,0.138888888888889
75451,0.138888888888889
75456,0.25
75458,0.166666666666667
75461,0.388888888888889
75462,0
75465,0.0277777777777778
75468,0.0555555555555556
75472,0.166666666666667
75473,0.0833333333333333
75479,0.272727272727273
75482,0
75483,0.0555555555555556
75487,0.0857142857142857
75491,0.0555555555555556
75495,0.166666666666667
75496,0.111111111111111
75498,0.176470588235294
75499,0.111111111111111
75500,0.0833333333333333
75505,0.277777777777778
75523,0.0555555555555556
75527,0.314285714285714
75542,0.166666666666667
75543,0.363636363636364
75547,0.2
75552,0.472222222222222
75553,0.388888888888889
75555,0.416666666666667
75557,0.138888888888889
75562,0.388888888888889
75563,0.0277777777777778
75571,0
75572,0.0833333333333333
75573,0.555555555555556
75579,0.333333333333333
75581,0.416666666666667
75584,0.0555555555555556
75592,0.0555555555555556
75598,0.194444444444444
75601,0.111111111111111
75607,0.25
75609,0.416666666666667
75610,0.416666666666667
75612,0.0277777777777778
75613,0.0833333333333333
75620,0.194444444444444
75621,0.0277777777777778
75625,0.361111111111111
75628,0.194444444444444
75630,0.0555555555555556
75631,0.228571428571429
75635,0.111111111111111
75637,0.444444444444444
75644,0.222222222222222
75660,0.0833333333333333
75663,0
75669,0.0285714285714286
75674,0.138888888888889
75685,0.277777777777778
75688,0.333333333333333
75689,0.0833333333333333
75691,0.111111111111111
75695,0.171428571428571
75696,0.138888888888889
75699,0.0833333333333333
75700,0.111111111111111
75702,0.0555555555555556
75705,0
75714,0
75717,0.4
75723,0.0555555555555556
75724,0.151515151515152
75730,0.433333333333333
75733,0.25
75744,0.303030303030303
75748,0.363636363636364
75749,0.194444444444444
75750,0.0555555555555556
75754,0.0833333333333333
75762,0.277777777777778
75769,0.305555555555556
75771,0.0833333333333333
75774,0.428571428571429
75781,0.222222222222222
75786,0.314285714285714
75787,0.138888888888889
75789,0.0833333333333333
75795,0.275862068965517
75805,0.2
75808,0.361111111111111
75817,0.0277777777777778
75824,0.0277777777777778
75826,0.166666666666667
75837,0.0833333333333333
75838,0.166666666666667
75840,0.0833333333333333
75845,0.194444444444444
75848,0.111111111111111
75860,0.111111111111111
75861,0.0555555555555556
75863,0.142857142857143
75871,0.0277777777777778
75874,0.222222222222222
75879,0.111111111111111
75882,0.0277777777777778
75887,0.166666666666667
75892,0.222222222222222
75895,0.416666666666667
75904,0.194444444444444
75909,0.0833333333333333
75911,0.138888888888889
75912,0.257142857142857
75915,0.111111111111111
75921,0.0833333333333333
75922,0.0555555555555556
75923,0.222222222222222
75925,0.0833333333333333
75933,0.138888888888889
75937,0.194444444444444
75942,0.138888888888889
75945,0.111111111111111
75946,0.25
75954,0.0303030303030303
75955,0.0555555555555556
75956,0.416666666666667
75960,0.0555555555555556
75962,0.138888888888889
75964,0.111111111111111
75965,0.138888888888889
75969,0.0277777777777778
75973,0.0833333333333333
75974,0.222222222222222
75976,0.138888888888889
75978,0.361111111111111
75982,0.222222222222222
75986,0
75987,0.166666666666667
75991,0.416666666666667
75996,0.0277777777777778
75998,0.323529411764706
76004,0.34375
76010,0.0666666666666667
76012,0.138888888888889
76016,0.0555555555555556
76023,0.0555555555555556
76025,0.0277777777777778
76028,0.0277777777777778
76033,0.0833333333333333
76036,0.305555555555556
76037,0.361111111111111
76040,0.0555555555555556
76041,0.0555555555555556
76043,0.111111111111111
76046,0.0277777777777778
76049,0.0833333333333333
76051,0.0555555555555556
76072,0.194444444444444
76074,0.277777777777778
76076,0.303030303030303
76087,0
76091,0.0277777777777778
76097,0.0833333333333333
76107,0.0833333333333333
76112,0.0555555555555556
76116,0.583333333333333
76117,0.166666666666667
76118,0
76127,0.166666666666667
76128,0.166666666666667
76134,0.111111111111111
76137,0
76139,0.194444444444444
76144,0.0833333333333333
76145,0.277777777777778
76147,0.194444444444444
76149,0.1875
76150,0.25
76151,0.142857142857143
76156,0.111111111111111
76158,0.0833333333333333
76159,0.0833333333333333
76164,0.25
76168,0.138888888888889
76170,0
76171,0.111111111111111
76179,0.0833333333333333
76180,0.0555555555555556
76184,0.0833333333333333
76186,0.0555555555555556
76187,0.0277777777777778
76188,0.0833333333333333
76192,0.142857142857143
76199,0.111111111111111
76208,0.166666666666667
76209,0.0606060606060606
76213,0.5
76217,0.0833333333333333
76220,0.111111111111111
76223,0.138888888888889
76224,0.361111111111111
76233,0.111111111111111
76235,0.0833333333333333
76238,0.138888888888889
76243,0.111111111111111
76248,0.0277777777777778
76252,0.166666666666667
76256,0.0277777777777778
76264,0.0833333333333333
76267,0.305555555555556
76271,0.111111111111111
76277,0.111111111111111
76282,0.166666666666667
76294,0.111111111111111
76298,0.0277777777777778
76306,0.0277777777777778
76310,0
76312,0.222222222222222
76320,0.0555555555555556
76325,0.194444444444444
76333,0.0882352941176471
76335,0.0277777777777778
76354,0.277777777777778
76363,0.0555555555555556
76365,0.0555555555555556
76376,0.166666666666667
76384,0.0909090909090909
76385,0
76391,0.416666666666667
76395,0.666666666666667
76397,0.0606060606060606
76400,0.0277777777777778
76402,0.171428571428571
76403,0.0277777777777778
76404,0.228571428571429
76405,0.0555555555555556
76411,0.0555555555555556
76422,0.0833333333333333
76423,0.305555555555556
76424,0.0555555555555556
76429,0.0277777777777778
76434,0
76435,0.138888888888889
76436,0.111111111111111
76437,0.0277777777777778
76442,0.138888888888889
76443,0.472222222222222
76444,0.0555555555555556
76447,0.333333333333333
76455,0.111111111111111
76461,0.222222222222222
76465,0.111111111111111
76468,0.0833333333333333
76469,0.333333333333333
76472,0.25
76477,0.138888888888889
76481,0.0277777777777778
76484,0.166666666666667
76490,0.138888888888889
76508,0.194444444444444
76510,0.166666666666667
76511,0
76515,0.111111111111111
76527,0.0833333333333333
76530,0.583333333333333
76531,0.388888888888889
76533,0.194444444444444
76534,0.388888888888889
76540,0.0555555555555556
76548,0.25
76549,0.371428571428571
76550,0.194444444444444
76551,0.0555555555555556
76557,0.0277777777777778
76558,0.166666666666667
76560,0.0277777777777778
76561,0.194444444444444
76565,0.333333333333333
76568,0.25
76571,0.0833333333333333
76575,0.212121212121212
76576,0.194444444444444
76580,0.222222222222222
76587,0
76590,0.138888888888889
76593,0.111111111111111
76599,0.416666666666667
76604,0.0833333333333333
76606,0.166666666666667
76612,0.194444444444444
76615,0.194444444444444
76616,0.0555555555555556
76624,0.138888888888889
76626,0.0555555555555556
76627,0.0833333333333333
76631,0.222222222222222
76635,0.0277777777777778
76638,0.0833333333333333
76645,0.111111111111111
76649,0.0555555555555556
76653,0.0555555555555556
76655,0.424242424242424
76660,0.0833333333333333
76663,0.111111111111111
76666,0.222222222222222
76667,0.0555555555555556
76669,0.142857142857143
76673,0.194444444444444
76679,0.366666666666667
76680,0.111111111111111
76687,0.294117647058824
76688,0.333333333333333
76692,0.138888888888889
76698,0.257142857142857
76700,0.138888888888889
76702,0
76704,0.166666666666667
76705,0.0555555555555556
76706,0.138888888888889
76709,0.138888888888889
76714,0.352941176470588
76715,0.515151515151515
76722,0.166666666666667
76730,0
76733,0.222222222222222
76734,0.194444444444444
76735,0.277777777777778
76738,0.138888888888889
76739,0.305555555555556
76741,0.111111111111111
76745,0.277777777777778
76746,0.0277777777777778
76747,0.411764705882353
76753,0.0833333333333333
76754,0.111111111111111
76757,0.138888888888889
76764,0.0277777777777778
76779,0.0277777777777778
76789,0.388888888888889
76797,0.0555555555555556
76802,0.25
76805,0.138888888888889
76807,0.222222222222222
76809,0.305555555555556
76810,0.222222222222222
76814,0.0277777777777778
76817,0.0555555555555556
76818,0.361111111111111
76819,0
76824,0.138888888888889
76827,0.5
76831,0.40625
76840,0.0833333333333333
76842,0.361111111111111
76843,0.0833333333333333
76851,0.428571428571429
76853,0.257142857142857
76860,0.138888888888889
76864,0.111111111111111
76867,0
76868,0.138888888888889
76870,0.111111111111111
76871,0.305555555555556
76872,0.416666666666667
76877,0.0277777777777778
76880,0.111111111111111
76884,0.111111111111111
76885,0
76886,0.0277777777777778
76888,0.25
76889,0.138888888888889
76892,0.305555555555556
76893,0.0277777777777778
76899,0.111111111111111
76901,0.0833333333333333
76902,0.0555555555555556
76911,0.0833333333333333
76912,0.194444444444444
76915,0.166666666666667
76917,0.555555555555556
76921,0.285714285714286
76925,0.194444444444444
76928,0.166666666666667
76931,0.277777777777778
76941,0.194444444444444
76944,0.171428571428571
76945,0.194444444444444
76951,0.416666666666667
76958,0
76960,0.0833333333333333
76969,0.0833333333333333
76972,0.0833333333333333
76973,0.194444444444444
76975,0.0833333333333333
76977,0.111111111111111
76985,0.166666666666667
76988,0.166666666666667
76991,0.222222222222222
76992,0.0833333333333333
77000,0.166666666666667
77004,0.138888888888889
77008,0.0833333333333333
77011,0
77012,0.138888888888889
77014,0.0555555555555556
77022,0.0277777777777778
77023,0.0555555555555556
77025,0.0277777777777778
77028,0.0277777777777778
77030,0.0833333333333333
77032,0.0555555555555556
77035,0.111111111111111
77040,0.305555555555556
77041,0.111111111111111
77046,0.194444444444444
77049,0.166666666666667
77054,0.0555555555555556
77057,0.0833333333333333
77060,0.114285714285714
77063,0.0277777777777778
77066,0.222222222222222
77067,0.485714285714286
77072,0.222222222222222
77073,0.277777777777778
77077,0.314285714285714
77081,0.171428571428571
77083,0.194444444444444
77094,0.166666666666667
77096,0.194444444444444
77100,0.0833333333333333
77101,0.0555555555555556
77103,0.0277777777777778
77105,0.138888888888889
77111,0.529411764705882
77113,0
77114,0.0555555555555556
77120,0.222222222222222
77123,0
77126,0.0833333333333333
77139,0.305555555555556
77140,0.121212121212121
77154,0.111111111111111
77160,0.111111111111111
77162,0.0555555555555556
77163,0.333333333333333
77164,0.0555555555555556
77168,0.0833333333333333
77170,0
77171,0
77178,0.25
77185,0.0277777777777778
77187,0.222222222222222
77189,0.416666666666667
77191,0.314285714285714
77192,0.111111111111111
77194,0.0833333333333333
77198,0.0277777777777778
77199,0.482758620689655
77200,0.222222222222222
77205,0.0555555555555556
77211,0.222222222222222
77212,0.166666666666667
77223,0
77232,0.0277777777777778
77245,0.0833333333333333
77246,0.0555555555555556
77247,0.342857142857143
77250,0.166666666666667
77255,0.558823529411765
77257,0.0285714285714286
77275,0.2
77277,0.194444444444444
77284,0.166666666666667
77287,0
77298,0.166666666666667
77299,0.305555555555556
77303,0.194444444444444
77305,0.0833333333333333
77306,0.0571428571428571
77308,0.0555555555555556
77313,0.166666666666667
77314,0.166666666666667
77318,0.333333333333333
77319,0.166666666666667
77331,0.0277777777777778
77347,0.0833333333333333
77348,0.166666666666667
77349,0
77351,0.6
77355,0.121212121212121
77362,0.138888888888889
77364,0.4375
77371,0.222222222222222
77373,0.0555555555555556
77376,0.0294117647058824
77383,0.0833333333333333
77385,0.0277777777777778
77392,0.138888888888889
77393,0.0333333333333333
77394,0.194444444444444
77398,0.25
77399,0.277777777777778
77400,0.138888888888889
77405,0.0277777777777778
77408,0.472222222222222
77415,0.628571428571429
77417,0.277777777777778
77422,0.25
77423,0.194444444444444
77425,0.111111111111111
77429,0.277777777777778
77433,0.25
77436,0.0555555555555556
77443,0.387096774193548
77444,0.0833333333333333
77450,0.25
77453,0.0555555555555556
77456,0.25
77458,0.142857142857143
77463,0.0277777777777778
77468,0.0277777777777778
77469,0.25
77471,0.0833333333333333
77477,0.0277777777777778
77481,0.138888888888889
77488,0.138888888888889
77489,0.222222222222222
77494,0.277777777777778
77498,0.0277777777777778
77502,0.111111111111111
77503,0.166666666666667
77509,0.171428571428571
77511,0.388888888888889
77520,0.2
77522,0.361111111111111
77524,0.222222222222222
77529,0.194444444444444
77533,0.416666666666667
77535,0.138888888888889
77536,0.277777777777778
77541,0.111111111111111
77548,0.222222222222222
77551,0.0833333333333333
77552,0.305555555555556
77560,0.138888888888889
77562,0.277777777777778
77572,0
77580,0.333333333333333
77586,0.138888888888889
77589,0.333333333333333
77592,0.0833333333333333
77597,0.0277777777777778
77598,0.25
77600,0.555555555555556
77603,0.0833333333333333
77605,0.416666666666667
77609,0.0277777777777778
77610,0.0833333333333333
77621,0.305555555555556
77622,0.25
77623,0.294117647058824
77624,0.1
77625,0.264705882352941
77631,0.0277777777777778
77634,0.305555555555556
77642,0.166666666666667
77644,0.111111111111111
77645,0
77647,0.222222222222222
77654,0.194444444444444
77655,0.0277777777777778
77659,0.194444444444444
77660,0.111111111111111
77661,0.277777777777778
77663,0.5
77667,0.0833333333333333
77674,0.0833333333333333
77677,0.444444444444444
77682,0.0555555555555556
77684,0.228571428571429
77690,0.138888888888889
77693,0.0277777777777778
77702,0.138888888888889
77705,0.0555555555555556
77722,0.441176470588235
77728,0.142857142857143
77729,0.545454545454545
77733,0.388888888888889
77734,0.25
77736,0.25
77741,0.0555555555555556
77748,0.194444444444444
77750,0.0277777777777778
77756,0.114285714285714
77758,0.138888888888889
77760,0.25
77763,0.111111111111111
77768,0
77769,0.0555555555555556
77772,0.277777777777778
77773,0.636363636363636
77777,0.111111111111111
77778,0.0833333333333333
77780,0
77782,0.25
77786,0.111111111111111
77789,0.444444444444444
77802,0.228571428571429
77803,0.0833333333333333
77811,0.0555555555555556
77815,0.138888888888889
77820,0.1
77822,0.194444444444444
77823,0.166666666666667
77827,0.416666666666667
77831,0.0833333333333333
77832,0.194444444444444
77835,0.388888888888889
77840,0.0277777777777778
77841,0
77847,0.305555555555556
77852,0.277777777777778
77853,0.0833333333333333
77861,0.4
77866,0.0555555555555556
77867,0.277777777777778
77869,0.0555555555555556
77870,0.2
77874,0.382352941176471
77875,0.277777777777778
77876,0.515151515151515
77880,0.0833333333333333
77888,0.222222222222222
77891,0.527777777777778
77892,0.222222222222222
77894,0.342857142857143
77897,0.333333333333333
77900,0.0277777777777778
77902,0.305555555555556
77905,0.527777777777778
77906,0.444444444444444
77909,0.371428571428571
77910,0.138888888888889
77915,0
77917,0.111111111111111
77922,0.138888888888889
77937,0.0555555555555556
77938,0.25
77939,0.0303030303030303
77941,0.0277777777777778
77950,0.142857142857143
77966,0.0555555555555556
77968,0
77973,0.0555555555555556
77976,0.194444444444444
77979,0.111111111111111
77983,0.111111111111111
77989,0.2
77990,0.228571428571429
77992,0
77994,0.388888888888889
77999,0.111111111111111
78009,0.166666666666667
78010,0.194444444444444
78019,0.205882352941176
78021,0.305555555555556
78028,0.25
78031,0.166666666666667
78033,0.111111111111111
78037,0.25
78040,0.138888888888889
78042,0.0555555555555556
78043,0.515151515151515
78047,0.111111111111111
78063,0.2
78072,0.472222222222222
78074,0.0555555555555556
78075,0.138888888888889
78080,0.0277777777777778
78081,0.111111111111111
78083,0.138888888888889
78084,0.472222222222222
78086,0.194444444444444
78088,0.333333333333333
78089,0.111111111111111
78095,0.194444444444444
78099,0.25
78100,0.138888888888889
78101,0.361111111111111
78103,0.111111111111111
78104,0.166666666666667
78107,0.0555555555555556
78114,0.361111111111111
78119,0.222222222222222
78122,0.333333333333333
78127,0.222222222222222
78130,0.0833333333333333
78131,0.277777777777778
78134,0.472222222222222
78138,0.111111111111111
78139,0.277777777777778
78144,0.363636363636364
78151,0.111111111111111
78167,0.138888888888889
78174,0.0277777777777778
78175,0.142857142857143
78179,0
78180,0.138888888888889
78183,0
78185,0.111111111111111
78186,0.0833333333333333
78192,0.138888888888889
78195,0.342857142857143
78196,0.133333333333333
78198,0.194444444444444
78200,0.416666666666667
78201,0.222222222222222
78208,0.111111111111111
78216,0.176470588235294
78217,0.0833333333333333
78218,0.361111111111111
78227,0.444444444444444
78235,0.0606060606060606
78238,0.416666666666667
78242,0.222222222222222
78245,0.222222222222222
78262,0.361111111111111
78268,0.222222222222222
78270,0.0555555555555556
78274,0.194444444444444
78277,0.222222222222222
78288,0.166666666666667
78289,0.194444444444444
78296,0.2
78297,0.111111111111111
78301,0.194444444444444
78304,0.558823529411765
78313,0.0555555555555556
78317,0.444444444444444
78319,0.257142857142857
78321,0.194444444444444
78323,0.111111111111111
78328,0.111111111111111
78337,0.171428571428571
78362,0.166666666666667
78368,0.194444444444444
78372,0.121212121212121
78376,0.222222222222222
78377,0.222222222222222
78391,0.111111111111111
78392,0.111111111111111
78394,0.416666666666667
78402,0.333333333333333
78403,0.222222222222222
78422,0.0555555555555556
78423,0.138888888888889
78428,0.382352941176471
78431,0.277777777777778
78433,0
78435,0
78440,0.0857142857142857
78442,0.0277777777777778
78443,0.111111111111111
78444,0.194444444444444
78445,0.166666666666667
78462,0.138888888888889
78465,0.228571428571429
78467,0.0833333333333333
78475,0.111111111111111
78481,0.0833333333333333
78484,0.28125
78486,0.361111111111111
78487,0.194444444444444
78497,0.277777777777778
78498,0.388888888888889
78503,0.235294117647059
78504,0.583333333333333
78506,0.361111111111111
78508,0.0555555555555556
78515,0.555555555555556
78521,0.0277777777777778
78522,0.0833333333333333
78523,0.0833333333333333
78527,0.166666666666667
78531,0.0555555555555556
78534,0.352941176470588
78535,0.0833333333333333
78536,0
78551,0.0277777777777778
78552,0.138888888888889
78556,0.166666666666667
78557,0.305555555555556
78561,0.4
78572,0
78579,0.166666666666667
78580,0.305555555555556
78583,0.0833333333333333
78587,0.111111111111111
78591,0.457142857142857
78597,0.111111111111111
78598,0.25
78608,0.0833333333333333
78612,0.0833333333333333
78615,0
78619,0.0833333333333333
78620,0.0833333333333333
78621,0.138888888888889
78626,0.0555555555555556
78627,0.0555555555555556
78630,0.133333333333333
78634,0.257142857142857
78640,0.111111111111111
78649,0.138888888888889
78658,0.0833333333333333
78661,0.0555555555555556
78662,0.0277777777777778
78667,0.228571428571429
78671,0.305555555555556
78674,0.138888888888889
78679,0.142857142857143
78682,0.0555555555555556
78683,0
78685,0.363636363636364
78700,0.194444444444444
78702,0.257142857142857
78703,0.0555555555555556
78704,0.314285714285714
78707,0.111111111111111
78712,0.0833333333333333
78714,0.138888888888889
78723,0.111111111111111
78727,0.138888888888889
78737,0.371428571428571
78739,0.0555555555555556
78742,0.0277777777777778
78744,0.0555555555555556
78747,0.257142857142857
78748,0.194444444444444
78754,0.342857142857143
78757,0.222222222222222
78764,0.194444444444444
78771,0.314285714285714
78777,0.0555555555555556
78778,0.166666666666667
78780,0.0833333333333333
78789,0.277777777777778
78790,0.0606060606060606
78794,0.166666666666667
78796,0.241379310344828
78804,0.111111111111111
78810,0.361111111111111
78820,0
78822,0.305555555555556
78825,0.277777777777778
78834,0.0277777777777778
78838,0.171428571428571
78844,0.388888888888889
78847,0.194444444444444
78853,0.228571428571429
78854,0.0833333333333333
78858,0.194444444444444
78865,0.0555555555555556
78870,0.194444444444444
78874,0.194444444444444
78875,0
78876,0.0555555555555556
78882,0.0555555555555556
78883,0.0277777777777778
78885,0.25
78892,0.0857142857142857
78897,0.133333333333333
78899,0.305555555555556
78902,0.638888888888889
78903,0.111111111111111
78905,0.277777777777778
78911,0.111111111111111
78912,0.0833333333333333
78916,0.0833333333333333
78918,0
78924,0.0833333333333333
78928,0.514285714285714
78929,0.4
78930,0
78937,0.222222222222222
78938,0.151515151515152
78942,0.0909090909090909
78944,0.305555555555556
78947,0.222222222222222
78950,0.361111111111111
78951,0.257142857142857
78953,0.166666666666667
78962,0.0555555555555556
78963,0.222222222222222
78968,0.25
78974,0.138888888888889
78978,0.138888888888889
78980,0.416666666666667
78981,0.0833333333333333
78983,0.0555555555555556
78989,0.138888888888889
78990,0.151515151515152
78991,0.0277777777777778
78994,0.0833333333333333
78997,0.333333333333333
79006,0.361111111111111
79007,0.0555555555555556
79011,0.428571428571429
79013,0.166666666666667
79014,0.285714285714286
79015,0.194444444444444
79016,0.111111111111111
79017,0.0277777777777778
79025,0.194444444444444
79029,0.0555555555555556
79031,0.138888888888889
79040,0.0833333333333333
79041,0
79042,0.0277777777777778
79048,0.515151515151515
79050,0.277777777777778
79063,0.111111111111111
79072,0.0833333333333333
79077,0.138888888888889
79078,0.25
79080,0.111111111111111
79089,0.25
79095,0.194444444444444
79106,0.333333333333333
79113,0.25
79119,0.228571428571429
79121,0.0277777777777778
79128,0.138888888888889
79135,0.222222222222222
79136,0.138888888888889
79138,0.222222222222222
79152,0.0555555555555556
79154,0.138888888888889
79161,0.0833333333333333
79162,0.222222222222222
79165,0.0277777777777778
79171,0.111111111111111
79173,0.0555555555555556
79176,0.0555555555555556
79178,0.25
79179,0.166666666666667
79180,0.388888888888889
79184,0.0555555555555556
79185,0.228571428571429
79186,0.333333333333333
79187,0.0277777777777778
79188,0.0555555555555556
79189,0.111111111111111
79191,0.0277777777777778
79195,0.277777777777778
79199,0.542857142857143
79200,0.171428571428571
79201,0.111111111111111
79204,0.0555555555555556
79206,0.6
79208,0.111111111111111
79214,0.25
79216,0.361111111111111
79220,0.411764705882353
79221,0.0333333333333333
79225,0.555555555555556
79231,0.0277777777777778
79240,0.172413793103448
79245,0.388888888888889
79247,0
79258,0.457142857142857
79259,0
79266,0.166666666666667
79267,0.529411764705882
79268,0.0277777777777778
79270,0.25
79275,0.1
79286,0.166666666666667
79288,0.111111111111111
79292,0.166666666666667
79296,0.0277777777777778
79297,0.0833333333333333
79298,0.111111111111111
79310,0.361111111111111
79314,0.0555555555555556
79319,0.0555555555555556
79322,0.5
79323,0.444444444444444
79325,0.277777777777778
79328,0.5
79331,0.0833333333333333
79333,0.0555555555555556
79337,0.0833333333333333
79339,0.333333333333333
79351,0.0555555555555556
79352,0.0833333333333333
79358,0.0277777777777778
79360,0
79362,0.0277777777777778
79371,0.111111111111111
79374,0.0833333333333333
79376,0.0555555555555556
79377,0.333333333333333
79386,0.633333333333333
79388,0.138888888888889
79389,0.0555555555555556
79395,0.0277777777777778
79406,0.222222222222222
79408,0.0555555555555556
79415,0.0555555555555556
79416,0
79417,0.194444444444444
79419,0.222222222222222
79425,0.0277777777777778
79431,0
79432,0.25
79437,0.371428571428571
79438,0.09375
79440,0.166666666666667
79441,0.194444444444444
79445,0
79452,0.111111111111111
79453,0.388888888888889
79454,0.0277777777777778
79457,0.0555555555555556
79460,0
79461,0.2
79468,0.0277777777777778
79469,0.166666666666667
79474,0.111111111111111
79476,0.0833333333333333
79477,0.0833333333333333
79481,0.0857142857142857
79482,0
79484,0.277777777777778
79486,0.277777777777778
79496,0.0833333333333333
79499,0.242424242424242
79501,0.0277777777777778
79503,0.228571428571429
79505,0.111111111111111
79515,0.138888888888889
79521,0.138888888888889
79525,0.166666666666667
79533,0.194444444444444
79536,0.138888888888889
79537,0.194444444444444
79541,0.342857142857143
79544,0.0833333333333333
79546,0.4
79547,0.0333333333333333
79553,0.138888888888889
79557,0.138888888888889
79567,0.114285714285714
79576,0.0833333333333333
79577,0.114285714285714
79579,0.277777777777778
79586,0.166666666666667
79593,0.0285714285714286
79594,0.233333333333333
79596,0.0277777777777778
79597,0.194444444444444
79599,0.0833333333333333
79602,0.305555555555556
79608,0.111111111111111
79610,0.388888888888889
79613,0.352941176470588
79621,0.277777777777778
79629,0.228571428571429
79630,0
79632,0.472222222222222
79639,0.305555555555556
79648,0.277777777777778
79650,0.111111111111111
79656,0.166666666666667
79658,0.166666666666667
79661,0
79665,0.25
79667,0.0555555555555556
79672,0.0277777777777778
79674,0.0555555555555556
79677,0.166666666666667
79683,0.194444444444444
79688,0.416666666666667
79690,0.171428571428571
79693,0.0555555555555556
79705,0.166666666666667
79709,0.138888888888889
79712,0.361111111111111
79714,0.0606060606060606
79715,0.0833333333333333
79729,0.0555555555555556
79734,0.361111111111111
79740,0.515151515151515
79744,0.285714285714286
79750,0.0555555555555556
79751,0.0833333333333333
79762,0.0555555555555556
79763,0.0555555555555556
79764,0.277777777777778
79768,0.0833333333333333
79778,0.257142857142857
79793,0.0833333333333333
79795,0.111111111111111
79800,0.444444444444444
79805,0.138888888888889
79810,0.111111111111111
79812,0.277777777777778
79814,0.138888888888889
79816,0.0277777777777778
79819,0.138888888888889
79821,0.0277777777777778
79825,0.0833333333333333
79832,0.222222222222222
79833,0.0277777777777778
79838,0.166666666666667
79840,0.470588235294118
79841,0.0555555555555556
79849,0.166666666666667
79853,0.0606060606060606
79859,0.0555555555555556
79864,0.138888888888889
79872,0.0277777777777778
79878,0.305555555555556
79880,0.424242424242424
79881,0.138888888888889
79884,0.166666666666667
79885,0.111111111111111
79887,0.222222222222222
79889,0.111111111111111
79891,0.194444444444444
79894,0.0277777777777778
79904,0.25
79906,0.111111111111111
79913,0.0555555555555556
79915,0.111111111111111
79916,0.138888888888889
79917,0.166666666666667
79918,0.333333333333333
79919,0.0555555555555556
79920,0.25
79923,0.138888888888889
79924,0.0555555555555556
79928,0.138888888888889
79929,0.5
79936,0.25
79942,0.277777777777778
79944,0.333333333333333
79949,0.0555555555555556
79951,0.333333333333333
79952,0.166666666666667
79954,0.264705882352941
79957,0
79958,0.111111111111111
79965,0.0555555555555556
79967,0.382352941176471
79969,0.166666666666667
79970,0.194444444444444
79974,0.0833333333333333
79977,0.0277777777777778
79979,0.441176470588235
79987,0.194444444444444
79988,0.344827586206897
80002,0.0303030303030303
80007,0.0555555555555556
80008,0.171428571428571
80013,0.527777777777778
80014,0.25
80023,0.25
80026,0.0833333333333333
80030,0.0555555555555556
80037,0.388888888888889
80040,0.25
80044,0.0833333333333333
80049,0.0277777777777778
80052,0.194444444444444
80061,0.0277777777777778
80063,0.166666666666667
80066,0.194444444444444
80067,0.222222222222222
80072,0.166666666666667
80073,0
80078,0.166666666666667
80080,0.0833333333333333
80082,0.138888888888889
80084,0.277777777777778
80089,0.194444444444444
80091,0.194444444444444
80092,0.111111111111111
80094,0.111111111111111
80096,0.166666666666667
80099,0.333333333333333
80102,0.0555555555555556
80103,0
80105,0.194444444444444
80112,0.0833333333333333
80114,0.166666666666667
80115,0.166666666666667
80119,0.166666666666667
80120,0.361111111111111
80121,0.166666666666667
80122,0.416666666666667
80123,0.138888888888889
80124,0.277777777777778
80127,0.0555555555555556
80129,0.416666666666667
80130,0.0277777777777778
80133,0.583333333333333
80136,0.194444444444444
80138,0
80144,0.0857142857142857
80148,0.416666666666667
80152,0.166666666666667
80153,0.0833333333333333
80155,0.0833333333333333
80163,0.111111111111111
80165,0.0555555555555556
80170,0.0833333333333333
80174,0.305555555555556
80175,0.25
80179,0.222222222222222
80181,0.181818181818182
80183,0.388888888888889
80185,0.0555555555555556
80187,0.138888888888889
80188,0.0555555555555556
80199,0.277777777777778
80200,0.0555555555555556
80201,0.333333333333333
80203,0.166666666666667
80204,0.0555555555555556
80205,0.363636363636364
80206,0.5
80212,0.305555555555556
80218,0.138888888888889
80222,0.371428571428571
80234,0.151515151515152
80237,0.0555555555555556
80241,0.138888888888889
80247,0.166666666666667
80249,0.416666666666667
80250,0.111111111111111
80252,0.111111111111111
80262,0.0833333333333333
80263,0.138888888888889
80266,0.138888888888889
80267,0.194444444444444
80268,0.0555555555555556
80274,0.0833333333333333
80277,0.0833333333333333
80285,0.138888888888889
80288,0.0277777777777778
80292,0.111111111111111
80296,0.194444444444444
80300,0
80307,0.0833333333333333
80315,0.428571428571429
80321,0.277777777777778
80322,0.0277777777777778
80326,0.194444444444444
80328,0.0857142857142857
80329,0.361111111111111
80330,0.0277777777777778
80340,0.0555555555555556
80345,0.371428571428571
80355,0.617647058823529
80360,0.0555555555555556
80362,0.0833333333333333
80366,0.111111111111111
80367,0.285714285714286
80379,0.277777777777778
80381,0.111111111111111
80382,0.111111111111111
80385,0.138888888888889
80388,0.0277777777777778
80389,0.0277777777777778
80390,0.0303030303030303
80393,0.194444444444444
80394,0.138888888888889
80397,0.0555555555555556
80402,0.194444444444444
80406,0.171428571428571
80417,0.0277777777777778
80427,0.111111111111111
80428,0.416666666666667
80432,0.0606060606060606
80434,0.0833333333333333
80436,0.0555555555555556
80454,0.333333333333333
80468,0.222222222222222
80469,0.25
80478,0.323529411764706
80479,0.166666666666667
80482,0
80486,0.138888888888889
80491,0.166666666666667
80493,0.194444444444444
80498,0.111111111111111
80506,0.0555555555555556
80512,0.0555555555555556
80517,0.0555555555555556
80518,0.305555555555556
80522,0
80523,0.0555555555555556
80530,0.444444444444444
80533,0.166666666666667
80537,0
80538,0.194444444444444
80545,0.0555555555555556
80547,0.111111111111111
80548,0.111111111111111
80549,0.277777777777778
80550,0.361111111111111
80553,0.305555555555556
80555,0.0833333333333333
80570,0.0277777777777778
80573,0.0555555555555556
80586,0.151515151515152
80588,0
80593,0.0285714285714286
80594,0.222222222222222
80595,0.0555555555555556
80601,0.472222222222222
80602,0.166666666666667
80604,0.305555555555556
80613,0.305555555555556
80632,0.0833333333333333
80635,0.444444444444444
80641,0.111111111111111
80647,0.0555555555555556
80651,0.305555555555556
80652,0.0833333333333333
80657,0.222222222222222
80658,0.0277777777777778
80669,0.0833333333333333
80676,0.138888888888889
80682,0.264705882352941
80683,0.222222222222222
80689,0.194444444444444
80695,0.166666666666667
80699,0.138888888888889
80703,0.0555555555555556
80705,0.0555555555555556
80706,0
80707,0.111111111111111
80708,0.222222222222222
80709,0.0833333333333333
80717,0.166666666666667
80719,0.222222222222222
80722,0.305555555555556
80723,0.205882352941176
80732,0
80741,0
80742,0.0555555555555556
80743,0.277777777777778
80745,0.25
80749,0.0285714285714286
80750,0.166666666666667
80754,0.166666666666667
80769,0.0555555555555556
80770,0.0833333333333333
80771,0.0277777777777778
80774,0.111111111111111
80781,0.0555555555555556
80786,0.194444444444444
80792,0.194444444444444
80794,0
80800,0.138888888888889
80804,0.277777777777778
80810,0.0833333333333333
80814,0.0277777777777778
80815,0.0833333333333333
80817,0.111111111111111
80819,0.111111111111111
80822,0.111111111111111
80841,0.166666666666667
80842,0.166666666666667
80843,0.457142857142857
80846,0.277777777777778
80858,0.0555555555555556
80859,0.25
80864,0.0277777777777778
80868,0.0277777777777778
80872,0.305555555555556
80878,0.111111111111111
80884,0.0555555555555556
80889,0.416666666666667
80890,0.166666666666667
80892,0
80893,0.371428571428571
80894,0.166666666666667
80898,0.4
80900,0.194444444444444
80904,0.0555555555555556
80908,0.0571428571428571
80915,0.166666666666667
80928,0.0833333333333333
80929,0.0833333333333333
80930,0.166666666666667
80934,0.228571428571429
80941,0.222222222222222
80943,0.138888888888889
80946,0.114285714285714
80955,0.171428571428571
80960,0.166666666666667
80962,0.111111111111111
80976,0
80987,0.2
80988,0.0555555555555556
81004,0.0277777777777778
81009,0.333333333333333
81010,0.0277777777777778
81011,0.0833333333333333
81025,0.25
81026,0.171428571428571
81030,0.0277777777777778
81032,0.111111111111111
81037,0.111111111111111
81040,0.194444444444444
81042,0.0277777777777778
81054,0.121212121212121
81057,0.111111111111111
81063,0.138888888888889
81068,0.0555555555555556
81078,0.194444444444444
81079,0.257142857142857
81082,0.0833333333333333
81088,0.0277777777777778
81095,0.111111111111111
81100,0.361111111111111
81103,0.277777777777778
81104,0.0277777777777778
81107,0.0555555555555556
81109,0.25
81110,0.0277777777777778
81111,0.25
81115,0.0277777777777778
81121,0.0555555555555556
81134,0.388888888888889
81136,0.277777777777778
81141,0.111111111111111
81142,0.0833333333333333
81148,0.0833333333333333
81151,0
81154,0.0833333333333333
81155,0.0555555555555556
81162,0.0833333333333333
81163,0.166666666666667
81165,0
81166,0.305555555555556
81173,0.0277777777777778
81175,0.138888888888889
81201,0.0277777777777778
81203,0.0277777777777778
81204,0.111111111111111
81209,0.0833333333333333
81210,0.0833333333333333
81213,0.111111111111111
81214,0
81221,0.0833333333333333
81226,0.305555555555556
81228,0.0555555555555556
81229,0.2
81230,0.0555555555555556
81232,0
81234,0.0555555555555556
81241,0.111111111111111
81248,0.111111111111111
81250,0.0277777777777778
81251,0.555555555555556
81256,0.138888888888889
81259,0.0833333333333333
81262,0.0555555555555556
81267,0.0833333333333333
81269,0.361111111111111
81275,0.0833333333333333
81282,0.111111111111111
81283,0.0833333333333333
81284,0.0833333333333333
81285,0.111111111111111
81288,0.138888888888889
81295,0.111111111111111
81296,0.166666666666667
81297,0.114285714285714
81298,0.111111111111111
81302,0.25
81306,0.111111111111111
81309,0.0277777777777778
81311,0.0833333333333333
81321,0.323529411764706
81322,0.0555555555555556
81323,0
81329,0.194444444444444
81332,0.233333333333333
81339,0.277777777777778
81343,0.0277777777777778
81344,0.0277777777777778
81345,0.0857142857142857
81350,0.194444444444444
81353,0.111111111111111
81357,0.0555555555555556
81358,0.277777777777778
81359,0.444444444444444
81368,0.166666666666667
81377,0.166666666666667
81380,0.277777777777778
81381,0.111111111111111
81382,0.222222222222222
81385,0.277777777777778
81387,0.166666666666667
81391,0.138888888888889
81409,0.277777777777778
81413,0.222222222222222
81415,0.194444444444444
81416,0.303030303030303
81418,0.205882352941176
81427,0.0555555555555556
81429,0.166666666666667
81430,0.138888888888889
81434,0.533333333333333
81436,0.25
81438,0.222222222222222
81444,0.212121212121212
81447,0.138888888888889
81450,0.25
81452,0.0833333333333333
81456,0.222222222222222
81462,0.0833333333333333
81463,0.228571428571429
81465,0.111111111111111
81468,0.0555555555555556
81474,0.285714285714286
81477,0.111111111111111
81485,0.0277777777777778
81486,0.111111111111111
81492,0.0277777777777778
81495,0.111111111111111
81497,0.0555555555555556
81504,0.277777777777778
81508,0.0833333333333333
81512,0.194444444444444
81519,0.0555555555555556
81521,0
81523,0.205882352941176
81524,0.361111111111111
81530,0.166666666666667
81537,0
81547,0.205882352941176
81548,0.371428571428571
81550,0.0555555555555556
81552,0.114285714285714
81564,0
81566,0.111111111111111
81570,0.416666666666667
81573,0.194444444444444
81578,0.138888888888889
81579,0.257142857142857
81580,0.138888888888889
81581,0.166666666666667
81582,0.222222222222222
81587,0.166666666666667
81593,0.277777777777778
81594,0
81595,0.333333333333333
81598,0
81600,0.416666666666667
81601,0.194444444444444
81603,0.333333333333333
81609,0.138888888888889
81610,0.0833333333333333
81617,0.305555555555556
81622,0.111111111111111
81623,0.111111111111111
81624,0.111111111111111
81629,0.111111111111111
81633,0
81636,0.194444444444444
81640,0.228571428571429
81643,0.0277777777777778
81645,0.111111111111111
81648,0.305555555555556
81654,0.111111111111111
81660,0.305555555555556
81661,0.0833333333333333
81664,0.138888888888889
81674,0.25
81675,0.0555555555555556
81677,0.0555555555555556
81686,0.0277777777777778
81694,0.416666666666667
81701,0.0555555555555556
81703,0.305555555555556
81709,0.303030303030303
81712,0.0833333333333333
81714,0.111111111111111
81726,0.333333333333333
81733,0.305555555555556
81736,0.277777777777778
81742,0.166666666666667
81743,0.166666666666667
81755,0.0277777777777778
81763,0.555555555555556
81764,0.277777777777778
81770,0.0277777777777778
81777,0.194444444444444
81779,0.257142857142857
81781,0.111111111111111
81784,0.0833333333333333
81785,0.285714285714286
81794,0.0833333333333333
81795,0.0571428571428571
81797,0.166666666666667
81798,0.0833333333333333
81801,0.0555555555555556
81812,0.0833333333333333
81813,0.371428571428571
81814,0.138888888888889
81815,0.0833333333333333
81816,0.0555555555555556
81818,0.166666666666667
81820,0.138888888888889
81822,0.111111111111111
81823,0.114285714285714
81824,0.111111111111111
81826,0.0833333333333333
81827,0.194444444444444
81831,0.472222222222222
81833,0.111111111111111
81842,0.111111111111111
81845,0.416666666666667
81850,0.25
81851,0.5
81863,0.138888888888889
81866,0.393939393939394
81867,0
81871,0.194444444444444
81872,0.111111111111111
81875,0.25
81879,0.342857142857143
81887,0.111111111111111
81890,0.277777777777778
81895,0.111111111111111
81896,0.205882352941176
81899,0.166666666666667
81900,0.138888888888889
81920,0.0833333333333333
81933,0.411764705882353
81934,0.138888888888889
81945,0.0277777777777778
81950,0.305555555555556
81952,0.0833333333333333
81959,0
81969,0
81970,0.333333333333333
81978,0.25
81979,0.0833333333333333
81982,0.25
81983,0.333333333333333
81987,0.0857142857142857
81988,0.25
81992,0.0277777777777778
81994,0.194444444444444
81997,0.111111111111111
81998,0.387096774193548
82001,0.0277777777777778
82005,0.0277777777777778
82007,0.111111111111111
82012,0.111111111111111
82019,0.114285714285714
82021,0.0555555555555556
82025,0.333333333333333
82026,0.527777777777778
82027,0.166666666666667
82031,0.305555555555556
82041,0.0555555555555556
82043,0.0555555555555556
82046,0.444444444444444
82047,0.166666666666667
82052,0.0555555555555556
82055,0.342857142857143
82056,0.333333333333333
82061,0.611111111111111
82062,0.5
82067,0.388888888888889
82083,0.0277777777777778
82085,0.0277777777777778
82091,0.111111111111111
82098,0.352941176470588
82099,0.166666666666667
82102,0.222222222222222
82103,0.194444444444444
82108,0.0277777777777778
82113,0.111111111111111
82125,0.0833333333333333
82126,0.0277777777777778
82130,0.444444444444444
82131,0.571428571428571
82133,0.138888888888889
82138,0.25
82143,0.114285714285714
82144,0.305555555555556
82147,0.0555555555555556
82152,0.0833333333333333
82153,0.0555555555555556
82158,0
82160,0.111111111111111
82162,0.0555555555555556
82163,0.444444444444444
82167,0.277777777777778
82169,0.0555555555555556
82170,0.0277777777777778
82171,0.388888888888889
82173,0.0285714285714286
82176,0.111111111111111
82177,0.138888888888889
82181,0
82182,0.0833333333333333
82184,0.171428571428571
82191,0.333333333333333
82192,0.111111111111111
82201,0.171428571428571
82204,0.166666666666667
82211,0.138888888888889
82212,0.371428571428571
82216,0.0277777777777778
82225,0.0277777777777778
82226,0.138888888888889
82227,0.166666666666667
82230,0
82231,0.0277777777777778
82235,0.305555555555556
82236,0.277777777777778
82238,0.25
82254,0.111111111111111
82258,0.0555555555555556
82277,0.0833333333333333
82285,0.314285714285714
82288,0.0555555555555556
82291,0.0555555555555556
82295,0.171428571428571
82300,0.0833333333333333
82307,0.0833333333333333
82316,0.194444444444444
82321,0.138888888888889
82330,0.138888888888889
82334,0.0277777777777778
82335,0.0833333333333333
82343,0.166666666666667
82344,0.166666666666667
82346,0.181818181818182
82351,0.0833333333333333
82353,0
82354,0.111111111111111
82355,0.361111111111111
82356,0.166666666666667
82360,0.0277777777777778
82383,0.0833333333333333
82384,0.0833333333333333
82402,0.138888888888889
82403,0.222222222222222
82405,0.111111111111111
82406,0.4375
82409,0.305555555555556
82416,0.0555555555555556
82417,0.111111111111111
82423,0
82424,0.0606060606060606
82432,0.0277777777777778
82434,0.138888888888889
82435,0.294117647058824
82436,0.166666666666667
82440,0.138888888888889
82441,0.166666666666667
82445,0.0277777777777778
82446,0.194444444444444
82459,0.222222222222222
82460,0.305555555555556
82464,0
82466,0.305555555555556
82482,0.333333333333333
82488,0.0555555555555556
82495,0.0833333333333333
82504,0.416666666666667
82507,0.166666666666667
82509,0.138888888888889
82517,0.0833333333333333
82521,0.222222222222222
82535,0.111111111111111
82541,0.342857142857143
82542,0.138888888888889
82547,0.0833333333333333
82554,0.0833333333333333
82558,0.0277777777777778
82559,0.0833333333333333
82564,0.0555555555555556
82565,0.194444444444444
82566,0.0833333333333333
82570,0.111111111111111
82572,0.484848484848485
82576,0.305555555555556
82579,0.527777777777778
82580,0.133333333333333
82582,0.111111111111111
82596,0.416666666666667
82597,0.0277777777777778
82608,0.416666666666667
82610,0.166666666666667
82612,0.411764705882353
82615,0.138888888888889
82619,0.194444444444444
82625,0.382352941176471
82635,0.0606060606060606
82637,0.277777777777778
82642,0.228571428571429
82646,0.0833333333333333
82651,0.470588235294118
82652,0.0833333333333333
82655,0.555555555555556
82657,0.222222222222222
82665,0.0277777777777778
82675,0.111111111111111
82677,0.111111111111111
82678,0.0277777777777778
82688,0.0555555555555556
82698,0.333333333333333
82702,0.138888888888889
82703,0.0555555555555556
82705,0.305555555555556
82708,0.361111111111111
82709,0.166666666666667
82710,0.194444444444444
82712,0.0555555555555556
82720,0
82723,0.222222222222222
82727,0.0833333333333333
82737,0.416666666666667
82739,0
82740,0.333333333333333
82741,0.583333333333333
82742,0.0277777777777778
82749,0.527777777777778
82756,0
82757,0.111111111111111
82758,0.0277777777777778
82769,0.138888888888889
82772,0.0555555555555556
82773,0.0833333333333333
82775,0.0833333333333333
82778,0.333333333333333
82779,0.0833333333333333
82782,0.0277777777777778
82785,0.342857142857143
82790,0.0277777777777778
82791,0.0277777777777778
82794,0.0285714285714286
82802,0.138888888888889
82811,0.0555555555555556
82812,0.194444444444444
82816,0.25
82820,0.2
82822,0.222222222222222
82823,0
82826,0.0555555555555556
82827,0.454545454545455
82829,0.138888888888889
82831,0.272727272727273
82840,0.0555555555555556
82842,0.138888888888889
82844,0.138888888888889
82845,0
82849,0.138888888888889
82851,0.0277777777777778
82854,0.0555555555555556
82855,0.194444444444444
82859,0.0857142857142857
82868,0.222222222222222
82874,0.444444444444444
82876,0.382352941176471
82879,0.166666666666667
82881,0.0277777777777778
82882,0.194444444444444
82886,0.25
82889,0.342857142857143
82895,0.166666666666667
82898,0.222222222222222
82899,0.194444444444444
82900,0.305555555555556
82901,0.277777777777778
82903,0
82904,0.138888888888889
82906,0.305555555555556
82909,0.305555555555556
82915,0.611111111111111
82916,0.222222222222222
82918,0.314285714285714
82926,0.0555555555555556
82929,0.0555555555555556
82931,0.257142857142857
82938,0.0833333333333333
82945,0.361111111111111
82949,0.111111111111111
82951,0.277777777777778
82952,0.222222222222222
82953,0.0555555555555556
82956,0.194444444444444
82959,0.2
82961,0.138888888888889
82963,0.111111111111111
82964,0.166666666666667
82967,0.277777777777778
82968,0.0833333333333333
82969,0.138888888888889
82970,0.194444444444444
82974,0.111111111111111
82982,0.416666666666667
82987,0.166666666666667
82989,0.222222222222222
82990,0.171428571428571
82995,0.114285714285714
82997,0.138888888888889
82998,0.111111111111111
83002,0.138888888888889
83005,0.166666666666667
83006,0.222222222222222
83007,0.0555555555555556
83010,0.333333333333333
83016,0.382352941176471
83019,0.527777777777778
83020,0.194444444444444
83026,0.241379310344828
83027,0.0555555555555556
83033,0.5
83037,0.194444444444444
83045,0.0277777777777778
83046,0.138888888888889
83052,0.222222222222222
83061,0.166666666666667
83063,0.0555555555555556
83068,0.111111111111111
83070,0.138888888888889
83073,0.0277777777777778
83075,0.166666666666667
83084,0
83088,0.194444444444444
83092,0
83097,0.0277777777777778
83098,0.257142857142857
83100,0.111111111111111
83104,0
83109,0.352941176470588
83111,0.138888888888889
83114,0.0833333333333333
83116,0.194444444444444
83118,0.0555555555555556
83123,0.166666666666667
83124,0.138888888888889
83129,0
83138,0.138888888888889
83143,0.142857142857143
83146,0.166666666666667
83147,0
83148,0.444444444444444
83160,0.277777777777778
83170,0.166666666666667
83171,0.0833333333333333
83179,0.558823529411765
83183,0.25
83184,0.0833333333333333
83186,0.0857142857142857
83187,0.138888888888889
83191,0.171428571428571
83192,0.0277777777777778
83196,0.166666666666667
83201,0.0277777777777778
83202,0.0833333333333333
83203,0.444444444444444
83207,0.333333333333333
83210,0.222222222222222
83218,0.0277777777777778
83222,0.0555555555555556
83233,0.371428571428571
83236,0.0833333333333333
83237,0.194444444444444
83238,0.138888888888889
83239,0.277777777777778
83241,0.138888888888889
83244,0.194444444444444
83250,0.0277777777777778
83253,0.0555555555555556
83255,0.166666666666667
83261,0.121212121212121
83262,0.194444444444444
83272,0.0833333333333333
83277,0.0555555555555556
83282,0.0833333333333333
83284,0
83287,0.0277777777777778
83292,0.0555555555555556
83294,0.142857142857143
83297,0.25
83299,0.0277777777777778
83300,0.138888888888889
83305,0.0555555555555556
83311,0.25
83314,0.0277777777777778
83320,0.352941176470588
83321,0.555555555555556
83323,0.111111111111111
83326,0.0555555555555556
83341,0.233333333333333
83345,0.333333333333333
83347,0.416666666666667
83351,0.228571428571429
83359,0.444444444444444
83369,0.0833333333333333
83374,0.0833333333333333
83375,0.103448275862069
83381,0.138888888888889
83385,0.0833333333333333
83388,0
83390,0.0555555555555556
83391,0.111111111111111
83395,0.25
83398,0.0277777777777778
83403,0.166666666666667
83406,0.277777777777778
83420,0.388888888888889
83423,0.0555555555555556
83424,0.305555555555556
83426,0.25
83428,0.0555555555555556
83429,0.121212121212121
83431,0.0555555555555556
83432,0.166666666666667
83436,0.277777777777778
83438,0.333333333333333
83441,0.0277777777777778
83445,0.0833333333333333
83446,0.382352941176471
83450,0.0833333333333333
83460,0.0666666666666667
83464,0.25
83472,0.0555555555555556
83481,0.166666666666667
83483,0.194444444444444
83484,0.111111111111111
83505,0.194444444444444
83507,0.0555555555555556
83510,0.0277777777777778
83511,0.4
83514,0.0555555555555556
83516,0.171428571428571
83524,0.111111111111111
83526,0.0555555555555556
83528,0.0833333333333333
83529,0.111111111111111
83530,0.6
83533,0.527777777777778
83535,0.194444444444444
83539,0.166666666666667
83542,0.111111111111111
83543,0.138888888888889
83544,0.138888888888889
83546,0
83552,0.138888888888889
83553,0.4
83556,0.0333333333333333
83557,0.305555555555556
83563,0.0277777777777778
83567,0.111111111111111
83569,0.0555555555555556
83576,0.277777777777778
83584,0.222222222222222
83586,0
83589,0.0833333333333333
83590,0.194444444444444
83592,0.0555555555555556
83595,0.0833333333333333
83600,0.285714285714286
83604,0.0277777777777778
83605,0.222222222222222
83612,0.138888888888889
83614,0.166666666666667
83615,0.0555555555555556
83616,0.0833333333333333
83623,0.257142857142857
83624,0.0277777777777778
83625,0.0277777777777778
83630,0.277777777777778
83634,0.0555555555555556
83638,0.222222222222222
83639,0.277777777777778
83640,0.222222222222222
83646,0
83658,0
83660,0.111111111111111
83662,0.138888888888889
83663,0.194444444444444
83676,0.0833333333333333
83684,0.111111111111111
83687,0.277777777777778
83692,0.25
83702,0.305555555555556
83708,0.277777777777778
83712,0.138888888888889
83715,0.0277777777777778
83717,0.0909090909090909
83718,0.388888888888889
83721,0.0277777777777778
83723,0.0555555555555556
83724,0.222222222222222
83732,0.138888888888889
83733,0
83734,0.583333333333333
83735,0.0555555555555556
83737,0.111111111111111
83744,0.5
83754,0.111111111111111
83755,0.194444444444444
83757,0.638888888888889
83767,0.0555555555555556
83773,0.222222222222222
83775,0.0833333333333333
83776,0
83777,0.388888888888889
83785,0.111111111111111
83787,0.2
83788,0.0571428571428571
83789,0.25
83790,0.194444444444444
83791,0.142857142857143
83801,0.222222222222222
83812,0.2
83818,0.222222222222222
83820,0.0833333333333333
83821,0.5
83827,0.111111111111111
83829,0
83832,0.0555555555555556
83834,0.0833333333333333
83843,0.294117647058824
83849,0.4
83869,0.305555555555556
83872,0.482758620689655
83874,0
83880,0.333333333333333
83883,0.371428571428571
83884,0.138888888888889
83886,0.25
83887,0
83891,0.111111111111111
83894,0.2
83895,0.457142857142857
83898,0
83900,0.388888888888889
83908,0.0555555555555556
83915,0.285714285714286
83920,0.166666666666667
83925,0.111111111111111
83926,0.194444444444444
83928,0.0277777777777778
83932,0.222222222222222
83937,0.111111111111111
83941,0.527777777777778
83944,0.25
83949,0.277777777777778
83950,0.194444444444444
83954,0.111111111111111
83964,0.1
83973,0.0555555555555556
83975,0.111111111111111
83976,0.194444444444444
83977,0.361111111111111
83985,0
83987,0.444444444444444
83990,0.285714285714286
83992,0.0909090909090909
83994,0.138888888888889
83996,0.25
83999,0.151515151515152
84001,0
84008,0.0833333333333333
84010,0.333333333333333
84014,0
84015,0.138888888888889
84019,0.0555555555555556
84022,0.388888888888889
84028,0.0833333333333333
84032,0.0277777777777778
84037,0.0277777777777778
84041,0.0833333333333333
84042,0.0833333333333333
84047,0
84050,0.228571428571429
84051,0.138888888888889
84055,0.444444444444444
84061,0.222222222222222
84068,0.0833333333333333
84075,0.416666666666667
84089,0.194444444444444
84091,0.0833333333333333
84092,0.111111111111111
84094,0.166666666666667
84095,0.0555555555555556
84099,0.542857142857143
84101,0.194444444444444
84106,0
84107,0.138888888888889
84108,0.277777777777778
84109,0.194444444444444
84111,0.138888888888889
84115,0.285714285714286
84118,0.194444444444444
84119,0.194444444444444
84120,0
84122,0.0555555555555556
84125,0.4
84129,0.0833333333333333
84139,0.305555555555556
84147,0.25
84151,0.0277777777777778
84165,0.194444444444444
84166,0.361111111111111
84168,0.138888888888889
84173,0.111111111111111
84174,0
84177,0.257142857142857
84178,0.222222222222222
84183,0.46875
84188,0.5
84189,0.428571428571429
84194,0.111111111111111
84197,0.0833333333333333
84201,0.333333333333333
84205,0.0833333333333333
84208,0.361111111111111
84212,0.222222222222222
84217,0.0833333333333333
84218,0.0833333333333333
84224,0.257142857142857
84226,0.305555555555556
84231,0
84232,0.366666666666667
84239,0.111111111111111
84241,0.444444444444444
84256,0.527777777777778
84260,0
84264,0.0294117647058824
84265,0.277777777777778
84271,0.472222222222222
84273,0.138888888888889
84279,0.0833333333333333
84280,0.176470588235294
84292,0
84295,0.305555555555556
84299,0.0277777777777778
84301,0.388888888888889
84302,0.0555555555555556
84309,0.138888888888889
84315,0.0555555555555556
84319,0.0833333333333333
84321,0.0833333333333333
84324,0.0833333333333333
84327,0.138888888888889
84332,0.194444444444444
84336,0.0555555555555556
84338,0.111111111111111
84353,0.138888888888889
84354,0.0833333333333333
84359,0.138888888888889
84360,0.111111111111111
84372,0.0833333333333333
84374,0.277777777777778
84375,0.111111111111111
84376,0.0555555555555556
84377,0.0277777777777778
84381,0.25
84388,0.0833333333333333
84389,0.138888888888889
84392,0.0303030303030303
84400,0.111111111111111
84403,0.0277777777777778
84418,0.0555555555555556
84423,0.257142857142857
84424,0.285714285714286
84425,0.457142857142857
84426,0
84427,0.0277777777777778
84435,0.2
84443,0.416666666666667
84447,0.194444444444444
84452,0.222222222222222
84454,0.111111111111111
84455,0.142857142857143
84463,0.277777777777778
84464,0.333333333333333
84471,0.0277777777777778
84479,0.0833333333333333
84480,0.222222222222222
84481,0.0277777777777778
84482,0.0277777777777778
84488,0
84495,0.0277777777777778
84496,0
84498,0.0277777777777778
84499,0.0555555555555556
84500,0.0833333333333333
84502,0
84503,0.428571428571429
84511,0.222222222222222
84513,0.111111111111111
84517,0.342857142857143
84530,0.333333333333333
84534,0.416666666666667
84543,0.0833333333333333
84546,0.138888888888889
84548,0.222222222222222
84551,0.0277777777777778
84555,0.0833333333333333
84556,0.111111111111111
84561,0.0277777777777778
84562,0.0833333333333333
84564,0.428571428571429
84567,0.444444444444444
84568,0.0555555555555556
84569,0.0555555555555556
84575,0.166666666666667
84582,0.25
84583,0.138888888888889
84584,0.285714285714286
84592,0.0555555555555556
84594,0.0833333333333333
84595,0.166666666666667
84597,0.0555555555555556
84602,0.194444444444444
84606,0.277777777777778
84608,0.166666666666667
84609,0.0277777777777778
84610,0.0277777777777778
84611,0.194444444444444
84614,0.171428571428571
84615,0.138888888888889
84622,0.0555555555555556
84623,0.138888888888889
84627,0.305555555555556
84629,0.277777777777778
84631,0.0555555555555556
84637,0.111111111111111
84640,0.314285714285714
84642,0.611111111111111
84644,0.111111111111111
84646,0.0555555555555556
84652,0.111111111111111
84662,0.444444444444444
84665,0.314285714285714
84668,0.0555555555555556
84676,0.466666666666667
84679,0.138888888888889
84680,0.0277777777777778
84683,0.305555555555556
84691,0.342857142857143
84694,0.0555555555555556
84695,0.514285714285714
84696,0.228571428571429
84703,0.222222222222222
84704,0.111111111111111
84706,0.0833333333333333
84710,0.4
84717,0.277777777777778
84720,0.194444444444444
84727,0.111111111111111
84732,0.257142857142857
84735,0.388888888888889
84736,0.25
84741,0.151515151515152
84742,0.25
84747,0.393939393939394
84751,0.0833333333333333
84752,0.0277777777777778
84754,0.257142857142857
84755,0.0833333333333333
84757,0.0277777777777778
84763,0.166666666666667
84770,0.0833333333333333
84785,0.142857142857143
84786,0.0555555555555556
84787,0.277777777777778
84788,0.388888888888889
84796,0.0833333333333333
84802,0.138888888888889
84804,0.111111111111111
84805,0.333333333333333
84817,0.0277777777777778
84828,0.277777777777778
84831,0
84832,0.0277777777777778
84842,0.0555555555555556
84850,0
84854,0.0277777777777778
84862,0.166666666666667
84867,0.416666666666667
84869,0.194444444444444
84885,0.194444444444444
84891,0.0277777777777778
84894,0.138888888888889
84895,0.542857142857143
84901,0.138888888888889
84902,0.194444444444444
84906,0
84910,0.138888888888889
84912,0.111111111111111
84914,0.6
84919,0.114285714285714
84921,0.0833333333333333
84923,0.305555555555556
84929,0.138888888888889
84932,0.0555555555555556
84934,0.0833333333333333
84938,0.314285714285714
84940,0.0555555555555556
84944,0.111111111111111
84949,0.388888888888889
84952,0.0833333333333333
84954,0.277777777777778
84962,0.0555555555555556
84967,0.0555555555555556
84969,0.25
84970,0.117647058823529
84978,0.0833333333333333
84979,0.361111111111111
84980,0.0555555555555556
84988,0
84992,0.0833333333333333
84995,0.194444444444444
84998,0.416666666666667
85000,0.4
85002,0.257142857142857
85003,0.222222222222222
85016,0
85022,0.0555555555555556
85033,0.46875
85034,0.166666666666667
85035,0.138888888888889
85037,0.138888888888889
85039,0.166666666666667
85041,0.194444444444444
85049,0.0833333333333333
85051,0.166666666666667
85053,0.0277777777777778
85054,0.138888888888889
85057,0.0555555555555556
85060,0.0833333333333333
85061,0.138888888888889
85062,0.0277777777777778
85064,0.305555555555556
85067,0.138888888888889
85069,0.277777777777778
85079,0.0833333333333333
85088,0.166666666666667
85093,0.222222222222222
85098,0.472222222222222
85101,0.166666666666667
85103,0.0555555555555556
85106,0.0555555555555556
85109,0.0277777777777778
85119,0.25
85120,0.111111111111111
85128,0.138888888888889
85137,0.166666666666667
85142,0.277777777777778
85149,0.527777777777778
85152,0.0857142857142857
85155,0.0555555555555556
85156,0.428571428571429
85157,0
85161,0.138888888888889
85166,0
85169,0.0277777777777778
85170,0.361111111111111
85177,0.138888888888889
85187,0.0277777777777778
85192,0.228571428571429
85197,0
85198,0.166666666666667
85203,0.166666666666667
85213,0.166666666666667
85215,0.166666666666667
85216,0.472222222222222
85219,0.333333333333333
85230,0
85232,0.111111111111111
85233,0.111111111111111
85236,0.433333333333333
85238,0.25
85239,0.277777777777778
85241,0.111111111111111
85245,0.272727272727273
85249,0.0555555555555556
85250,0.305555555555556
85253,0.0555555555555556
85257,0.416666666666667
85261,0.0833333333333333
85262,0.5
85266,0.4
85269,0.111111111111111
85270,0
85275,0.222222222222222
85278,0.222222222222222
85279,0.472222222222222
85285,0.25
85287,0.166666666666667
85288,0.222222222222222
85292,0.111111111111111
85294,0
85295,0.121212121212121
85296,0.277777777777778
85298,0.0833333333333333
85299,0.111111111111111
85304,0.166666666666667
85308,0.171428571428571
85314,0.138888888888889
85318,0.222222222222222
85320,0.25
85322,0.111111111111111
85325,0.0833333333333333
85332,0.166666666666667
85335,0.375
85345,0.111111111111111
85346,0.166666666666667
85348,0.142857142857143
85351,0.0555555555555556
85358,0.25
85360,0.0555555555555556
85363,0.285714285714286
85368,0
85370,0.527777777777778
85375,0.416666666666667
85377,0.111111111111111
85379,0.470588235294118
85380,0.444444444444444
85393,0.0833333333333333
85398,0.222222222222222
85406,0.2
85422,0.25
85423,0.361111111111111
85424,0.277777777777778
85425,0.314285714285714
85429,0.1
85441,0.0555555555555556
85442,0.0833333333333333
85444,0.294117647058824
85445,0.285714285714286
85448,0.151515151515152
85450,0.111111111111111
85451,0.0277777777777778
85454,0.0555555555555556
85456,0.0833333333333333
85457,0.111111111111111
85464,0.0571428571428571
85465,0.138888888888889
85467,0.0833333333333333
85470,0.222222222222222
85471,0.5
85472,0.138888888888889
85479,0.424242424242424
85481,0.0833333333333333
85485,0.138888888888889
85491,0.25
85493,0.4
85499,0.305555555555556
85501,0.0555555555555556
85503,0.0555555555555556
85508,0.361111111111111
85510,0.2
85516,0.0277777777777778
85517,0.416666666666667
85521,0.266666666666667
85522,0.111111111111111
85529,0.333333333333333
85530,0.277777777777778
85536,0.342857142857143
85538,0.555555555555556
85541,0.194444444444444
85543,0.257142857142857
85545,0.0277777777777778
85549,0.166666666666667
85552,0.138888888888889
85553,0.25
85555,0.361111111111111
85562,0.138888888888889
85564,0.388888888888889
85571,0.25
85576,0.166666666666667
85577,0.0277777777777778
85578,0.166666666666667
85585,0.111111111111111
85594,0.166666666666667
85597,0.111111111111111
85598,0.25
85614,0.142857142857143
85618,0.0833333333333333
85624,0.166666666666667
85625,0.111111111111111
85626,0.111111111111111
85628,0.138888888888889
85632,0.333333333333333
85635,0.0277777777777778
85636,0.0833333333333333
85641,0.138888888888889
85647,0.138888888888889
85648,0.277777777777778
85660,0.305555555555556
85662,0.111111111111111
85663,0
85664,0.0277777777777778
85668,0.361111111111111
85669,0.166666666666667
85672,0.0555555555555556
85679,0.194444444444444
85681,0.2
85683,0.138888888888889
85684,0.0555555555555556
85685,0.0277777777777778
85691,0.111111111111111
85697,0.257142857142857
85700,0.0833333333333333
85701,0.371428571428571
85711,0
85714,0.166666666666667
85715,0.111111111111111
85718,0.0555555555555556
85724,0.285714285714286
85725,0.138888888888889
85726,0.416666666666667
85728,0.542857142857143
85730,0.111111111111111
85735,0.0555555555555556
85738,0.111111111111111
85739,0.171428571428571
85740,0.111111111111111
85741,0.111111111111111
85743,0.171428571428571
85745,0.194444444444444
85746,0.0277777777777778
85748,0.138888888888889
85750,0.0857142857142857
85756,0.277777777777778
85760,0.25
85761,0
85766,0.25
85770,0
85772,0.0555555555555556
85774,0.485714285714286
85777,0.361111111111111
85782,0.194444444444444
85786,0.121212121212121
85790,0.0833333333333333
85792,0.194444444444444
85801,0.111111111111111
85803,0.166666666666667
85804,0.0277777777777778
85807,0.228571428571429
85808,0.222222222222222
85811,0.111111111111111
85813,0.194444444444444
85815,0
85816,0.0277777777777778
85828,0.0277777777777778
85830,0.305555555555556
85833,0.0555555555555556
85834,0.166666666666667
85836,0.0277777777777778
85837,0.4
85844,0.111111111111111
85851,0.0833333333333333
85852,0
85855,0.416666666666667
85861,0.0833333333333333
85862,0
85863,0.371428571428571
85867,0.277777777777778
85870,0
85872,0.138888888888889
85875,0.166666666666667
85879,0.527777777777778
85880,0.416666666666667
85885,0.0277777777777778
85887,0.222222222222222
85893,0.0277777777777778
85896,0.166666666666667
85899,0.305555555555556
85900,0.0555555555555556
85902,0.333333333333333
85904,0.388888888888889
85908,0.0606060606060606
85914,0.0277777777777778
85918,0.0277777777777778
85920,0.0833333333333333
85925,0.111111111111111
85928,0.0833333333333333
85930,0
85931,0.457142857142857
85935,0.138888888888889
85941,0.0833333333333333
85949,0.138888888888889
85952,0.387096774193548
85957,0.228571428571429
85960,0.0555555555555556
85961,0.111111111111111
85962,0.0277777777777778
85964,0.0277777777777778
85968,0.0555555555555556
85970,0.111111111111111
85973,0.111111111111111
85974,0.138888888888889
85975,0.142857142857143
85978,0.0833333333333333
85986,0.305555555555556
85990,0.0277777777777778
85996,0.0555555555555556
85997,0.25
85998,0.366666666666667
86002,0.0555555555555556
86003,0.305555555555556
86005,0.388888888888889
86010,0.0303030303030303
86013,0.305555555555556
86017,0.416666666666667
86018,0.166666666666667
86026,0.416666666666667
86028,0.166666666666667
86032,0.0277777777777778
86036,0.194444444444444
86037,0.2
86039,0.0555555555555556
86044,0.361111111111111
86047,0.472222222222222
86052,0.444444444444444
86053,0.0555555555555556
86058,0.111111111111111
86060,0.25
86062,0.138888888888889
86063,0.111111111111111
86065,0.388888888888889
86067,0.111111111111111
86069,0.305555555555556
86070,0.1
86072,0.4
86077,0.147058823529412
86083,0.194444444444444
86088,0.222222222222222
86091,0.388888888888889
86093,0.166666666666667
86097,0.472222222222222
86098,0
86102,0.4
86104,0.194444444444444
86109,0.166666666666667
86112,0.222222222222222
86118,0.138888888888889
86120,0.305555555555556
86129,0.0277777777777778
86132,0.0277777777777778
86139,0.352941176470588
86143,0.194444444444444
86149,0.0555555555555556
86151,0.333333333333333
86156,0.0277777777777778
86157,0.472222222222222
86163,0.138888888888889
86165,0.194444444444444
86168,0.25
86178,0.166666666666667
86182,0.0555555555555556
86185,0.0833333333333333
86190,0.333333333333333
86192,0.305555555555556
86194,0.333333333333333
86195,0.0833333333333333
86196,0.0277777777777778
86197,0.222222222222222
86201,0.0833333333333333
86208,0
86214,0.375
86215,0.0277777777777778
86221,0.411764705882353
86223,0.361111111111111
86225,0.111111111111111
86227,0.416666666666667
86231,0.0277777777777778
86237,0.25
86239,0.444444444444444
86241,0.1
86242,0.111111111111111
86243,0.0833333333333333
86247,0.166666666666667
86255,0.171428571428571
86258,0.333333333333333
86271,0.138888888888889
86273,0.25
86276,0.305555555555556
86277,0.428571428571429
86280,0.2
86282,0.0277777777777778
86286,0.111111111111111
86291,0.0277777777777778
86298,0.111111111111111
86300,0.0555555555555556
86312,0.0555555555555556
86315,0.555555555555556
86318,0.222222222222222
86319,0.333333333333333
86320,0.0555555555555556
86325,0.111111111111111
86326,0.181818181818182
86328,0.166666666666667
86334,0.305555555555556
86335,0.0555555555555556
86336,0.371428571428571
86338,0.0555555555555556
86339,0.454545454545455
86343,0
86347,0
86349,0
86351,0.0833333333333333
86357,0.111111111111111
86358,0.228571428571429
86360,0.264705882352941
86361,0.194444444444444
86362,0.361111111111111
86365,0.411764705882353
86366,0.0277777777777778
86368,0.111111111111111
86377,0.138888888888889
86383,0.305555555555556
86386,0.277777777777778
86400,0.138888888888889
86401,0.0555555555555556
86404,0.375
86405,0.194444444444444
86406,0.25
86416,0.527777777777778
86418,0.0833333333333333
86420,0.205882352941176
86426,0.142857142857143
86430,0.166666666666667
86432,0.5
86433,0.0833333333333333
86435,0.222222222222222
86439,0.5
86441,0.0555555555555556
86443,0.111111111111111
86445,0.0555555555555556
86446,0.0833333333333333
86450,0.235294117647059
86451,0.138888888888889
86454,0.0833333333333333
86459,0
86468,0.555555555555556
86473,0.342857142857143
86480,0.111111111111111
86494,0.138888888888889
86495,0.166666666666667
86496,0.0606060606060606
86498,0.444444444444444
86500,0.342857142857143
86505,0.0571428571428571
86512,0.138888888888889
86515,0.138888888888889
86516,0.333333333333333
86519,0.194444444444444
86521,0.0277777777777778
86522,0.428571428571429
86525,0.111111111111111
86530,0.277777777777778
86537,0.470588235294118
86542,0.222222222222222
86546,0
86548,0.388888888888889
86557,0.277777777777778
86558,0.0277777777777778
86563,0.0833333333333333
86564,0.194444444444444
86565,0.222222222222222
86573,0.111111111111111
86580,0.371428571428571
86581,0.166666666666667
86583,0.0277777777777778
86584,0.0555555555555556
86588,0.444444444444444
86591,0.0833333333333333
86597,0.194444444444444
86604,0.342857142857143
86606,0.0277777777777778
86610,0.0833333333333333
86614,0.111111111111111
86620,0.138888888888889
86624,0.0555555555555556
86627,0.0555555555555556
86628,0.194444444444444
86633,0.0833333333333333
86640,0.138888888888889
86641,0.25
86644,0.194444444444444
86650,0.111111111111111
86652,0.0555555555555556
86655,0.277777777777778
86656,0.387096774193548
86657,0.222222222222222
86661,0.277777777777778
86662,0.0833333333333333
86664,0.305555555555556
86665,0.0833333333333333
86667,0.0833333333333333
86669,0.138888888888889
86674,0.222222222222222
86675,0.0555555555555556
86685,0.257142857142857
86687,0.0555555555555556
86692,0.277777777777778
86695,0.222222222222222
86696,0.416666666666667
86699,0.0277777777777778
86703,0.333333333333333
86705,0.485714285714286
86706,0.171428571428571
86712,0.111111111111111
86713,0.138888888888889
86715,0.361111111111111
86717,0.194444444444444
86719,0.194444444444444
86730,0.25
86732,0.0555555555555556
86737,0.0833333333333333
86740,0.25
86741,0.171428571428571
86745,0.222222222222222
86746,0.0833333333333333
86748,0.142857142857143
86753,0.25
86756,0.138888888888889
86757,0.545454545454545
86759,0.0277777777777778
86772,0.366666666666667
86773,0.586206896551724
86777,0.0277777777777778
86784,0.0277777777777778
86787,0.138888888888889
86791,0.571428571428571
86794,0.0555555555555556
86806,0.0833333333333333
86809,0.0277777777777778
86812,0.0555555555555556
86814,0.194444444444444
86817,0.138888888888889
86820,0
86824,0.194444444444444
86826,0.25
86830,0.0555555555555556
86831,0.0555555555555556
86837,0.305555555555556
86848,0.411764705882353
86856,0.0277777777777778
86859,0.416666666666667
86871,0.111111111111111
86872,0.194444444444444
86875,0.171428571428571
86878,0.0277777777777778
86879,0.0833333333333333
86881,0.0277777777777778
86883,0.0277777777777778
86886,0.0833333333333333
86887,0.111111111111111
86898,0.194444444444444
86901,0.0555555555555556
86913,0.277777777777778
86916,0.545454545454545
86918,0.0555555555555556
86925,0.361111111111111
86928,0.222222222222222
86929,0.138888888888889
86931,0.222222222222222
86932,0.111111111111111
86940,0.194444444444444
86942,0.323529411764706
86949,0.0833333333333333
86950,0.194444444444444
86952,0.25
86955,0.333333333333333
86965,0.305555555555556
86966,0.388888888888889
86967,0.0833333333333333
86980,0.0277777777777778
86982,0.0555555555555556
86987,0.0277777777777778
86991,0.285714285714286
86994,0.138888888888889
86998,0.0555555555555556
86999,0.194444444444444
87000,0.222222222222222
87003,0
87008,0.138888888888889
87010,0.138888888888889
87014,0.444444444444444
87016,0.111111111111111
87021,0.583333333333333
87032,0.138888888888889
87048,0.0833333333333333
87049,0.277777777777778
87052,0.0833333333333333
87055,0.0833333333333333
87061,0.333333333333333
87064,0.424242424242424
87067,0.25
87072,0.0555555555555556
87078,0.361111111111111
87079,0.241379310344828
87081,0.138888888888889
87084,0.138888888888889
87086,0.25
87099,0.277777777777778
87109,0.111111111111111
87111,0.277777777777778
87112,0.0833333333333333
87113,0.222222222222222
87114,0.138888888888889
87115,0.342857142857143
87118,0.0277777777777778
87122,0.333333333333333
87123,0.342857142857143
87125,0.361111111111111
87127,0.361111111111111
87135,0.305555555555556
87145,0.194444444444444
87148,0.0277777777777778
87150,0.333333333333333
87155,0.166666666666667
87156,0.0833333333333333
87161,0.138888888888889
87167,0.194444444444444
87170,0.111111111111111
87175,0.111111111111111
87177,0
87178,0.0555555555555556
87186,0.0833333333333333
87193,0.166666666666667
87198,0.361111111111111
87199,0.138888888888889
87204,0.0606060606060606
87209,0.333333333333333
87210,0.441176470588235
87215,0.0833333333333333
87217,0.166666666666667
87221,0.138888888888889
87223,0.111111111111111
87228,0.222222222222222
87231,0.0277777777777778
87237,0.0277777777777778
87246,0.194444444444444
87248,0.361111111111111
87251,0.111111111111111
87256,0.111111111111111
87257,0.138888888888889
87260,0.277777777777778
87261,0.371428571428571
87263,0.111111111111111
87268,0.305555555555556
87270,0
87274,0.0555555555555556
87275,0.138888888888889
87284,0.138888888888889
87288,0.0555555555555556
87290,0.416666666666667
87294,0.277777777777778
87301,0.0833333333333333
87306,0.0277777777777778
87308,0.25
87314,0.416666666666667
87319,0.0277777777777778
87321,0.194444444444444
87322,0.0277777777777778
87325,0.0833333333333333
87329,0.0277777777777778
87335,0.194444444444444
87337,0.527777777777778
87342,0.0294117647058824
87343,0.444444444444444
87345,0.305555555555556
87347,0.285714285714286
87360,0.0833333333333333
87372,0.0277777777777778
87377,0
87387,0.342857142857143
87388,0.111111111111111
87389,0.0555555555555556
87400,0.166666666666667
87415,0.342857142857143
87416,0.166666666666667
87417,0.111111111111111
87425,0.305555555555556
87428,0.0833333333333333
87429,0.527777777777778
87433,0.111111111111111
87435,0.305555555555556
87445,0.222222222222222
87451,0.222222222222222
87454,0.0277777777777778
87461,0.277777777777778
87462,0.205882352941176
87464,0.228571428571429
87466,0.205882352941176
87475,0.142857142857143
87476,0.285714285714286
87477,0.5
87489,0.0555555555555556
87490,0.0555555555555556
87492,0.166666666666667
87494,0.0555555555555556
87496,0.361111111111111
87497,0.0833333333333333
87498,0.194444444444444
87503,0
87505,0.0555555555555556
87507,0.277777777777778
87511,0.25
87513,0
87515,0.305555555555556
87519,0.0277777777777778
87531,0.222222222222222
87533,0.657142857142857
87534,0.111111111111111
87538,0.303030303030303
87545,0.5
87554,0.111111111111111
87556,0.0833333333333333
87559,0.0882352941176471
87560,0.0555555555555556
87568,0.277777777777778
87573,0.0833333333333333
87577,0.111111111111111
87580,0
87581,0.25
87582,0.0833333333333333
87583,0.166666666666667
87585,0.138888888888889
87587,0.0555555555555556
87593,0.0857142857142857
87596,0.0555555555555556
87605,0.393939393939394
87606,0.166666666666667
87607,0.305555555555556
87608,0
87626,0.388888888888889
87627,0.305555555555556
87628,0.0833333333333333
87630,0.222222222222222
87637,0.147058823529412
87638,0.4
87641,0
87646,0.171428571428571
87652,0.111111111111111
87655,0.0555555555555556
87661,0.0277777777777778
87663,0
87673,0.285714285714286
87677,0.166666666666667
87688,0.333333333333333
87690,0.0555555555555556
87691,0.277777777777778
87693,0.0555555555555556
87696,0.514285714285714
87706,0.485714285714286
87710,0.25
87717,0.0555555555555556
87727,0.472222222222222
87734,0.342857142857143
87748,0.285714285714286
87749,0.138888888888889
87750,0.222222222222222
87756,0
87758,0.166666666666667
87761,0.222222222222222
87762,0.111111111111111
87766,0.0277777777777778
87770,0.138888888888889
87773,0.0555555555555556
87777,0.0555555555555556
87778,0.138888888888889
87781,0.361111111111111
87783,0.416666666666667
87784,0.166666666666667
87791,0
87795,0.388888888888889
87803,0.222222222222222
87806,0.0555555555555556
87809,0.138888888888889
87818,0.305555555555556
87824,0.305555555555556
87832,0.222222222222222
87839,0.222222222222222
87840,0.166666666666667
87841,0.166666666666667
87842,0.371428571428571
87843,0.138888888888889
87848,0.25
87859,0.138888888888889
87870,0.138888888888889
87871,0.228571428571429
87873,0.111111111111111
87880,0.181818181818182
87884,0.305555555555556
87890,0
87897,0.138888888888889
87898,0.0833333333333333
87903,0.111111111111111
87904,0
87910,0.333333333333333
87919,0.0833333333333333
87920,0.111111111111111
87921,0.166666666666667
87922,0.194444444444444
87923,0
87937,0
87944,0
87951,0.166666666666667
87953,0.361111111111111
87956,0.0277777777777778
87962,0.388888888888889
87975,0.333333333333333
87977,0.388888888888889
87983,0.0555555555555556
87984,0.222222222222222
87985,0.0277777777777778
87986,0.138888888888889
87987,0.2
87990,0.529411764705882
87995,0.466666666666667
87998,0.111111111111111
88001,0.0555555555555556
88002,0.0555555555555556
88003,0.142857142857143
88010,0.305555555555556
88011,0.194444444444444
88019,0.138888888888889
88020,0.194444444444444
88021,0.0277777777777778
88022,0.0277777777777778
88029,0.142857142857143
88034,0.25
88042,0.111111111111111
88046,0
88050,0.0277777777777778
88054,0.194444444444444
88069,0.0588235294117647
88094,0.222222222222222
88096,0.111111111111111
88097,0.138888888888889
88100,0.0555555555555556
88102,0.25
88103,0.166666666666667
88104,0.371428571428571
88111,0.0833333333333333
88113,0.142857142857143
88114,0.361111111111111
88119,0.0277777777777778
88125,0.138888888888889
88128,0.388888888888889
88134,0.138888888888889
88137,0.388888888888889
88144,0.277777777777778
88145,0.361111111111111
88148,0.2
88149,0.138888888888889
88151,0.166666666666667
88158,0.0833333333333333
88161,0.138888888888889
88170,0.111111111111111
88172,0.194444444444444
88173,0.25
88174,0
88175,0.21875
88188,0.111111111111111
88191,0.5
88194,0.222222222222222
88197,0.166666666666667
88198,0.285714285714286
88203,0.472222222222222
88206,0.138888888888889
88208,0.111111111111111
88217,0.0555555555555556
88218,0.0833333333333333
88229,0.333333333333333
88231,0.5
88232,0.111111111111111
88233,0.0555555555555556
88240,0.166666666666667
88241,0.166666666666667
88244,0
88253,0.25
88255,0.0277777777777778
88256,0.111111111111111
88258,0.117647058823529
88260,0.111111111111111
88264,0.194444444444444
88274,0.166666666666667
88285,0.228571428571429
88286,0.0833333333333333
88287,0.0833333333333333
88289,0.111111111111111
88298,0.555555555555556
88303,0.111111111111111
88304,0.171428571428571
88319,0.138888888888889
88320,0.388888888888889
88321,0.111111111111111
88322,0.0833333333333333
88327,0.0277777777777778
88329,0.138888888888889
88330,0.0833333333333333
88338,0.0833333333333333
88344,0.388888888888889
88346,0.25
88355,0.0555555555555556
88367,0.0833333333333333
88368,0.0833333333333333
88369,0.138888888888889
88376,0.0555555555555556
88388,0.25
88389,0.111111111111111
88393,0.138888888888889
88395,0.194444444444444
88398,0.0857142857142857
88400,0.138888888888889
88401,0.527777777777778
88404,0.527777777777778
88406,0.194444444444444
88413,0.166666666666667
88417,0.0833333333333333
88418,0.371428571428571
88421,0.257142857142857
88422,0.0833333333333333
88426,0.0555555555555556
88429,0.111111111111111
88431,0.222222222222222
88434,0.138888888888889
88436,0.5
88438,0.222222222222222
88441,0.444444444444444
88453,0.0277777777777778
88455,0.0555555555555556
88462,0.0277777777777778
88468,0.266666666666667
88479,0.222222222222222
88481,0.194444444444444
88482,0.25
88483,0.4
88487,0
88488,0
88514,0.222222222222222
88515,0.0555555555555556
88516,0.0303030303030303
88518,0
88526,0.272727272727273
88527,0.242424242424242
88538,0.0555555555555556
88544,0.472222222222222
88556,0.171428571428571
88566,0.138888888888889
88584,0.111111111111111
88588,0.194444444444444
88593,0.333333333333333
88598,0.138888888888889
88599,0.444444444444444
88600,0.0277777777777778
88606,0.25
88609,0.111111111111111
88612,0.0277777777777778
88613,0
88615,0.472222222222222
88619,0.4
88626,0.166666666666667
88628,0.0833333333333333
88629,0.111111111111111
88634,0.0833333333333333
88640,0.25
88641,0.138888888888889
88645,0.166666666666667
88647,0.111111111111111
88650,0.285714285714286
88651,0.0277777777777778
88654,0.0555555555555556
88657,0.194444444444444
88659,0.114285714285714
88660,0.166666666666667
88664,0.166666666666667
88665,0.388888888888889
88668,0.111111111111111
88676,0.305555555555556
88678,0.222222222222222
88686,0.0555555555555556
88692,0.0833333333333333
88706,0.111111111111111
88713,0.0555555555555556
88714,0.111111111111111
88719,0.0555555555555556
88722,0.444444444444444
88723,0.371428571428571
88724,0.411764705882353
88728,0.166666666666667
88729,0.305555555555556
88731,0
88733,0.0277777777777778
88738,0.277777777777778
88740,0.138888888888889
88741,0.0833333333333333
88743,0.0833333333333333
88747,0.388888888888889
88757,0.0833333333333333
88758,0.222222222222222
88759,0.0833333333333333
88761,0.0277777777777778
88764,0.138888888888889
88767,0
88769,0.0303030303030303
88770,0.0555555555555556
88780,0.222222222222222
88787,0.111111111111111
88789,0
88791,0.138888888888889
88796,0.111111111111111
88797,0.111111111111111
88804,0.2
88806,0.2
88823,0.194444444444444
88827,0.0277777777777778
88834,0.305555555555556
88836,0.222222222222222
88838,0.138888888888889
88845,0.138888888888889
88847,0.194444444444444
88848,0.0277777777777778
88851,0.388888888888889
88854,0.0555555555555556
88855,0.138888888888889
88857,0.138888888888889
88859,0.166666666666667
88862,0.114285714285714
88864,0.0833333333333333
88871,0.0555555555555556
88874,0.25
88875,0.25
88877,0.0277777777777778
88881,0.111111111111111
88883,0.0833333333333333
88885,0.111111111111111
88888,0.111111111111111
88895,0.527777777777778
88902,0.166666666666667
88908,0.0833333333333333
88916,0.416666666666667
88919,0.166666666666667
88925,0.25
88926,0.111111111111111
88927,0.277777777777778
88934,0.361111111111111
88935,0.0833333333333333
88938,0.242424242424242
88942,0.0833333333333333
88947,0.277777777777778
88952,0
88960,0.25
88961,0.111111111111111
88979,0
88982,0.0555555555555556
88984,0.138888888888889
88990,0.0277777777777778
88991,0.171428571428571
89003,0.138888888888889
89006,0.0606060606060606
89009,0.277777777777778
89013,0
89014,0.0277777777777778
89015,0.333333333333333
89020,0.5
89022,0.388888888888889
89028,0.0555555555555556
89034,0.382352941176471
89035,0.333333333333333
89051,0.264705882352941
89052,0.277777777777778
89064,0.416666666666667
89068,0.0277777777777778
89069,0.166666666666667
89070,0.0277777777777778
89073,0.0555555555555556
89077,0.0555555555555556
89079,0.138888888888889
89084,0.277777777777778
89090,0.222222222222222
89091,0.4
89093,0.361111111111111
89095,0.0555555555555556
89096,0.305555555555556
89097,0.0857142857142857
89099,0.111111111111111
89102,0.305555555555556
89103,0.222222222222222
89115,0.0277777777777778
89122,0.166666666666667
89129,0.277777777777778
89130,0.111111111111111
89131,0.138888888888889
89137,0
89144,0.277777777777778
89149,0.416666666666667
89156,0.0833333333333333
89157,0.2
89158,0.138888888888889
89161,0.305555555555556
89162,0
89168,0.222222222222222
89171,0.472222222222222
89173,0.2
89177,0.0277777777777778
89181,0.0555555555555556
89182,0
89184,0.0833333333333333
89186,0.111111111111111
89188,0.111111111111111
89201,0.0555555555555556
89203,0.222222222222222
89208,0.444444444444444
89214,0.0277777777777778
89216,0.0833333333333333
89222,0.0555555555555556
89231,0.0277777777777778
89232,0.25
89237,0.285714285714286
89248,0.138888888888889
89249,0.0555555555555556
89250,0.0833333333333333
89253,0.0555555555555556
89255,0.0277777777777778
89261,0.0277777777777778
89263,0.114285714285714
89271,0.0833333333333333
89275,0.472222222222222
89280,0.0277777777777778
89288,0.0833333333333333
89289,0.0277777777777778
89293,0.0555555555555556
89294,0.0833333333333333
89303,0.305555555555556
89308,0.0555555555555556
89310,0.0555555555555556
89313,0.0833333333333333
89316,0.111111111111111
89319,0
89320,0.0277777777777778
89321,0.305555555555556
89326,0.222222222222222
89327,0.305555555555556
89332,0.514285714285714
89338,0.294117647058824
89339,0.0833333333333333
89350,0.0555555555555556
89351,0.114285714285714
89352,0.222222222222222
89355,0.5
89367,0
89370,0.361111111111111
89371,0.558823529411765
89373,0.166666666666667
89376,0.222222222222222
89381,0.114285714285714
89382,0.0555555555555556
89383,0.416666666666667
89389,0.0833333333333333
89390,0.194444444444444
89391,0.25
89395,0.0833333333333333
89397,0.0277777777777778
89400,0.0555555555555556
89402,0.138888888888889
89403,0.305555555555556
89404,0.166666666666667
89408,0.0833333333333333
89412,0.2
89413,0.166666666666667
89419,0.277777777777778
89420,0.25
89422,0.411764705882353
89437,0.138888888888889
89439,0.194444444444444
89441,0.257142857142857
89442,0.111111111111111
89446,0.111111111111111
89455,0.138888888888889
89458,0.277777777777778
89459,0.305555555555556
89471,0.277777777777778
89472,0.361111111111111
89473,0.305555555555556
89482,0.0555555555555556
89483,0.138888888888889
89488,0.333333333333333
89490,0.222222222222222
89499,0.454545454545455
89500,0.166666666666667
89501,0.2
89504,0.0833333333333333
89514,0.0833333333333333
89518,0.416666666666667
89519,0.222222222222222
89524,0.0277777777777778
89537,0.0833333333333333
89538,0.416666666666667
89542,0.222222222222222
89543,0.194444444444444
89546,0.138888888888889
89550,0
89551,0.4
89553,0
89557,0.194444444444444
89560,0.194444444444444
89563,0.25
89565,0.277777777777778
89566,0.111111111111111
89568,0.0277777777777778
89570,0.0277777777777778
89572,0.0571428571428571
89574,0.111111111111111
89576,0.416666666666667
89581,0.138888888888889
89582,0.0857142857142857
89585,0.361111111111111
89588,0.0277777777777778
89595,0.0277777777777778
89596,0.2
89597,0.242424242424242
89599,0.305555555555556
89606,0
89608,0.1
89609,0.138888888888889
89611,0.0277777777777778
89616,0.0277777777777778
89623,0.428571428571429
89628,0.194444444444444
89629,0.0277777777777778
89632,0.166666666666667
89633,0.138888888888889
89635,0.0833333333333333
89636,0
89641,0.138888888888889
89645,0.0277777777777778
89646,0
89648,0.0555555555555556
89649,0.138888888888889
89650,0.305555555555556
89652,0.25
89655,0.0571428571428571
89657,0.0833333333333333
89662,0
89666,0.222222222222222
89669,0.0555555555555556
89671,0.171428571428571
89676,0.0277777777777778
89677,0.0833333333333333
89679,0.114285714285714
89686,0.0277777777777778
89690,0.277777777777778
89692,0.472222222222222
89694,0.0555555555555556
89698,0.111111111111111
89701,0.0277777777777778
89703,0.2
89704,0.388888888888889
89710,0.166666666666667
89713,0.166666666666667
89721,0.485714285714286
89726,0.111111111111111
89729,0.0277777777777778
89734,0.0833333333333333
89741,0.138888888888889
89751,0
89755,0.361111111111111
89756,0.305555555555556
89761,0.277777777777778
89764,0.0833333333333333
89770,0.25
89771,0.138888888888889
89780,0.166666666666667
89786,0.111111111111111
89787,0.194444444444444
89790,0.277777777777778
89793,0.0833333333333333
89797,0.0833333333333333
89800,0.444444444444444
89801,0.194444444444444
89803,0.25
89804,0.166666666666667
89807,0.25
89822,0.266666666666667
89824,0
89831,0.111111111111111
89835,0.416666666666667
89841,0.0833333333333333
89844,0.448275862068966
89845,0.222222222222222
89848,0.194444444444444
89849,0.222222222222222
89850,0.194444444444444
89853,0.583333333333333
89855,0.0555555555555556
89860,0.166666666666667
89861,0
89862,0.222222222222222
89883,0.0555555555555556
89884,0.5
89889,0.361111111111111
89894,0.138888888888889
89897,0.0277777777777778
89902,0.0833333333333333
89905,0.0277777777777778
89907,0.222222222222222
89909,0.277777777777778
89913,0.0833333333333333
89925,0.416666666666667
89942,0.166666666666667
89948,0.111111111111111
89953,0.194444444444444
89960,0.111111111111111
89964,0.0555555555555556
89965,0.3
89966,0.305555555555556
89967,0.0277777777777778
89974,0.194444444444444
89977,0.111111111111111
89978,0.472222222222222
89987,0.111111111111111
89992,0.166666666666667
89993,0.166666666666667
89997,0.0857142857142857
90000,0.222222222222222
90001,0.138888888888889
90007,0.0277777777777778
90014,0.0555555555555556
90021,0.0555555555555556
90027,0.0555555555555556
90029,0.0277777777777778
90030,0.333333333333333
90034,0.333333333333333
90035,0.222222222222222
90046,0.0555555555555556
90047,0.138888888888889
90052,0.472222222222222
90055,0.342857142857143
90057,0.0555555555555556
90060,0.0555555555555556
90065,0.4
90066,0.0555555555555556
90067,0.114285714285714
90068,0.166666666666667
90073,0.138888888888889
90075,0.305555555555556
90076,0.628571428571429
90077,0.222222222222222
90078,0.333333333333333
90079,0.228571428571429
90084,0.138888888888889
90086,0.6
90088,0.111111111111111
90092,0.194444444444444
90096,0
90098,0.0555555555555556
90106,0.166666666666667
90108,0.294117647058824
90110,0.138888888888889
90115,0.333333333333333
90117,0.333333333333333
90119,0.194444444444444
90131,0.371428571428571
90136,0.0277777777777778
90138,0.277777777777778
90139,0.514285714285714
90140,0.444444444444444
90144,0.0833333333333333
90148,0.0555555555555556
90152,0.142857142857143
90154,0.0833333333333333
90156,0.166666666666667
90158,0.305555555555556
90163,0.138888888888889
90164,0.138888888888889
90171,0.0833333333333333
90172,0.333333333333333
90175,0.0625
90179,0.0277777777777778
90181,0.0277777777777778
90187,0.0833333333333333
90188,0.0555555555555556
90191,0.277777777777778
90194,0.0833333333333333
90195,0.222222222222222
90200,0.25
90206,0.194444444444444
90210,0.0555555555555556
90212,0.0833333333333333
90214,0.0833333333333333
90223,0.470588235294118
90229,0.111111111111111
90235,0
90239,0.138888888888889
90240,0.0833333333333333
90242,0.333333333333333
90243,0.0833333333333333
90244,0.222222222222222
90247,0.0277777777777778
90248,0.114285714285714
90249,0.166666666666667
90254,0.305555555555556
90256,0.194444444444444
90257,0.138888888888889
90258,0.111111111111111
90263,0.233333333333333
90273,0.228571428571429
90278,0.138888888888889
90285,0.138888888888889
90294,0.470588235294118
90299,0
90301,0.428571428571429
90303,0.444444444444444
90304,0.166666666666667
90308,0.194444444444444
90315,0.111111111111111
90318,0.470588235294118
90320,0.138888888888889
90325,0.4
90326,0.277777777777778
90329,0.305555555555556
90330,0.0277777777777778
90332,0.454545454545455
90335,0.0555555555555556
90337,0.0588235294117647
90338,0.0833333333333333
90340,0.352941176470588
90341,0.111111111111111
90346,0
90347,0.0833333333333333
90353,0.333333333333333
90355,0.0833333333333333
90357,0.0555555555555556
90359,0.176470588235294
90362,0.0555555555555556
90363,0.388888888888889
90367,0.527777777777778
90370,0
90375,0
90381,0.411764705882353
90386,0.0277777777777778
90397,0.166666666666667
90399,0
90404,0.0555555555555556
90409,0.388888888888889
90412,0.0555555555555556
90413,0.393939393939394
90416,0.138888888888889
90417,0.342857142857143
90419,0.361111111111111
90421,0.277777777777778
90432,0
90436,0.416666666666667
90441,0.166666666666667
90444,0.257142857142857
90449,0.333333333333333
90452,0.0555555555555556
90455,0
90456,0.25
90467,0.194444444444444
90477,0.305555555555556
90480,0.5
90481,0.194444444444444
90482,0.0555555555555556
90484,0.0833333333333333
90490,0.0555555555555556
90495,0.171428571428571
90500,0.171428571428571
90506,0.138888888888889
90507,0.194444444444444
90511,0.166666666666667
90514,0.166666666666667
90517,0.472222222222222
90518,0.235294117647059
90523,0.25
90525,0.0833333333333333
90526,0.305555555555556
90534,0.0277777777777778
90535,0.111111111111111
90545,0.222222222222222
90563,0.4
90565,0.166666666666667
90571,0.285714285714286
90577,0.0833333333333333
90582,0.0277777777777778
90590,0.166666666666667
90594,0.0833333333333333
90598,0.0555555555555556
90612,0.4
90613,0
90617,0.166666666666667
90626,0.0277777777777778
90630,0.138888888888889
90632,0.3
90638,0.0833333333333333
90645,0.0555555555555556
90650,0.0555555555555556
90652,0.428571428571429
90653,0.228571428571429
90655,0.194444444444444
90661,0.0833333333333333
90663,0.25
90665,0.138888888888889
90666,0.0555555555555556
90671,0.194444444444444
90673,0.264705882352941
90674,0
90675,0.111111111111111
90676,0.314285714285714
90677,0.0909090909090909
90679,0.305555555555556
90680,0.138888888888889
90687,0
90689,0.25
90690,0.194444444444444
90691,0.138888888888889
90694,0.305555555555556
90698,0.111111111111111
90701,0.342857142857143
90707,0.314285714285714
90711,0.314285714285714
90719,0.222222222222222
90724,0.0277777777777778
90732,0.194444444444444
90739,0.138888888888889
90748,0.138888888888889
90752,0.388888888888889
90760,0.138888888888889
90764,0.111111111111111
90772,0.333333333333333
90775,0.111111111111111
90793,0.0555555555555556
90797,0.194444444444444
90802,0.138888888888889
90811,0.222222222222222
90814,0.485714285714286
90817,0.194444444444444
90819,0.0555555555555556
90824,0.138888888888889
90825,0.0833333333333333
90829,0.111111111111111
90831,0.361111111111111
90835,0.4
90841,0
90843,0.228571428571429
90847,0.166666666666667
90849,0
90850,0.388888888888889
90859,0.472222222222222
90861,0.0277777777777778
90863,0.0277777777777778
90872,0.0277777777777778
90878,0.388888888888889
90882,0.0555555555555556
90890,0.222222222222222
90892,0.416666666666667
90894,0.25
90896,0.0833333333333333
90900,0.171428571428571
90908,0.25
90922,0.361111111111111
90923,0.0833333333333333
90927,0.0833333333333333
90929,0.361111111111111
90930,0.138888888888889
90934,0.0555555555555556
90938,0.222222222222222
90941,0.194444444444444
90942,0.285714285714286
90944,0.0833333333333333
90949,0.333333333333333
90954,0.0555555555555556
90955,0.142857142857143
90958,0.0277777777777778
90961,0.111111111111111
90967,0.305555555555556
90971,0.138888888888889
90973,0.444444444444444
90975,0.138888888888889
90976,0.333333333333333
90977,0.222222222222222
90981,0.176470588235294
90982,0.333333333333333
90986,0.205882352941176
90992,0.138888888888889
90993,0.111111111111111
90995,0.166666666666667
90999,0.0833333333333333
91001,0.441176470588235
91002,0.138888888888889
91004,0.222222222222222
91010,0.0833333333333333
91011,0.0555555555555556
91018,0.303030303030303
91020,0.2
91027,0.166666666666667
91028,0.257142857142857
91034,0.0277777777777778
91037,0.0285714285714286
91038,0
91040,0.0555555555555556
91046,0.0833333333333333
91049,0.472222222222222
91050,0.194444444444444
91052,0.138888888888889
91062,0.305555555555556
91063,0.166666666666667
91064,0.0555555555555556
91065,0.111111111111111
91069,0.0277777777777778
91075,0.305555555555556
91076,0.111111111111111
91077,0.457142857142857
91087,0.228571428571429
91094,0.583333333333333
91099,0.138888888888889
91100,0.0277777777777778
91102,0.166666666666667
91109,0.0833333333333333
91114,0.114285714285714
91123,0.485714285714286
91127,0.194444444444444
91128,0.0833333333333333
91130,0.433333333333333
91135,0.0277777777777778
91137,0.111111111111111
91146,0.0833333333333333
91153,0.25
91166,0.138888888888889
91167,0
91171,0.205882352941176
91172,0.111111111111111
91175,0.166666666666667
91177,0.0833333333333333
91180,0.361111111111111
91184,0.138888888888889
91187,0.222222222222222
91194,0.0277777777777778
91196,0.138888888888889
91197,0.111111111111111
91213,0.0833333333333333
91217,0.0833333333333333
91220,0.194444444444444
91223,0.222222222222222
91226,0
91239,0.371428571428571
91247,0.0555555555555556
91258,0.111111111111111
91267,0.0555555555555556
91272,0.2
91280,0.472222222222222
91282,0
91293,0.194444444444444
91295,0.333333333333333
91302,0.0555555555555556
91303,0.257142857142857
91309,0.285714285714286
91310,0.0833333333333333
91316,0.194444444444444
91321,0.25
91329,0.194444444444444
91339,0.0555555555555556
91341,0.0277777777777778
91343,0.457142857142857
91347,0.305555555555556
91353,0.0833333333333333
91354,0.138888888888889
91355,0.0833333333333333
91356,0.441176470588235
91365,0.361111111111111
91368,0.138888888888889
91371,0.277777777777778
91373,0.166666666666667
91377,0.5
91389,0.0833333333333333
91391,0.194444444444444
91399,0.138888888888889
91406,0.194444444444444
91408,0.470588235294118
91414,0.0555555555555556
91416,0.444444444444444
91420,0.277777777777778
91432,0.305555555555556
91433,0.411764705882353
91440,0.194444444444444
91447,0.166666666666667
91449,0.285714285714286
91450,0.277777777777778
91454,0.0833333333333333
91461,0.194444444444444
91468,0.0833333333333333
91469,0.257142857142857
91471,0.166666666666667
91474,0.0833333333333333
91476,0.5
91481,0.257142857142857
91482,0.0555555555555556
91489,0.342857142857143
91490,0.2
91492,0.0555555555555556
91493,0.228571428571429
91495,0.138888888888889
91503,0.361111111111111
91507,0.111111111111111
91508,0.5
91512,0.0833333333333333
91513,0.0833333333333333
91516,0.388888888888889
91533,0.166666666666667
91537,0
91538,0.111111111111111
91542,0.111111111111111
91544,0.111111111111111
91547,0.0277777777777778
91550,0.4
91551,0.305555555555556
91557,0.0833333333333333
91558,0.222222222222222
91561,0
91564,0.0833333333333333
91568,0.342857142857143
91569,0.0277777777777778
91572,0.2
91578,0.166666666666667
91579,0.0555555555555556
91584,0.25
91586,0.194444444444444
91589,0.25
91599,0.111111111111111
91600,0.138888888888889
91606,0.0555555555555556
91609,0.114285714285714
91611,0.0833333333333333
91618,0.277777777777778
91621,0
91631,0.25
91632,0.485714285714286
91634,0.166666666666667
91635,0.0277777777777778
91637,0
91639,0.1
91641,0.194444444444444
91643,0.0277777777777778
91646,0.111111111111111
91647,0.111111111111111
91652,0.0833333333333333
91653,0.0857142857142857
91654,0.361111111111111
91659,0.0555555555555556
91665,0.416666666666667
91667,0.0555555555555556
91673,0.194444444444444
91674,0.0555555555555556
91679,0.142857142857143
91681,0.388888888888889
91683,0.0555555555555556
91684,0.0277777777777778
91685,0.151515151515152
91696,0.571428571428571
91697,0.194444444444444
91702,0.138888888888889
91704,0.0277777777777778
91713,0.25
91715,0.242424242424242
91717,0.194444444444444
91718,0.0277777777777778
91725,0.0277777777777778
91726,0.111111111111111
91727,0.305555555555556
91728,0.0833333333333333
91730,0.194444444444444
91732,0.0555555555555556
91733,0.228571428571429
91737,0.342857142857143
91739,0.111111111111111
91743,0
91744,0.0882352941176471
91747,0.171428571428571
91748,0.142857142857143
91752,0.0555555555555556
91756,0.0277777777777778
91758,0.111111111111111
91759,0.0555555555555556
91760,0.25
91776,0.25
91783,0.2
91784,0.194444444444444
91787,0.0833333333333333
91792,0.277777777777778
91799,0.4
91801,0.138888888888889
91806,0.305555555555556
91814,0.0277777777777778
91817,0.138888888888889
91820,0.166666666666667
91824,0
91825,0.138888888888889
91837,0.0833333333333333
91841,0.277777777777778
91846,0.138888888888889
91850,0
91853,0.527777777777778
91856,0.0277777777777778
91859,0.0277777777777778
91865,0.0277777777777778
91868,0.0833333333333333
91871,0.111111111111111
91875,0.166666666666667
91880,0.0277777777777778
91884,0.138888888888889
91886,0.457142857142857
91889,0
91890,0.2
91897,0.0833333333333333
91898,0.166666666666667
91903,0.111111111111111
91907,0.111111111111111
91911,0.0555555555555556
91915,0.228571428571429
91924,0
91931,0.138888888888889
91932,0.333333333333333
91935,0.222222222222222
91949,0.34375
91950,0.277777777777778
91954,0.314285714285714
91956,0.0555555555555556
91960,0.25
91962,0.228571428571429
91970,0.111111111111111
91972,0.333333333333333
91991,0.138888888888889
91992,0.111111111111111
91995,0.166666666666667
92002,0.0555555555555556
92019,0.138888888888889
92020,0.111111111111111
92021,0.111111111111111
92024,0.138888888888889
92027,0.111111111111111
92030,0.382352941176471
92048,0.333333333333333
92049,0.194444444444444
92050,0.0277777777777778
92052,0.138888888888889
92055,0.264705882352941
92058,0.166666666666667
92059,0.194444444444444
92060,0.4
92066,0.2
92070,0.0555555555555556
92076,0.444444444444444
92085,0.111111111111111
92088,0.138888888888889
92089,0.25
92090,0.333333333333333
92094,0.25
92097,0.25
92098,0.25
92101,0.485714285714286
92103,0.222222222222222
92105,0.25
92106,0
92109,0
92110,0.0555555555555556
92111,0.194444444444444
92116,0.228571428571429
92119,0.194444444444444
92121,0.111111111111111
92126,0.333333333333333
92130,0.166666666666667
92131,0.166666666666667
92135,0.0277777777777778
92136,0.25
92138,0.444444444444444
92139,0.0277777777777778
92141,0.2
92143,0.111111111111111
92146,0.222222222222222
92151,0.527777777777778
92156,0.0555555555555556
92157,0.388888888888889
92158,0.305555555555556
92160,0
92167,0
92168,0.0882352941176471
92170,0.166666666666667
92185,0.285714285714286
92188,0.361111111111111
92202,0.138888888888889
92204,0.0555555555555556
92217,0.138888888888889
92218,0.138888888888889
92221,0.333333333333333
92229,0.314285714285714
92235,0.472222222222222
92238,0.257142857142857
92240,0.371428571428571
92242,0.194444444444444
92243,0.382352941176471
92247,0.0833333333333333
92251,0.0277777777777778
92252,0.222222222222222
92253,0.0833333333333333
92255,0.166666666666667
92256,0
92259,0.2
92260,0.222222222222222
92262,0.333333333333333
92269,0.3125
92271,0.111111111111111
92274,0.0277777777777778
92276,0.222222222222222
92283,0.277777777777778
92286,0.111111111111111
92295,0.138888888888889
92298,0.361111111111111
92299,0.138888888888889
92309,0.166666666666667
92312,0.264705882352941
92316,0
92323,0.305555555555556
92331,0.0277777777777778
92335,0.342857142857143
92337,0.0833333333333333
92340,0.0555555555555556
92351,0.222222222222222
92356,0.166666666666667
92357,0.388888888888889
92359,0.0833333333333333
92368,0.0555555555555556
92370,0.611111111111111
92373,0.111111111111111
92376,0.138888888888889
92386,0.166666666666667
92389,0.5
92394,0.25
92403,0.111111111111111
92407,0.138888888888889
92409,0.342857142857143
92410,0.111111111111111
92415,0.457142857142857
92424,0.0833333333333333
92426,0.194444444444444
92429,0.222222222222222
92432,0.138888888888889
92435,0.194444444444444
92436,0.111111111111111
92437,0.0833333333333333
92440,0.0555555555555556
92448,0.0555555555555556
92450,0.0555555555555556
92454,0.361111111111111
92459,0.0555555555555556
92462,0.388888888888889
92465,0.0833333333333333
92472,0.0555555555555556
92482,0.416666666666667
92487,0.0833333333333333
92491,0.111111111111111
92494,0.138888888888889
92495,0
92499,0.0833333333333333
92500,0.166666666666667
92507,0.138888888888889
92513,0.323529411764706
92515,0.194444444444444
92522,0.352941176470588
92524,0.0555555555555556
92527,0.0833333333333333
92529,0.0833333333333333
92530,0.0555555555555556
92531,0.222222222222222
92532,0.166666666666667
92533,0
92535,0.166666666666667
92539,0.0833333333333333
92540,0
92544,0.0277777777777778
92546,0.361111111111111
92548,0.0833333333333333
92553,0
92554,0.0833333333333333
92557,0.0555555555555556
92561,0.222222222222222
92562,0.0555555555555556
92567,0
92568,0.0277777777777778
92574,0.114285714285714
92579,0.222222222222222
92587,0.0555555555555556
92588,0.5
92593,0.0833333333333333
92595,0.5
92598,0.257142857142857
92602,0.428571428571429
92603,0.0833333333333333
92609,0.111111111111111
92617,0.294117647058824
92622,0.388888888888889
92623,0.138888888888889
92628,0.1
92631,0.138888888888889
92636,0.5
92641,0.0555555555555556
92645,0
92647,0.305555555555556
92648,0.166666666666667
92649,0.114285714285714
92659,0
92662,0.0833333333333333
92664,0.111111111111111
92667,0.0277777777777778
92686,0.555555555555556
92690,0.0833333333333333
92694,0.0303030303030303
92696,0.25
92703,0.222222222222222
92709,0.0555555555555556
92714,0.138888888888889
92716,0.0303030303030303
92720,0.0555555555555556
92726,0
92728,0.305555555555556
92731,0.0555555555555556
92743,0.277777777777778
92744,0.138888888888889
92746,0.361111111111111
92750,0.138888888888889
92751,0.151515151515152
92752,0.277777777777778
92758,0.333333333333333
92775,0.0555555555555556
92779,0.0833333333333333
92782,0.166666666666667
92789,0.416666666666667
92792,0.545454545454545
92797,0.0555555555555556
92805,0.0606060606060606
92814,0.333333333333333
92817,0.222222222222222
92821,0.277777777777778
92824,0.0833333333333333
92828,0.111111111111111
92831,0.166666666666667
92832,0.194444444444444
92839,0.138888888888889
92849,0.0833333333333333
92850,0.0277777777777778
92851,0.333333333333333
92854,0
92859,0.194444444444444
92872,0.5
92876,0.0555555555555556
92878,0.194444444444444
92881,0.333333333333333
92883,0.0833333333333333
92884,0.277777777777778
92887,0.151515151515152
92893,0.0555555555555556
92895,0.0833333333333333
92896,0.166666666666667
92897,0.0833333333333333
92899,0.166666666666667
92900,0.111111111111111
92901,0.111111111111111
92903,0.0833333333333333
92907,0.0833333333333333
92908,0.257142857142857
92911,0.111111111111111
92914,0.0277777777777778
92918,0.0555555555555556
92920,0.257142857142857
92921,0.138888888888889
92929,0.0555555555555556
92936,0.166666666666667
92939,0.222222222222222
92946,0.2
92950,0.0555555555555556
92952,0.111111111111111
92953,0.228571428571429
92954,0.305555555555556
92959,0.0833333333333333
92961,0.111111111111111
92967,0.138888888888889
92969,0.111111111111111
92971,0.0277777777777778
92974,0.25
92978,0.361111111111111
92981,0.138888888888889
92984,0.111111111111111
92988,0.333333333333333
92989,0.361111111111111
92990,0.285714285714286
92993,0.111111111111111
92995,0.25
93000,0.166666666666667
93001,0.472222222222222
93003,0.194444444444444
93004,0.0277777777777778
93005,0.277777777777778
93008,0.0555555555555556
93010,0.342857142857143
93011,0.25
93013,0.194444444444444
93015,0.111111111111111
93016,0
93017,0
93028,0.555555555555556
93036,0.111111111111111
93043,0.194444444444444
93049,0.0555555555555556
93051,0.25
93052,0.133333333333333
93053,0.0285714285714286
93055,0.277777777777778
93068,0.416666666666667
93069,0.194444444444444
93070,0.0277777777777778
93072,0.0555555555555556
93077,0.0277777777777778
93081,0.257142857142857
93085,0.0277777777777778
93094,0.0285714285714286
93099,0.388888888888889
93100,0.166666666666667
93107,0.277777777777778
93109,0.388888888888889
93111,0.0277777777777778
93113,0.0555555555555556
93122,0.0833333333333333
93124,0.25
93130,0.2
93131,0.0833333333333333
93139,0.111111111111111
93143,0.0555555555555556
93145,0.222222222222222
93146,0.25
93153,0.0833333333333333
93154,0.222222222222222
93157,0.0277777777777778
93168,0.305555555555556
93173,0.25
93175,0.457142857142857
93191,0.0606060606060606
93196,0.0277777777777778
93200,0.0277777777777778
93202,0.111111111111111
93203,0.1
93208,0.25
93209,0
93210,0.222222222222222
93212,0.305555555555556
93217,0.166666666666667
93220,0.305555555555556
93232,0.222222222222222
93235,0.0277777777777778
93238,0.444444444444444
93245,0.0833333333333333
93251,0.277777777777778
93258,0.545454545454545
93260,0.0833333333333333
93265,0.0833333333333333
93268,0.285714285714286
93270,0.194444444444444
93272,0.0555555555555556
93273,0.0277777777777778
93276,0.138888888888889
93281,0.111111111111111
93283,0.285714285714286
93285,0.388888888888889
93286,0.111111111111111
93290,0.527777777777778
93304,0.542857142857143
93308,0.305555555555556
93310,0.428571428571429
93311,0.25
93312,0.0555555555555556
93318,0.515151515151515
93326,0.0277777777777778
93327,0.138888888888889
93334,0.0277777777777778
93337,0.361111111111111
93340,0.0833333333333333
93348,0.166666666666667
93353,0.4
93354,0.0833333333333333
93355,0.277777777777778
93360,0.25
93364,0.0555555555555556
93366,0.333333333333333
93371,0.166666666666667
93374,0.0833333333333333
93386,0.0555555555555556
93390,0
93391,0.138888888888889
93395,0.444444444444444
93399,0.305555555555556
93405,0.371428571428571
93407,0.138888888888889
93410,0.138888888888889
93413,0.0277777777777778
93417,0.5
93421,0.527777777777778
93431,0.277777777777778
93433,0.4
93435,0
93436,0.5
93437,0.138888888888889
93438,0
93442,0.222222222222222
93443,0.5
93454,0.166666666666667
93455,0.416666666666667
93456,0.0833333333333333
93461,0.166666666666667
93463,0.0833333333333333
93469,0.0277777777777778
93476,0.194444444444444
93485,0.194444444444444
93490,0.166666666666667
93495,0.0833333333333333
93496,0.0555555555555556
93498,0.257142857142857
93502,0.0555555555555556
93503,0.305555555555556
93508,0
93512,0
93514,0.0833333333333333
93520,0.0555555555555556
93522,0.111111111111111
93529,0.305555555555556
93531,0
93532,0.0277777777777778
93533,0.222222222222222
93536,0.138888888888889
93539,0.171428571428571
93540,0.121212121212121
93549,0.5
93554,0.0277777777777778
93555,0.0833333333333333
93557,0.0277777777777778
93558,0.333333333333333
93560,0.305555555555556
93563,0.257142857142857
93565,0.0833333333333333
93567,0.277777777777778
93572,0.194444444444444
93573,0.25
93576,0.111111111111111
93578,0.0555555555555556
93581,0.0277777777777778
93589,0
93593,0.0555555555555556
93596,0.111111111111111
93598,0.0277777777777778
93607,0.0555555555555556
93608,0.166666666666667
93609,0.222222222222222
93611,0.382352941176471
93614,0.457142857142857
93617,0.138888888888889
93622,0.257142857142857
93626,0.166666666666667
93631,0.527777777777778
93633,0.0833333333333333
93636,0.303030303030303
93643,0.111111111111111
93644,0.142857142857143
93645,0.28125
93652,0.305555555555556
93656,0.171428571428571
93659,0.0555555555555556
93668,0.636363636363636
93672,0.303030303030303
93679,0.305555555555556
93685,0.166666666666667
93689,0.222222222222222
93695,0.25
93697,0.4
